"kode","kelurahan_kode","rw","rt","meliputi_jalan","meliputi_lorong","rt_latitude","rt_longitude"
"7371011001001001","7371011001","001","001","JL.DAHLIA","LORONG 312","-5.162425","119.403620"
"7371011001001002","7371011001","001","002","JL.METRO TJ.BUNGA",,"-5.159547","119.401714"
"7371011001002001","7371011001","002","001","JL.DAHLIA","LORONG 312","-5.162956","119.405030"
"7371011001002002","7371011001","002","002","JL.DAHLIA","LORONG 312","-5.163459","119.404862"
"7371011001002003","7371011001","002","003","JL.DAHLIA","LORONG 312","-5.163484","119.403868"
"7371011001002004","7371011001","002","004","JL.DAHLIA","LORONG 312","-5.163745","119.405145"
"7371011001003001","7371011001","003","001","JL.ANGGREK I",,"-5.163670","119.407574"
"7371011001003002","7371011001","003","002","JL.ANGGREK II & JL.ANGGREK III",,"-5.163410","119.406756"
"7371011001003003","7371011001","003","003","JL.NURI","LORONG 312","-5.164573","119.406206"
"7371011001003004","7371011001","003","004","JL.DAHLIA","LORONG 4","-5.164525","119.405782"
"7371011001003005","7371011001","003","005","JL.ANGGREK",,"-5.164107","119.406969"
"7371011001004001","7371011001","004","001","JL.NURI BARU","LORONG 312","-5.165251","119.407380"
"7371011001004002","7371011001","004","002",,,".","."
"7371011001004003","7371011001","004","003","JL.NURI","LORONG 312","-5.166198","119.406992"
"7371011001004004","7371011001","004","004","JL.NURI","LORONG 312","-5.165491","119.406717"
"7371011001005001","7371011001","005","001","JL.NURI BARU","LORONG 314","-5.166170","119.407229"
"7371011001005002","7371011001","005","002","JL.NURI BARU","LORONG 315","-5.166515","119.406964"
"7371011001005003","7371011001","005","003","JL.NURI BARU",,"-5.167272","119.407182"
"7371011002001001","7371011002","001","001","JL.DAHLIA 1","LORONG 312","-5.161608","119.405819"
"7371011002001002","7371011002","001","002","JL.DAHLIA","LORONG 312","-5.161882","119.404870"
"7371011002002001","7371011002","002","001","JL.DAHLIA & JL.FLAMBOYAN","LORONG 309","-5.161319","119.407080"
"7371011002002002","7371011002","002","002","JL.FLAMBOYAN",,"-5.160538","119.406196"
"7371011002002003","7371011002","002","003","JL DAHLIA & JL.FLAMBOYAN","LORONG 312","-5.160280","119.405712"
"7371011002002004","7371011002","002","004","JL.FLAMBOYAN",,"-5.160422","119.405299"
"7371011002003001","7371011002","003","001","JL.KS.TUBUN & JL.HATI GEMBIRA & JL.HATI RIANG & JL.SEHATI",,"-5.162865","119.411185"
"7371011002003002","7371011002","003","002","JL.PATTIMURA & JL.KS.TUBUN",,"-5.163292","119.411014"
"7371011002003003","7371011002","003","003","JL.KS.TUBUN & JL.PATTIMURA & JL.HATI SENANG & JL.HATI MURNI",,"-5.163817","119.410959"
"7371011002003004","7371011002","003","004","JL.HATI SUCI & JL.CENDRAWASIH",,"-5.164108","119.412193"
"7371011002003005","7371011002","003","005","JL.HATI MULIA & JL.NURI & JL.HATI MURNI",,"-5.162698","119.409303"
"7371011002004001","7371011002","004","001","JL.NURI & JL.MATAHARI & JL.ANGGREK & JL.KENANGA",,"-5.162452","119.408305"
"7371011002004002","7371011002","004","002","JL.DAHLIA & JL.MAWAR & JL.ANGGREK & JL.KENANGA",,"-5.161796","-51.161796"
"7371011002004003","7371011002","004","003","JL.MAWAR & JL.MATAHARI & JL.CULANG & JL.TERATAI",,"-5.162544","119.407690"
"7371011002004004","7371011002","004","004","JL.MELATI & JL.MAWAR",,"-5.161827","119.408003"
"7371011003001001","7371011003","001","001","JL.MERPATI & JL.MERPATI II & JL.CENDRAWASIH & JL.H.BAU",,"-5.149235","119.413383"
"7371011003001002","7371011003","001","002","JL.MERPATI & JL.MERPATI II & JL.A.MAPPANYUKKI & JL.H.BAU",,"-5.149296","119.414001"
"7371121001007004","7371121001","007","004",,,".","."
"7371011003001003","7371011003","001","003","JL.MERPATI & JL.DR.RATULANGI & JL.A.MAPPANYUKKI & JL.H.BAU",,"-5.148923","119.414999"
"7371011003001004","7371011003","001","004","JL.MERPATI & JL.DR.RATULANGI & JL.A.MAPPANYUKKI",,"-5.150653","119.415034"
"7371011003001005","7371011003","001","005","JL.MERPATI & JL.CENDRAWASIH & JL.A.MAPPANYUKKI",,"-5.150343","119.413751"
"7371011003002001","7371011003","002","001",,,".","."
"7371011003002002","7371011003","002","002","JL.GARUDA BUNTU",,"-5.149942","119.411626"
"7371011003002003","7371011003","002","003","JL.GARUDA BUNTU",,"-5.150129","119.411513"
"7371011003002004","7371011003","002","004","JL.CENDRAWASIH & JL.GARUDA BUNTU","LORONG 31","-5.149651","119.412487"
"7371011003002005","7371011003","002","005","JL.LAMADDUKELLENG BUNTU","LORONG 31","-5.149323","119.411486"
"7371011003002006","7371011003","002","006","JL.GARUDA BUNTU","LORONG 31","-5.149623","119.411492"
"7371011003002007","7371011003","002","007","JL.GARUDA & JL.GARUDA BUNTU & JL.CENDRAWASIH",,"-5.150680","119.412820"
"7371011003002008","7371011003","002","008","JL.CENDRAWASIH & JL.H.BAU","LORONG 31","-5.149104","119.412083"
"7371011003003001","7371011003","003","001","JL.H.BAU & JL.LAMADDUKELLENG BUNTU","LORONG 31","-5.149034","119.410324"
"7371011003003002","7371011003","003","002","JL.GARUDA BUNTU & JL.LAMADDUKELLENG BUNTU","LORONG 31","-5.149773","119.411149"
"7371011003003003","7371011003","003","003","JL.GARUDA BUNTU & JL.LAMADDUKELLENG BUNTU",,"-5.149746","119.410843"
"7371011003003004","7371011003","003","004",,,".","."
"7371011003003005","7371011003","003","005","JL.RAJAWALI & JL.LAMADDUKELLENG BUNTU",,"-5.149305","119.410506"
"7371011003003006","7371011003","003","006",,,".","."
"7371011003003007","7371011003","003","007",,,".","."
"7371011003003008","7371011003","003","008","JL.RAJAWALI",,"-5.149500","119.409385"
"7371011003003009","7371011003","003","009",,,".","."
"7371011003003010","7371011003","003","010","JL.RAJAWALI & JL.GARUDA",,"-5.150925","119.410764"
"7371011003003011","7371011003","003","011","JL.RAJAWALI & JL.GARUDA BUNTU",,"-5.150032","119.411167"
"7371011003004001","7371011003","004","001","JL.CENDRAWASIH & JL.KASUARI",,"-5.151618","119.413620"
"7371011003004002","7371011003","004","002","JL.CENDRAWASIH & JL.KASUARI",,"-5.151820","119.414009"
"7371011003004003","7371011003","004","003","JL.A.MAPPANYUKKI & JL.KASUARI",,"-5.151642","119.414431"
"7371011003004004","7371011003","004","004","JL.A.MAPPANYUKKI",,"-5.150941","119.414222"
"7371011003004005","7371011003","004","005","JL.KUTILANG & JL.KASUARI",,"-5.151691","119.415387"
"7371011003004006","7371011003","004","006","JL.KUTILANG & JL.RATULANGI & JL.KASUARI",,"-5.152986","119.415464"
"7371011003004007","7371011003","004","007","JL.KUTILANG & JL.A.MAPPANYUKKI & JL.KASUARI",,"-5.153132","119.414641"
"7371011003004008","7371011003","004","008","JL.CENDRAWASIH & JL.KASUARI",,"-5.153042","119.413628"
"7371011004001001","7371011004","001","001","JL.RAJAWALI I","LORONG 11 A & LORONG 11","-5.156714","119.409696"
"7371011004001002","7371011004","001","002",,"LORONG 11 A & LORONG 11","-5.156927","119.409567"
"7371011004001003","7371011004","001","003","JL.RAJAWALI","LORONG 11 A","-5.156426","119.408875"
"7371011004001004","7371011004","001","004",,"LORONG 10 D & LORONG 10","-5.157043","119.409111"
"7371011004001005","7371011004","001","005","JL.RAJAWALI","LORONG 10 & LORONG 10 D","-5.156784","119.408070"
"7371011004001006","7371011004","001","006","JL.RAJAWALI I","LORONG 13 B","-5.156185","119.407964"
"7371011004001007","7371011004","001","007","JL.RAJAWALI I","LORONG 10 D","-5.156382","119.406089"
"7371011004001008","7371011004","001","008","JL.RAJAWALI & JL.RAJAWALI I",,"-5.155763","119.406800"
"7371011004002001","7371011004","002","001","JL.RAJAWALI I & JL.RAJAWALI II",,"-5.157599","119.410261"
"7371011004002002","7371011004","002","002","JL.RAJAWALI I & JL.RAJAWALI II",,"-5.156922","119.410209"
"7371111001006004","7371111001","006","004","JL FETRAN",,"-5.126123","119.532157"
"7371011004002003","7371011004","002","003","JL.RAJAWALI II",,"-5.157443","119.410596"
"7371011004003001","7371011004","003","001","JL.CENDRAWASIH V & JL.BELIBIS",,"-5.158441","119.413239"
"7371011004003002","7371011004","003","002","JL.CENDRAWASIH V & JL.BELIBIS",,"-5.158658","119.411248"
"7371011004003003","7371011004","003","003","JL.RAJAWALI II",,"-5.158074","119.410783"
"7371011004003004","7371011004","003","004","JL.CENDRAWASIH V","LORONG 1","-5.158151","119.411593"
"7371011004004001","7371011004","004","001","JL.CENDRAWASIH IV",,"-5.157470","119.411023"
"7371011004004002","7371011004","004","002","JL.CENDRAWASIH IV","LORONG 1","-5.157680","119.411764"
"7371011004004003","7371011004","004","003","JL.CENDRAWASIH IV & JL.CENDRAWASIH V","LORONG 1","-5.157790","119.412156"
"7371011004004004","7371011004","004","004","JL.CENDRAWASIH IV",,"-5.157905","119.413237"
"7371011004004005","7371011004","004","005","JL.CENDRAWASIH V",,"-5.158276","119.413421"
"7371011004005001","7371011004","005","001","JL.RAJAWALI I","LORONG 10 D & LORONG 9","-5.157744","119.409754"
"7371011004005002","7371011004","005","002","JL.RAJAWALI I","LORONG 10 D & LORONG 9","-5.157848","119.409070"
"7371011004005003","7371011004","005","003","JL.RAJAWALI I","LORONG 10 D & LORONG 9","-5.157667","119.408389"
"7371011004005004","7371011004","005","004","JL.RAJAWALI I","LORONG 10 D & LORONG 9 & LORONG 10 C","-5.157431","119.407973"
"7371011004005005","7371011004","005","005","JL.RAJAWALI I","LORONG 10 D","-5.156851","119.407382"
"7371011004005006","7371011004","005","006","JL.RAJAWALI I & JL.NURI","LORONG 10 D & LORONG 300","-5.157242","119.407185"
"7371011004005007","7371011004","005","007","JL.RAJAWALI I & JL.AMPERA RAYA","LORONG 10 D & LORONG 300","-5.156431","119.405986"
"7371011004005008","7371011004","005","008","JL.RAJAWALI I & JL.NURI","LORONG 10 D & LORONG 300","-5.156768","119.405764"
"7371011005001001","7371011005","001","001","JL.CENDRAWASIH & JL.CENDRAWASIH II",,"-5.155116","119.413371"
"7371011005001002","7371011005","001","002","JL.CENDRAWASIH II & JL.ANGSA I & JL.CENDRAWASIH III",,"-5.155848","119.412734"
"7371011005001003","7371011005","001","003","JL.CENDRAWASIH & JL.CENDRAWASIH II & JL.CENDRAWASIH III",,"-5.155673","119.413306"
"7371011005001004","7371011005","001","004","JL.CENDRAWASIH",,"-5.154529","119.412748"
"7371011005002001","7371011005","002","001","JL.ANGSA & JL.CENDRAWASIH II & JL.CENDRAWASIH III",,"-5.155415","119.412056"
"7371011005002002","7371011005","002","002","JL.ENGGANG I & JL.ENGGANG II & JL.CENDRAWASIH III & JL.BALAM","LORONG 2","-5.155922","119.411479"
"7371011005002003","7371011005","002","003",,,".","."
"7371011005002004","7371011005","002","004","JL.RAJAWALI & JL.RAJAWALI I",,"-5.154735","119.411423"
"7371011005003001","7371011005","003","001","JL.CENDRAWASIH III & JL.BALAM II & JL.ANGSA & JL.GELATIK & JL.ENGGANG SELATAN","GG.UNGGAS","-5.156640","119.411917"
"7371011005003002","7371011005","003","002","JL.BALAM I & JL.GELATIK & JL.ENGGANG SELATAN","GG.UNGGAS","-5.157108","119.411751"
"7371011005004001","7371011005","004","001","JL.ANGSA & JL.CENRAWASIH III & JL.CENDRAWASIH IV & JL.TEKUKUR & JL.TEKUKUR I",,"-5.156971","119.412814"
"7371011005004002","7371011005","004","002","JL.CENDRAWASIH & JL.CENRAWASIH III & JL.CENDRAWASIH IV & JL.TEKUKUR",,"-5.157094","119.413393"
"7371011005005001","7371011005","005","001","JL.RAJAWALI & JL.RAJAWALI I",,"-5.155740","119.410378"
"7371011005005002","7371011005","005","002","JL.RAJAWALI & JL.RAJAWALI III","LORONG 13 A & LORONG 13 B & LORONG 13","-5.155750","119.409527"
"7371011005005003","7371011005","005","003","JL.RAJAWALI","LORONG 13 A & LORONG 13","-5.155332","119.409499"
"7371011005005004","7371011005","005","004","JL.RAJAWALI",,"-5.154898","119.409902"
"7371011005005005","7371011005","005","005","JL.RAJAWALI","LORONG 13 A","-5.155328","119.408667"
"7371011005005006","7371011005","005","006","JL.RAJAWALI I","LORONG 13 B & LORONG 13 A","-5.155755","119.408469"
"7371111003008002","7371111003","008","002","JL DG RAMANG",,"-5.096615","119.515069"
"7371011005006001","7371011005","006","001","JL.RAJAWALI & JL.GARUDA","LORONG 9","-5.152339","119.411305"
"7371011005006002","7371011005","006","002","JL.RAJAWALI & JL.GARUDA","GG. 2","-5.153597","119.411978"
"7371011005006003","7371011005","006","003","JL.GARUDA","GG. 2","-5.151816","119.412379"
"7371011005006004","7371011005","006","004","JL.RAJAWALI & JL.CENRAWASIH",,"-5.154585","119.412141"
"7371011005006005","7371011005","006","005","JL.GARUDA & JL.CENRAWASIH",,"-5.152115","119.412955"
"7371011005007001","7371011005","007","001","JL.RAJAWALI I","LORONG 9 & LORONG 3","-5.153265","119.410108"
"7371011005007002","7371011005","007","002","JL.RAJAWALI III & JL.AMPERA RAYA","LORONG 3","-5.152124","119.408757"
"7371011005007003","7371011005","007","003","JL.RAJAWALI III & JL.AMPERA RAYA","LORONG 1","-5.151809","119.409966"
"7371011005007004","7371011005","007","004","JL.AMPERA RAYA","LORONG 4 & LORONG 5","-5.153443","119.407878"
"7371011005008001","7371011005","008","001","JL.RAJAWALI I","LORONG 13 A","-5.155009","119.409012"
"7371011005008002","7371011005","008","002","JL.RAJAWALI & JL.AMPERA RAYA & JL.AGUNG",,"-5.154411","119.408144"
"7371011005008003","7371011005","008","003","JL.RAJAWALI & JL.AMPERA RAYA","LORONG 6","-5.154094","119.407718"
"7371011005008004","7371011005","008","004","JL.AGUNG & JL.AMPERA RAYA & JL.RAJAWALI I","LORONG 13 & LORONG 300","-5.154390","119.406775"
"7371011005008005","7371011005","008","005","JL.RAJAWALI I & JL.AMPERA RAYA","LORONG 13 B","-5.154775","119.407085"
"7371011005008006","7371011005","008","006","JL.RAJAWALI 1 & JL.AMPERA RAYA","LORONG 13 B","-5.155302","119.407192"
"7371011006001001","7371011006","001","001","JL.NURI & JL.NURI LAMA","LORONG 302 & LORONG 301","-5.159363","119.409599"
"7371011006001002","7371011006","001","002","JL.NURI & JL.NUSA INDAH & JL.NURI LAMA","LORONG 302","-5.159607","119.409155"
"7371011006001003","7371011006","001","003","JL.NURI & JL.NURI LAMA & JL.NUSA INDAH 1","LORONG 302 & LORONG 303","-5.159146","119.408324"
"7371011006001004","7371011006","001","004","JL.NURI & JL.NUSA INDAH 1","LORONG 302 & LORONG 303","-5.158802","119.407489"
"7371011006001005","7371011006","001","005","JL.NURI LAMA","LORONG 302 & LORONG 301","-5.158520","119.407749"
"7371011006002001","7371011006","002","001","JL.GAGAK","LORONG 7","-5.160102","119.412310"
"7371011006002002","7371011006","002","002","JL.CENDRAWASIH","LORONG 7 & LORONG 7 A","-5.160065","119.412909"
"7371011006002003","7371011006","002","003","JL.CENDRAWASIH","LORONG 7","-5.160564","119.413024"
"7371011006002004","7371011006","002","004","JL.CENDRAWASIH & JL.KAKATUA & JL.PANJONGA DG. NGALLE",,"-5.160959","119.412994"
"7371011006002005","7371011006","002","005","JL.KAKATUA & JL.PANJONGA DG. NGALLE",,"-5.160705","119.412044"
"7371011006003001","7371011006","003","001","JL.NURI & JL.MERAK & JL.GAGAK",,"-5.159112","119.410305"
"7371011006003002","7371011006","003","002","JL.GAGAK",,"-5.158695","119.410499"
"7371011006003003","7371011006","003","003","JL.NURI","LORONG 300 & LORONG 299","-5.158425","119.409541"
"7371011006003004","7371011006","003","004","JL.NURI","LORONG 300","-5.158376","119.408944"
"7371011006004001","7371011006","004","001","JL.BELIBIS & JL.CENDRAWASIH","LORONG 7 B","-5.158973","119.413332"
"7371011006004002","7371011006","004","002","JL.CENDRAWASIH","LORONG 7 A & LORONG 7 B","-5.159626","119.413208"
"7371011006004003","7371011006","004","003",,"LORONG 7 & LORONG 7 A","-5.159538","119.412777"
"7371011006004004","7371011006","004","004","JL.BELIBIS","LORONG 7 & LORONG 7 B","-5.159091","119.412835"
"7371011006004005","7371011006","004","005","JL.BELIBIS","LORONG 7","-5.159243","119.412443"
"7371011006004006","7371011006","004","006","JL.GAGAK","LORONG 7 & LORONG SEMINARI","-5.159381","119.411563"
"7371011006005001","7371011006","005","001","JL.NURI",,"-5.160275","119.409822"
"7371011006005002","7371011006","005","002",,"LORONG 4","-5.160545","119.410392"
"7371011006005003","7371011006","005","003","JL.NURI & JL.MERAK",,"-5.159958","119.410128"
"7371011006005004","7371011006","005","004","JL.GAGAK & JL.MERAK","LORONG 4","-5.160077","119.410860"
"7371011006006001","7371011006","006","001","JL.NURI","LORONG 300 & LORONG 301","-5.158590","119.408474"
"7371011008004001","7371011008","004","001","JL.FLAMBOYAN & JL.FLAMBOYAN BARAT & JL.SEROJA",,"-5.159996","119.406638"
"7371011006006002","7371011006","006","002","JL.NURI","LORONG 300","-5.157931","119.406837"
"7371011006006004","7371011006","006","004","JL.NURI","LORONG 300","-5.157338","119.406076"
"7371011006006005","7371011006","006","005","JL.NURI","LORONG 300","-5.156617","119.405256"
"7371011006006006","7371011006","006","006","JL.NURI","LORONG 300","-5.156678","119.405439"
"7371011006006007","7371011006","006","007","JL.NURI","LORONG 300","-5.155819","119.404544"
"7371011006007001","7371011006","007","001","JL.NURI","LORONG 300","-5.158208","119.408542"
"7371011006007002","7371011006","007","002","JL.NURI","LORONG 300","-5.158056","119.408138"
"7371011006007003","7371011006","007","003","JL.NURI","LORONG 300","-5.157848","119.407783"
"7371011006007004","7371011006","007","004","JL.NURI","LORONG 300","-5.157467","119.407132"
"7371011006007005","7371011006","007","005","JL.NURI","LORONG 300","-5.157074","119.406191"
"7371011007001001","7371011007","001","001","JL.A.MAPPANYUKKI","LORONG 14","-5.155053","119.414554"
"7371011007001002","7371011007","001","002","JL.CENDRAWASIH",,"-5.154667","119.414042"
"7371011007001003","7371011007","001","003","JL.A.MAPPANYUKKI",,"-5.156163","119.414497"
"7371011007001004","7371011007","001","004","JL.CENDRAWASIH",,"-5.156481","119.413909"
"7371011007002001","7371011007","002","001","JL.CENDRAWASIH",,"-5.158408","119.415240"
"7371011007002002","7371011007","002","002","JL.CENDRAWASIH & JL.BANGAU & JL.PAJONGA DG. NGALLE & JL.DR.RATULANGI",,"-5.161055","119.415259"
"7371011007003001","7371011007","003","001","JL.DR.RATULANGI","LORONG 5 A","-5.155301","119.415910"
"7371011007003002","7371011007","003","002","JL.A.MAPPANYUKKI","LORONG 5 A","-5.155221","119.415341"
"7371011007003003","7371011007","003","003","JL.DR.RATULANGI & JL.A.MAPPANYUKKI",,"-5.154224","119.415834"
"7371011007004001","7371011007","004","001","JL.BAJI DAKKA I & JL.BAJI DAKKA",,"-5.177893","119.411018"
"7371011007004002","7371011007","004","002","JL.BAJI DAKKA II & JL.BAJI DAKKA",,"-5.178593","119.411127"
"7371011007004003","7371011007","004","003","JL.BAJI DAKKA III & JL.BAJI DAKKA",,"-5.178630","119.411348"
"7371011007005001","7371011007","005","001","JL.DR.RATULANGI","LORONG 5 A","-5.156427","119.416254"
"7371011007005002","7371011007","005","002",,,".","."
"7371011007005003","7371011007","005","003","JL.DR.RATULANGI & JL.A.MAPPANYUKKI",,"-5.157129","119.415415"
"7371011008001001","7371011008","001","001","JL.KAKATUA & JL.CENDRAWASIH",,"-5.161551","119.412506"
"7371011008001002","7371011008","001","002","JL.CENDRAWASIH & JL.HATI MULIA & JL.KS.TUBUN",,"-5.162427","119.412281"
"7371011008001003","7371011008","001","003","JL.KS.TUBUN & JL.GAGAK","LORONG 4","-5.161091","119.410554"
"7371011008001004","7371011008","001","004","JL.KS.TUBUN & JL.HATI MULIA",,"-5.161888","119.410415"
"7371011008001005","7371011008","001","005","JL.NURI & JL.HATI MULIA",,"-5.161209","119.409588"
"7371011008002001","7371011008","002","001","JL.NURI & JL.MATAHARI & JL.HATI MULIA",,"-5.160910","119.409100"
"7371011008002002","7371011008","002","002","JL.MATAHARUI & JL.NUSA INDAH & JL.KAMBOJA & JL.DAHLIA",,"-5.160248","119.408526"
"7371011008002003","7371011008","002","003","JL.MATAHARI & JL.SERUNI & JL.DAHLIA & JL.KENANGA",,"-5.160894","119.408145"
"7371111003008003","7371111003","008","003","JL DG RAMANG",,"-5.094912","119.515960"
"7371011008003001","7371011008","003","001","JL.DAHLIA & JL.FLAMBOYAN & JL.SEROJA",,"-5.160351","119.407596"
"7371011008003002","7371011008","003","002","JL.DAHLIA & JL.NUSA INDAH 1 & JL.SEROJA",,"-5.159908","119.408012"
"7371011008003003","7371011008","003","003","JL.SEROJA",,"-5.159651","119.407540"
"7371011008003004","7371011008","003","004","JL.NUSA INDAH 1","STAPAK 1 LORONG 306","-5.159474","119.407481"
"7371011008004002","7371011008","004","002","JL.SEROJA & JL.NUSA INDAH",,"-5.159374","119.406944"
"7371011008004003","7371011008","004","003","JL.NUSA INDAH 1",,"-5.158928","119.406947"
"7371011008004004","7371011008","004","004","JL.FLAMBOYAN BARAT & JL.METRO TJ.BUNGA",,"-5.158021","119.405404"
"7371011008004005","7371011008","004","005","JL.FLAMBOYAN BARAT & JL.FLAMBOYAN",,"-5.159606","119.405559"
"7371011009001001","7371011009","001","001","JL BAJI MINASA & JL. KS. TUBUN",,"-5.165116","119.410639"
"7371011009001002","7371011009","001","002","JL.BAJI MINASA 2 DALAM & JL.CENDRAWASIH & JL.BAJI ATI","LORONG 02","-5.165793","119.411176"
"7371011009001003","7371011009","001","003","JL.HATI MURNI & JL.SKARDA","LORONG 02","-5.164946","119.410528"
"7371011009001004","7371011009","001","004","JL.CENDRAWASIH & JL.HATI MURNI","LORONG 02","-5.164807","119.412098"
"7371011009002001","7371011009","002","001","JL.BAJI MINASA & JL.NURI & JL.NURI BARU",,"-5.164250","119.408207"
"7371011009002002","7371011009","002","002","JL.HATI RELA & JL.DAENG NGADDE",,"-5.164455","119.409332"
"7371011009002003","7371011009","002","003","JL.HATI MURNI","LORONG 01","-5.164252","119.409964"
"7371011009002004","7371011009","002","004","JL.HATI MURNI","LORONG 02","-5.164756","119.410068"
"7371011009002005","7371011009","002","005","JL.BAJI MINASA","LORONG 311","-5.165408","119.410012"
"7371011009003001","7371011009","003","001","JL.BAJI MINASA 1 & JL.BAJI MINASA 2",,"-5.165824","119.408624"
"7371011009003002","7371011009","003","002","JL.BAJI MINASA 2",,"-5.167087","119.407954"
"7371011009003003","7371011009","003","003","JL.BAJI MINASA 2 & JL.NURI BARU",,"-5.165852","119.407687"
"7371011009004001","7371011009","004","001","JL.NURI BARU",,"-5.168488","119.406772"
"7371011009004002","7371011009","004","002","JL.BAJI MINASA 2","LORONG TORIOLO","-5.167756","119.407511"
"7371011009004003","7371011009","004","003","JL.BAJI MINASA 2 & JL.BAJI MINASA DALAM",,"-5.168093","119.408267"
"7371011009004004","7371011009","004","004","JL.BAJI MINASA 2 & JL.BAJI MINASA DALAM",,"-5.169437","119.407711"
"7371011009005001","7371011009","005","001","JL.BAJI MINASA DALAM & JL.TJ.RAYA VI",,"-5.170019","119.407105"
"7371011009005002","7371011009","005","002","JL.BAJI MINASA 2 & JL.BAJI MINASA 2 DALAM",,"-5.170179","119.407384"
"7371011009005003","7371011009","005","003","JL.TANJUNG RAYA V","LORONG 2","-5.170809","119.407400"
"7371021001001001","7371021001","001","001","JL. CENDRAWASIH","LORONG 16","-5.179639","119.409377"
"7371021001001002","7371021001","001","002","JL. CENDRAWASIH",,"-5.176742","119.409063"
"7371021001001003","7371021001","001","003","JL. CENDRAWASIH NO.430","LORONG 12","-5.175904","119.409056"
"7371021001001004","7371021001","001","004","JL. TANJUNG BIRA",,"-5.174896","119.407935"
"7371021001001005","7371021001","001","005","JL. CENDRAWASIH",,"-5.178355","119.409414"
"7371021001002001","7371021001","002","001","JL. TANJUNG BUNGA & JL. TANJUNG BIRA",,"-5.174672","119.408145"
"7371021001002002","7371021001","002","002","JL. TANJUNG BUNGA",,"-5.175133","119.408886"
"7371021001002003","7371021001","002","003","JL. CENDRAWASIH N0.474A",,"-5.174839","119.409397"
"7371021001002004","7371021001","002","004","JL. TANJUNG ALANG",,"-5.173878","119.408546"
"7371021001003001","7371021001","003","001","JL. BAJI PASSARE & JL. TANJUNG ALANG",,"-5.173342","119.409183"
"7371021001003002","7371021001","003","002","JL. TANJUNG BUNGA NO.51 & 59",,"-5.173183","119.407573"
"7371021001003003","7371021001","003","003",,,".","."
"7371021001003004","7371021001","003","004","JL. TANJUNG ALANG 1 NO.12 & JL. TANJUNG BUNGA",,"-5.172392","119.407369"
"7371021001003005","7371021001","003","005","JL. TANJUNG ALANG NO. 1",,"-5.172964","119.407974"
"7371111009008003","7371111009","008","003",,"BLOK AC","-5.107630","119.516112"
"7371021001004001","7371021001","004","001","JL. BAJI PASSARE",,"-5.172521","119.409133"
"7371021001004002","7371021001","004","002","JL. BAJI PANGASSENG",,"-5.172347","119.409800"
"7371021001004003","7371021001","004","003","JL. BAJI PASSARE N0.5",,"-5.172304","119.408706"
"7371021001004004","7371021001","004","004","JL. TANJUNG RAYA V",,"-5.171070","119.407753"
"7371021001005001","7371021001","005","001","JL. TANJUNG RAYA & JL. TANJUNG RAYA IV & JL. TANJUNG RAYA 3",,"-5.171301","119.407424"
"7371021001005002","7371021001","005","002","JL. TANJUNG RAYA & JL. TJ. RAYA 2 & JL. TJ. RAYA 3",,"-5.171657","119.047410"
"7371021001005003","7371021001","005","003","JL. TJ. RAYA 2 & JL. TJ. PALETTE",,"-5.171800","119.406845"
"7371021001005004","7371021001","005","004","JL. TJ. RAYA 1 & JL. TJ. PALETTE",,"-5.172280","119.407200"
"7371021001006001","7371021001","006","001","JL. TJ.BIRA & JL. TANJUNG BUNGA",,"-5.173829","119.407568"
"7371021001006002","7371021001","006","002","JL. TANJUNG ALANG & JL. TJ.ALANG II & JL.TJ.DANGKAI & JL. TJ. BIRA",,"-5.173828","119.407218"
"7371021001006003","7371021001","006","003","JL. TJ.BATIKALA & JL. TJ.LEREH",,"-5.173527","119.406400"
"7371021001006004","7371021001","006","004","JL. TJ. PALETTE & JL. TANJUNG BUNGA",,"-5.172834","119.406668"
"7371021001007001","7371021001","007","001","JL. TANJUNG ALANG NO.121 & JL. TANJUNG DAPURA",,"-5.173286","119.465218"
"7371021001007002","7371021001","007","002",,,".","."
"7371021001007003","7371021001","007","003","JL. TJ. PALETTE & JL. TANJUNG DAPIURA",,"-5.173017","119.405379"
"7371021001007004","7371021001","007","004","JL. TJ.PITANG & JL.TG PATTIRO & JL.TJ.PALETTE",,"-5.172593","119.405582"
"7371021001007005","7371021001","007","005","JL.TJ. BIRA & JL.TG.RANGAS",,"-5.172282","119.406080"
"7371021001008001","7371021001","008","001","JL.TANJUNG ALANG NO.20 & JL.TANJUNG ALANG",,"-5.171410","119.403552"
"7371021001008002","7371021001","008","002","JL.TANJUNG ALANG NO.90B & JL.TANJUNG ALANG",,"-5.172943","119.404373"
"7371021001008OO3","7371021001","008","OO3","JL. TANJUNG ALANG",,"-5.171877","119.404198"
"7371021001008004","7371021001","008","004",,,".","."
"7371021001008005","7371021001","008","005","JL. TANJUNG DAPURA & JL. TJ. PALETTE",,"-5.172029","119.404589"
"7371021001008006","7371021001","008","006","JL.TJ.PITANG & JL.TJ.PATTIRO",,"-5.171932","119.405204"
"7371021001009001","7371021001","009","001","JL. TANJUNG ALANG",,"-5.170404","119.404361"
"7371021001009002","7371021001","009","002","JL. TANJUNG DAPURA & JL. TANJUNG ALANG",,"-5.170511","119.404858"
"7371021001009003","7371021001","009","003","JL. TANJUNG DAPURA & JL. TJ.PALETTE",,"-5.170664","119.405214"
"7371021001009004","7371021001","009","004","JL. TJ. PALETTE & JL. TJ. BATUANGE",,"-5.171256","119.905110"
"7371021001009005","7371021001","009","005","JL. TJ.BIRA & JL. TJ. PATTIRO & JL.TJ.BATUANGE",,"-5.171581","119.405431"
"7371021001009006","7371021001","009","006","JL. TJ.BIRA & JL.TH.RANGAS",,"-5.170885","119.405825"
"7371021001009007","7371021001","009","007","JL. TANJUNG RAYA IV",,"-5.170412","119.406037"
"7371021001009008","7371021001","009","008","JL. TANJUNG RAYA VI",,"-5.169906","119.406806"
"7371021002001001","7371021002","001","001","JL.RATULANGI & JL.DR.RATULANGI 1 & JL.DR.RARULANGI 7","LORONG 1","-5.164145","119.417311"
"7371021002001002","7371021002","001","002","JL.DR RATULANGI & JL.KAKATUA 2","LORONG 1","-5.164067","119.416645"
"7371021002001003","7371021002","001","003","JL.DR.RATULANGI","LORONG 1 & LORONG 7","-5.163955","119.417776"
"7371021002001004","7371021002","001","004","JL.DR.RATULANGI","LORONG 7B & LORONG 7A","-5.163595","119.417358"
"7371021002001005","7371021002","001","005","JL.DR.RATULANGI LR.BUNTU","LORONG 7 & LORONG 7B","-5.163348","119.417611"
"7371021002001006","7371021002","001","006","JL.KAKATUA 2","LORONG 7B","-5.163430","119.416915"
"7371021002001007","7371021002","001","007","JL.DR.RATULANGI","LORONG 7 & LORONG 6","-5.162962","119.417350"
"7371021002001008","7371021002","001","008","JL.DR.RATULANGI",,"-5.162123","119.417541"
"7371021002002001","7371021002","002","001","JL.DR.RATULANGI","LORONG 2","-5.164392","119.418212"
"7371021002002002","7371021002","002","002","JL.RATULANGI","LORONG 1","-5.164776","119.418251"
"7371021002002003","7371021002","002","003","JL.DR.RATULANGI 1",,"-5.165222","119.418302"
"7371021002002004","7371021002","002","004","JL.BUNGAYA I & JL.DR.RATULANGI 1",,"-5.164992","119.417532"
"7371021002002005","7371021002","002","005","JL.BUNGAYA I & JL.DR.RATULANGI 1",,"-5.165348","119.417658"
"7371021002002006","7371021002","002","006","JL.RATULANGI & JL.DR.RATULANGI 1",,"-5.165333","119.416891"
"7371021002002007","7371021002","002","007","JL.DR.RATULANGI 1",,"-5.164805","119.416962"
"7371021002003001","7371021002","003","001","JL.DR.RATULANGI & JL.BHAYANGKARA & JL.ANDI MAPPAODANG",,"-5.166430","119.419185"
"7371021002003002","7371021002","003","002","JL.BUNGAYA I & JL.BUNGAYA II & JL.ANDI MAPPAODANG",,"-5.166226","119.418051"
"7371021002003003","7371021002","003","003","JL,BUNGAYA II & JL.ANDI MAPPAODANG",,"-5.166369","119.417872"
"7371021002003004","7371021002","003","004","JL.BUNGAYA I",,"-5.165529","119.418304"
"7371021002003005","7371021002","003","005","JL.BUMGAYA I & JL.ANDI MAPPAODANG","LORONG KB","-5.165972","119.418108"
"7371021002003006","7371021002","003","006","JL.LETJEN POL MAPPAOUDANG & JL. BUNGAYA I & JL. BUNGAYA II",,"-5.165850","119.417413"
"7371021002003007","7371021002","003","007","JALAN MAPPAODANG 2 & JL.ANDI MAPPAODANG & JL. BUNGAYA II",,"-5.166189","119.417340"
"7371021002003008","7371021002","003","008","JL.DR.RATULANGI 1 & JL.ANDI MAPPAODANG",,"-5.166021","119.416803"
"7371021002004001","7371021002","004","001","JL.KAKATUA 2 & JL.CENDRAWASIH","LORONG 3 & LORONG 4 & LORONG 7B","-5.164120","119.415954"
"7371021002004002","7371021002","004","002","JL.KAKATUA 2","LORONG 4","-5.164539","119.415502"
"7371021002004003","7371021002","004","003","JL.KAKATUA II & JL.KAKATUA III","LORONG 4","-5.164592","119.414992"
"7371021002004004","7371021002","004","004","JL.KAKATUA III LR.BUNTU",,"-5.163919","119.415158"
"7371021002004005","7371021002","004","005","JL.KAKATUA 2",,"-5.165009","119.416519"
"7371021002004006","7371021002","004","006","JL.RATULANGI & JL.KAKATUA 2","LORONG 3","-5.164650","119.941258"
"7371021002004007","7371021002","004","007","JL.KAKATUA 2","LORONG 3","-5.165850","119.416292"
"7371021003001001","7371021003","001","001","JL.MAWAS III & JL.MAWAS V & JL.KANCIL 3",,"-5.155172","119.417867"
"7371021003001002","7371021003","001","002","JL.MAWAS RAYA & JL.MAWAS I & JL.MAWAS II",,"-5.154606","119.417042"
"7371021003001003","7371021003","001","003","JL.MAWAS II & JL.MAWAS III & JL.MAWAS IV",,"-5.154631","119.417580"
"7371021003001004","7371021003","001","004","JL.MAWAS V & JL.MAWAS TIMUR & JL.KANCI TIMUR",,"-5.155316","119.418679"
"7371021003001005","7371021003","001","005","JL.MAWAS TIMUR & JL MAWAS V",,"-5.154637","119.418867"
"7371021003001006","7371021003","001","006","JL.DR.RATULANGI & JL.MAWAS RAYA",,"-5.152494","119.417735"
"7371021003002001","7371021003","002","001","JL.ONTA LAMA",,"-5.155376","119.946623"
"7371021003002002","7371021003","002","002","JL.KANCIL 3 & JL.ONTA LAMA",,"-5.155663","119.417312"
"7371021003002003","7371021003","002","003","JL.KANCIL 3 & JL.MAWAS V & JL.ONTA BARU",,"-5.155592","119.418120"
"7371021003002004","7371021003","002","004","JL.ONTA BARU & JL.ONTA LAMA",,"-5.156091","119.417956"
"7371021003002005","7371021003","002","005","JL.ONTA BARU & JL.KANCIL 3",,"-5.155592","119.420080"
"7371021003003001","7371021003","003","001","JL.TUPAI & JL.ONTA LAMA",,"-5.157038","119.420655"
"7371021003003002","7371021003","003","002","JL.BERUANG & JL.ONTA BARU",,"-5.156206","119.420404"
"7371021003003003","7371021003","003","003","JL.ONTA V & JL.ONTA BARU & JL.ONTA LAMA & JL.BERUANG",,"-5.156944","119.419520"
"7371021003003004","7371021003","003","004","JL.BADAK & JL.ONTA BARU & JL.ONTA V",,"-5.156349","119.419233"
"7371021003003005","7371021003","003","005","JL.ONTA BARU & JL.BADAK",,"-5.156259","119.418640"
"7371031003003002","7371031003","003","002",,"LORONG 41 & LORONG 42","-5.143015","119.426062"
"7371021004001001","7371021004","001","001","JL.SERIGALA & JL.TUPAI & JL.KELINCI","LORONG 2 & LORONG 3","-5.164568","119.419756"
"7371021004001002","7371021004","001","002","JL.TUPAI & JL.SERIGALA","LORONG 4","-5.163003","119.420125"
"7371021004001003","7371021004","001","003","JL.SERIGALA",,"-5.163873","119.420493"
"7371021004001004","7371021004","001","004","JL.VETERAN SELATAN",,"-5.164211","119.420661"
"7371021004002001","7371021004","002","001","JL.TUPAI & JL.SERIGALA & JL.LANDAK LAMA","LORONG 3 & LORONG 5","-5.161962","119.420419"
"7371021004002002","7371021004","002","002","JL.MACAN & ….. & JL.TUPAI & JL.SERIGALA","LORONG 3","-5.160896","119.420597"
"7371021004002003","7371021004","002","003","JL.ANDI MANGERANGI & JL.SERIGALA & JL.VETERAN SELATAN","LORONG 6","-5.162097","119.421150"
"7371021004002004","7371021004","002","004","JL.SERIGALA & JL.MACAN & JL.VETERAN SELATAN","LORONG 6","-5.161404","119.421398"
"7371021004002005","7371021004","002","005","JL.VETERAN SELATAN & JL.LANDAK BARU","LORONG 1","-5.162562","119.422196"
"7371021004002006","7371021004","002","006","JL.VETERAN SELATAN",,"-5.161498","119.422500"
"7371021004003001","7371021004","003","001","JL.MACAN & JL.SERIGALA","LORONG 8 & LORONG 9","-5.160433","119.421167"
"7371021004003002","7371021004","003","002","JL.VETERAN SELATAN & JL.SERIGALA","LORONG 8 & LORONG 9 & LORONG 10 & LORONG 11","-5.160122","119.421494"
"7371021004003003","7371021004","003","003","JL.VETERAN SELATAN & JL.SERIGALA","LORONG 10 & LORONG 11 & LORONG 12 & LORONG 13","-5.159834","119.421596"
"7371021004003004","7371021004","003","004","JL.SINGA & JL.SERIGALA","LORONG 12 & LORONG 13","-5.159497","119.422004"
"7371021004003005","7371021004","003","005","JL.VETERAN SELATAN & JL.INSPEKSI KANAL",,"-5.159815","119.423047"
"7371021005001001","7371021005","001","001","JL.LANTO DG.PASEWANG & JL.AMIRULLAH",,"-5.153689","119.420518"
"7371021005001002","7371021005","001","002","JL.AMIRULLAH & JL.AMIRULLAH BUNDAR","LORONG 3 & LORONG 4","-5.154173","119.419595"
"7371021005001003","7371021005","001","003","JL.AMIRULLAH","LORONG 2 & LORONG","-5.153185","119.419287"
"7371021005002001","7371021005","002","001","JL.ANUANG & JL.LANTO DG.PASEWANG",,"-5.152732","119.422039"
"7371021005002002","7371021005","002","002","JL.ONTA BARU",,"-5.154865","119.421497"
"7371021005002003","7371021005","002","003","JL.ANUANG",,"-5.155816","119.421870"
"7371021005002004","7371021005","002","004","JL.ANUANG",,"-5.155890","119.422412"
"7371021005003001","7371021005","003","001","JL.HARIMAU & JL.ANUANG",,"-5.152185","119.423718"
"7371021005003002","7371021005","003","002","JL.ANUANG & JL.HARIMAU","LORONG 5","-5.153205","119.423503"
"7371021005003003","7371021005","003","003","JL.HARIMAU & JLANUANG","LORONG 5","-5.155026","119.423062"
"7371021005003004","7371021005","003","004","JL.ANUANG & JL.HARIMAU & JL.ONTA BARU",,"-5.156132","119.422953"
"7371021005004001","7371021005","004","001","JL.HARIMAU & JL.VETERAN SELATAN",,"-5.152378","119.424235"
"7371021005004002","7371021005","004","002","JL.VETERAN SELATAN & JL.HARIMAU","LORONG 4","-5.153461","119.423958"
"7371021005004003","7371021005","004","003","JL.VETERAN SELATAN & JL.HARIMAU","LORONG 4 & LORONG 5","-5.153958","119.423659"
"7371021005004004","7371021005","004","004","JL.HARIMAU & JL.VETERAN SELATAN","LORONG 8","-5.155760","119.423419"
"7371021005004005","7371021005","004","005","JL.HARIMAU & JL.VETERAN SELATAN & JL.ONTA BARU",,"-5.155898","119.423317"
"7371021005005001","7371021005","005","001","JL.INSPEKSI KANAL & JL.VETERAN SELATAN",,"-5.155264","119.425452"
"7371021005005002","7371021005","005","002","JL.INSPEKSI KANAL & JL.VETERAN SELATAN",,"-5.156041","119.424147"
"7371021005005003","7371021005","005","003","JL.VETERAN SELATAN","LORONG 71","-5.154222","119.425153"
"7371021005005004","7371021005","005","004","JL.INSPEKSI KANAL & JL.RAPPOCINI RAYA & JLVETERAN SELATAN",,"-5.152775","119.425271"
"7371021006001001","7371021006","001","001","JL.ANDI DJEMMA & JL.INSPEKSI KANAL & JL.VETERAN SELATAN",,"-5.163322","119.421773"
"7371021006001002","7371021006","001","002","JL.VETERAN SELATAN & JL.INSPEKSI KANAL",,"-5.163824","119.421760"
"7371111005007003","7371111005","007","003","JL. GOA RIA",,"-5.081149","119.525981"
"7371021006001003","7371021006","001","003","JL.GRAND CITY RESORT & JL.VETERAN SELATAN & JL.LANDAK BARU INSP. KANAL SELATAN",,"-5.165089","119.421603"
"7371021006001004","7371021006","001","004","JL.INSPEKSI KANAL",,"-5.164235","119.422420"
"7371021006002001","7371021006","002","001","JL.VETERAN SELATAN","LORONG 3","-5.165980","119.421698"
"7371021006002002","7371021006","002","002","JL.BANTA BANTAENG & JL.VETERAN SELATAN","LORONG 1 & LORONG 2 & LORONG 3","-5.166213","119.420976"
"7371021006002003","7371021006","002","003","JL.VETERAN SELATAN","LORONG 1 & SETAPAK 2","-5.166836","119.421137"
"7371021006002004","7371021006","002","004","JL.TODDOPULI VI & JL.TODDUPULI RAYA","SETAPAK 1 & LORONG 2","-5.166965","119.420642"
"7371021006002005","7371021006","002","005","JL.VETERAN SELATAN","LORONG 1 & LORONG 2 & SETAPAK 1 & SETAPAK 2","-5.166974","119.420985"
"7371021006002006","7371021006","002","006","JL.INSPEKSI KANAL SELATAN 2 & JL.VETERAN SELATAN","LORONG 1 & LORONG 3 & SETAPAK 2","-5.167390","119.421407"
"7371021006003001","7371021006","003","001","JL.DR.RATULANGI & JL.VETERAN SELATAN",,"-5.166732","119.419792"
"7371021006003002","7371021006","003","002","JL.VETERAN SELATAN","LORONG GARDEN","-5.165641","119.419861"
"7371021006003003","7371021006","003","003","JL.KELINCI & JL.VETERAN SELATAN",,"-5.165086","119.419602"
"7371021007001001","7371021007","001","001","JL.KAKATUA","LORONG 7 & LORONG 6","-5.162985","119.416810"
"7371021007001002","7371021007","001","002","JL.KAKATUA","LORONG 6","-5.162355","119.416707"
"7371021007001003","7371021007","001","003","JL.KAKATUA 2","LORONG 6C. & LORONG 6B","-5.162333","119.416226"
"7371021007002001","7371021007","002","001","JL.KAKATUA 2 & JL.KAKATUA 3",,"-5.162106","119.415622"
"7371021007002002","7371021007","002","002","JL.KAKTUA 2","LORONG 2","-5.163716","119.415864"
"7371021007002003","7371021007","002","003","JL.KAKATUA 3",,"-5.163899","119.414643"
"7371021007002004","7371021007","002","004","JL.KAKATUA 3",,"-5.162871","119.414685"
"7371021007002005","7371021007","002","005","JL.KOMP.ANDA IV & JL.KAKATUA 3",,"-5.161924","119.414909"
"7371021007003001","7371021007","003","001","JL.CENDRAWASIH",,"-5.164444","119.413085"
"7371021007003002","7371021007","003","002","JL.CENDRAWASIH",,"-5.163280","119.413284"
"7371021007003003","7371021007","003","003","JL.SETAPAK & JL.CENDRAWASIH NO.2",,"-5.163848","119.414009"
"7371021007003004","7371021007","003","004","JL.CENDRAWASIH NO.4 & JL.CENDRAWASIH ASMAT",,"-5.162515","119.413431"
"7371021007003005","7371021007","003","005","JL.KAKATUA NO.B.2/9 & JL.CENDRAWASIH NO.K.15",,"-5.162775","119.413965"
"7371021007003006","7371021007","003","006","JL.PAJONGA DG.NGALLE & JL.KAKATUA NO.B7 1 & JL.KOMP. ANDA IV",,"-5.161722","119.413923"
"7371021007004001","7371021007","004","001","JL.CENDRAWASIH",,"-5.164712","119.413527"
"7371021007004002","7371021007","004","002","JL.CENDRAWASIH",,"-5.164943","119.413867"
"7371021007004003","7371021007","004","003","JL.CENDRAWASIH KOMP.WIPAYANA 1",,"-5.164937","119.414383"
"7371021007004004","7371021007","004","004","JL.KAKATUA 3",,"-5.164554","119.414310"
"7371021007005001","7371021007","005","001","JL.ANOA & JL.KAKATUA ANOA",,"-5.162730","119.414384"
"7371021007005002","7371021007","005","002","JL.KAKATUA ANOA",,"-5.163173","119.414360"
"7371021007005003","7371021007","005","003","JL.KAKATUA KOMP. ANOA BLK",,"-5.163851","119.414241"
"7371021008001001","7371021008","001","001","JL.BERUANG & JL.SINGA & JL.TUPAI","LORONG 14","-5.167948","119.420267"
"7371021008001002","7371021008","001","002","JL.BERUANG & JL.TUPAI XVI & JL.ONTA LAMA",,"-5.157495","119.420196"
"7371021008001003","7371021008","001","003","JL.BADAK & JL.BADAK IV & JL.SINGA III",,"-5.157725","119.419033"
"7371021008001004","7371021008","001","004","JL.BADAK VI & JL.ONTA LAMA",,"-5.157121","119.419245"
"7371111006003005","7371111006","003","005",,,".","."
"7371021008001005","7371021008","001","005","JL.SINGA III & JL.ONTA LAMA IV & JL.BERUANG & JL.BADAK IV",,"-5.157635","119.419539"
"7371021008002001","7371021008","002","001","JL.TUPAI 8 & JL.TUPAI 10 & JL.BERANG & JL.MACAN",,"-5.160019","119.419691"
"7371021008002002","7371021008","002","002","JL.TUPAI 12 & JL.SINGA & JL.BERUANG",,"-5.159063","119.420034"
"7371021008002003","7371021008","002","003","JL.BADAK & JL.BERUANG & JL.SINGA","LORONG 3 & LORONG 2","-5.159100","119.418946"
"7371021008002004","7371021008","002","004","JL.BADAK & JL.BERUANG VII","LORONG 2","-5.169617","119.418812"
"7371021008002005","7371021008","002","005","JL.SINGA & JL.SINGA II & JL. BADAK & JL.MACAN",,"-5.158949","119.418197"
"7371021008002006","7371021008","002","006","JL.SINGA & JL.KANCIL TENGAH",,"-5.158989","119.417188"
"7371021008003001","7371021008","003","001","JL.KANCIL UTARA & JL.SINGA",,"-5.157115","119.417042"
"7371021008003002","7371021008","003","002","JL.ONTA LAMA & JL.KANCIL UTARA",,"-5.156465","119.417123"
"7371021008003003","7371021008","003","003","JL.BADAK VI & JL.KANCIL UTARA & JL.ONTA LAMA 2",,"-5.156641","119.417896"
"7371021008003004","7371021008","003","004","JL.BADAK VI & JL.KANCIL UTARA","LORONG 1","-5.157088","119.418198"
"7371021008003005","7371021008","003","005","JL.KANCIL UTARA & JL.SINGA",,"-5.158046","119.417861"
"7371021008003006","7371021008","003","006","JL.SINGA I & JL.BADAK",,"-5.158138","119.418387"
"7371021008003007","7371021008","003","007","JL.BADAK & JL.SINGA I",,"-5.157181","119.418487"
"7371021008003008","7371021008","003","008","JL.BADAK & JL.ONTA LAMA 2","LORONG 6","-5.156836","119.418527"
"7371021009001001","7371021009","001","001","JL.MACAN & JL.LANDAK 1 & JL.LANDAK LAMA","LORONG 2","-5.160451","119.418435"
"7371021009001002","7371021009","001","002","JL.DR.RATULANGI & JL.KANCIL SELATAN",,"-5.160781","119.417853"
"7371021009001003","7371021009","001","003","JL.LANDAK LAMA & JL.MACAN & JL.MACAN II & JL.KANCIL SELATAN","LORONG 1","-5.161470","119.418333"
"7371021009002001","7371021009","002","001","JL.LANDAK BARU & JL.BERUANG",,"-5.160548","119.418747"
"7371021009002002","7371021009","002","002","JL.LANDAK LAMA & JLKANCIL SELATAN & JL.BERUANG","LORONG 1","-5.161665","119.418430"
"7371021009002003","7371021009","002","003","JL.BERUANG 5 & JL.BERUANG & JL.MACAN & JL.LANDAK II",,"-5.160954","119.419755"
"7371021009003001","7371021009","003","001","JL.TUPAI IV & JL.BERUANG",,"-5.161155","119.419382"
"7371021009003002","7371021009","003","002","JL.BERUANG & JL.TUPAI II & JL.TUPAI IV & JL.LANDAK LAMA",,"-5.161771","119.419361"
"7371021009003003","7371021009","003","003","JL.LANDAK & JL.LANDAK LAMA & JL.TUPAI & JL.DR.RATULANGI",,"-5.162780","119.419015"
"7371021010001001","7371021010","001","001","JL.ONTA BARU & JL.SINGA & JL.TUPAI & JL.SERIGALA",,"-5.156569","119.421561"
"7371021010001002","7371021010","001","002","JL.SERIGALA UTARA & JL.TUPAI BARU","LORONG 1","-5.156681","119.422355"
"7371021010001003","7371021010","001","003","JL.SERIGALA & JL.ONTA BARU","LORONG 1","-5.157007","119.422312"
"7371021010001004","7371021010","001","004","JL.VETERAN SELATAN & JL.ONTA BARU",,"-5.156746","119.423009"
"7371021010001005","7371021010","001","005","JL.VETERAN SELATAN",,"-5.157104","119.423111"
"7371021010001006","7371021010","001","006","JL.INSPEKSI KANAL & JL.VETERAN SELATAN",,"-5.156730","119.424297"
"7371021010002001","7371021010","002","001","JL.SERIGALA & JL.TUPAI & JL.ONTA LAMA",,"-5.157114","119.421330"
"7371021010002002","7371021010","002","002","JL.SERIGALA & JL.ONTA LAMA","LORONG 1","-5.157269","119.422205"
"7371021010002003","7371021010","002","003","JL.VETERAN SELATAN & JL.ONTA LAMA",,"-5.157328","119.422940"
"7371021010002004","7371021010","002","004","JL.VETERAN SELATAN",,"-5.157686","119.424018"
"7371021010003001","7371021010","003","001","JL.TUPAI & JL.ONTA LAMA & JL.SERIGALA",,"-5.157825","119.421041"
"7371021010003002","7371021010","003","002","JL.TUPAI & JL.SERIGALA","LORONG 15","-5.158167","119.421142"
"7371021010003003","7371021010","003","003","JL.VETERAN SELATAN & JL.ONTA LAMA & JL.SERIGALA","LORONG GARDEN","-5.157873","119.422129"
"7371111006003006","7371111006","003","006",,,".","."
"7371021010003004","7371021010","003","004","JL.SERIGALA & JL.MUSANG","LORONG 5","-5.158455","119.422115"
"7371021010003005","7371021010","003","005","JL.VETERAN SELATAN & JL.INSPEKSI KANAL","LORONG 5","-5.158311","119.423750"
"7371021010004001","7371021010","004","001","JL.SERIGALA & JL.SINGA & JL.MUSANG","LORONG 15","-5.158733","119.421250"
"7371021010004002","7371021010","004","002","JL.MUSANG & JL.VETERAN SELATAN",,"-5.159000","119.422548"
"7371021010004003","7371021010","004","003","JL.INSPEKSI KANAL & JL.BANTA BANTAENG & JL.VETERAN SELATAN","LORONG 6","-5.159037","119.423468"
"7371021011001001","7371021011","001","001","JL. BAJI PA'MAI",,"-5.166740","119.411025"
"7371021011001002","7371021011","001","002","JL. BAJI PAMAI 1",,"-5.167580","119.410579"
"7371021011001003","7371021011","001","003","JL. BAJI PAMAI 2",,"-5.167517","119.410405"
"7371021011001004","7371021011","001","004","JL. BAJI PAMAI 3",,"-5.167442","119.410018"
"7371021011001005","7371021011","001","005","JL. BAJI PAMAI 4",,"-5.167324","119.409542"
"7371021011002001","7371021011","002","001","JL. BAJI PA'MAI",,"-5.168171","119.411065"
"7371021011002002","7371021011","002","002","JL. BAJI PANGNGAI",,"-5.168478","119.410669"
"7371021011002003","7371021011","002","003","JL. BAJI PAMAI 5 & JL. BAJI PAMAI 4",,"-5.167206","119.409251"
"7371021011002004","7371021011","002","004","JL. BAJI PAMAI 5",,"-5.167420","119.408851"
"7371021011003001","7371021011","003","001","JL. BAJI PAMMUJI",,"-5.168662","119.410452"
"7371021011003002","7371021011","003","002","JL.BAJI PAMUJI",,"-5.168435","119.409630"
"7371021011003003","7371021011","003","003","JL. BAJI PAMUJI","LORONG 1 & LORONG 2","-5.168595","119.408756"
"7371021011003004","7371021011","003","004","JL. BAJI PAMUJI",,"-5.168288","119.409127"
"7371021011004001","7371021011","004","001","JL. BULU DUA & JL. CENDRAWASIH",,"-5.169333","119.410460"
"7371021011004002","7371021011","004","002","JL. CENDRAWASIH NO.420",,"-5.169546","119.409944"
"7371021011004003","7371021011","004","003","JL. CENDRAWASIH NO.420",,"-5.169394","119.409430"
"7371021011004004","7371021011","004","004","JL. BAJI PAMUJI",,"-5.169250","119.409428"
"7371021011004005","7371021011","004","005","JL. BAJI PAMUJI","BAJI PAMUJI LORONG 1","-5.169003","119.409317"
"7371021011004006","7371021011","004","006","JL. BAJI PAMUJI","LORONG 1","-5.168764","119.409440"
"7371021011005001","7371021011","005","001","JL. CENDRAWASIH","LORONG 8 & LORONG 316","-5.170386","119.410281"
"7371021011005002","7371021011","005","002","JL. BAJI PANGASSENG NO.44 & JL. CENDRAWASIH","LORONG 316","-5.170504","119.409438"
"7371021011005003","7371021011","005","003","JL. BAJI MINASA 2 DALAM & JL. BAJI PANGASSENG","LORONG 2","-5.169343","119.408671"
"7371021011006001","7371021011","006","001","JL. BAJI PANGASSENG","LORONG 316 B","-5.171093","119.410312"
"7371021011006002","7371021011","006","002","JL. CENDRAWASIH & JL. BAJI PANGASSENG 2","LORONG 316 B","-5.171472","119.409935"
"7371021011006003","7371021011","006","003","JL. BAJI PANGASSENG NO.3",,"-5.171933","119.409735"
"7371021011006004","7371021011","006","004","JL. BAJI PANGASSENG 4 NO.30",,"-5.171220","119.408944"
"7371021011006005","7371021011","006","005","JL. BAJI PANGASSENG 4 NO.10",,"-5.170865","119.409086"
"7371021011006006","7371021011","006","006","JL. BAJI PANGASSENG 5 NO.16","LORONG 2","-5.170732","119.408181"
"7371021012001001","7371021012","001","001","JL.BAJI BICARA 1",,"-5.172117","119.410857"
"7371021012001002","7371021012","001","002","JL.BAJI BICARA I & JL.BAJI BICARA III",,"-5.172353","119.411195"
"7371021012001003","7371021012","001","003","JL. BAJI BICARA III",,"-5.171753","119.411369"
"7371021012001004","7371021012","001","004","JL.CENDRAWASIH NO.281",,"-5.171709","119.410971"
"7371021012001005","7371021012","001","005","JL.CENDRAWASIH NO.266","LORONG 7","-5.171270","119.411339"
"7371021012001006","7371021012","001","006","JL.CENDRAWASIH & JL.BAJI GAU","LORONG 5","-5.170822","119.411740"
"7371021012001007","7371021012","001","007","JL.BAJI GAU",,"-5.172440","119.412140"
"7371021012001008","7371021012","001","008","JL.BAJI GAU I",,"-5.170997","119.412535"
"7371021012001009","7371021012","001","009","JL.BAJI GAU II",,"-5.172211","119.412420"
"7371021012002001","7371021012","002","001","JL.BAJI ARENG & JL.BAJI AMPE",,"-5.168029","119.412409"
"7371021012002002","7371021012","002","002","JL.BAJI GAU I & JL.BAJI AMPE",,"-5.168341","119.411985"
"7371021012002003","7371021012","002","003","JL.CENDRAWASIH & JL.BAJI GAU",,"-5.169664","119.411823"
"7371021012002004","7371021012","002","004","JL.BAJI AMPE & JL.BAJI GAU",,"-5.169581","119.412627"
"7371021012002005","7371021012","002","005","JL.BAJI AMPE",,"-5.169202","119.412158"
"7371021012003001","7371021012","003","001","JL.BAJI ATEKA & JL.CENDRAWASIH","LORONG 1","-5.167123","119.412136"
"7371021012003002","7371021012","003","002","JL.BAJI ATEKA","LORONG 2","-5.167150","119.412391"
"7371021012003003","7371021012","003","003","JL.BAJI ATEKA",,"-5.167163","119.412748"
"7371021012003004","7371021012","003","004","JL.BAJI ATEKA","LORONG 1","-5.167115","119.413201"
"7371021012003005","7371021012","003","005","JL.BAJI ATEKA & JL.BAJI ATI",,"-5.166962","119.413338"
"7371021012003006","7371021012","003","006","JL.BAJI PANGASSENG & JL.BAJI ATEKA & JL.BAJI ATI",,"-5.166724","119.413016"
"7371021012004001","7371021012","004","001","JL.CEDRAWASIH & JL.BAJI ATI","LORONG 1","-5.165001","119.412820"
"7371021012004002","7371021012","004","002","JL.BAJI ATI 1",,"-5.165626","119.413271"
"7371021012004003","7371021012","004","003","JL.CENDRAWASIH NO.163C",,"-5.165016","119.413153"
"7371021012004004","7371021012","004","004","JL.BAJI ATI",,"-5.165161","119.413543"
"7371021012004005","7371021012","004","005","JL.BAJI ATI 1",,"-5.165588","119.413475"
"7371021012004006","7371021012","004","006","JL.BAJI ATI",,"-5.166105","119.413403"
"7371021012004007","7371021012","004","007","JL.BAJI ATI & JL.BAJI ATEKA",,"-5.166112","119.412420"
"7371021013001001","7371021013","001","001","JL BAJI BICARA 2 & JL. BAJI NYAWA",,"-5.172831","119.411476"
"7371021013001002","7371021013","001","002","JL.BAJI NYAWA & JL.BAJI BICARA","LORONG 2","-5.173296","119.411407"
"7371021013001003","7371021013","001","003","JL. BAJI SUNGGU & JL. BAJI MACCINI & JL. BAJI NYAWA & JL. BAJI GIO",,"-5.173537","119.410511"
"7371021013001004","7371021013","001","004","JL. BAJI MACCINI & JL. BAJI NYAWA",,"-5.173693","119.411049"
"7371021013001005","7371021013","001","005","JL. BAJI GAU","LORONG 2","-5.173971","119.411814"
"7371021013002001","7371021013","002","001","JL. BAJI GIO & JL. CENDRAWASIH",,"-5.174177","119.410259"
"7371021013002002","7371021013","002","002","JL. BAJI MACCINI & JL. BAJI GIO",,"-5.174278","119.410952"
"7371021013002003","7371021013","002","003","JL. BAJI GIO & JL. BAJI GAU II",,"-5.174899","119.411606"
"7371021013002004","7371021013","002","004","JL. CENDRAWASIH & JL. BAJI MACCINI",,"-5.174478","119.410127"
"7371021013002005","7371021013","002","005","JL. BAJI DAKKA & JL. CENDRAWASIH",,"-5.175636","119.410039"
"7371021013002006","7371021013","002","006","JL. BAJI DAKKA 7 & JL. BAJI GAU II",,"-5.175793","119.411012"
"7371021013003001","7371021013","003","001","JL. BAJI DAKKA & JL. CENDRAWASIH",,"-5.176668","119.410347"
"7371021013003002","7371021013","003","002","JL. CENDRAWASIH","LORONG 15","-5.177305","119.410333"
"7371021013003003","7371021013","003","003","JL. CENDRAWASIH","LORONG 15","-5.177386","119.410847"
"7371021013004001","7371021013","004","001","JL. CENDRAWASIH",,"-5.177948","119.409823"
"7371021013004002","7371021013","004","002","JL. BAJI DAKKA I & JL. CENDRAWASIH NO.38D",,"-5.178529","119.410410"
"7371021013004003","7371021013","004","003","JL. BAJI GAU II",,"-5.178079","119.410603"
"7371031001001001","7371031001","001","001","JL.PALANDUK & JL.MONGINSIDI",,"-5.148806","119.418620"
"7371031001001002","7371031001","001","002","JL. PALANDUK & JL. PALANDUK I & JL. MONGINSIDI & JL. KIJANG",,"-5.148642","119.419377"
"7371031001001003","7371031001","001","003","JL. PALANDUK & JL. KIJANG","LORONG 30","-5.149393","119.419346"
"7371031001002001","7371031001","002","001","JL.KIJANG & JL.MONGINSIDI","LORONG 22B","-5.148660","119.420203"
"7371031001002002","7371031001","002","002","JL. KIJANG & JL. MONGINSIDI & JL. RUSA & JL. ZEBRA","LORONG 22B","-5.148786","119.421259"
"7371031001002003","7371031001","002","003","JL. DOMBA & JL. RUSA & JL. ZEBRA","LORONG 21B","-5.149689","119.421150"
"7371031001002004","7371031001","002","004","JL. DOMBA & JL. KIJANG & JL. ZEBRA","LORONG 21B","-5.149713","119.420222"
"7371031001003001","7371031001","003","001","JL. GAJAH & JL. MONGINSIDI & JL. RUSA & JL. DOMBA",,"-5.149453","119.421940"
"7371031001003002","7371031001","003","002","JL. GAJAH & JL. MONGINSIDI & JL. LEMBU & JL. DOMBA",,"-5.149891","119.422465"
"7371031001004001","7371031001","004","001","JL.HARIMAU & JL. VETERAN SELATAN",,"-5.151389","119.424424"
"7371031001004002","7371031001","004","002","JL.HARIMAU & JL. ANUANG",,"-5.151661","119.423610"
"7371031001004003","7371031001","004","003","JL. DOMBA & JL. ANUANG & JL. HARIMAU",,"-5.151044","119.423914"
"7371031001004004","7371031001","004","004","JL. DOMBA & JL. ANUANG","LORONG 3","-5.151122","119.423614"
"7371031001005001","7371031001","005","001","JL. MONGINSIDI & JL. VETERAN SELATAN & JL. HARIMAU",,"-5.149324","119.424594"
"7371031001005002","7371031001","005","002","JL. DOMBA & JL. ANUANG & JL. HARIMAU",,"-5.150301","119.424068"
"7371031001005003","7371031001","005","003","JL. MONGINSIDI & JL. ANUANG & JL. HARIMAU",,"-5.149657","119.423843"
"7371031001005004","7371031001","005","004","JL. DOMBA & JL. ANUANG","LORONG 7","-5.150325","119.423267"
"7371031001005005","7371031001","005","005","JL. MONGINSIDI & JL. ANUANG & JL. LEMBU","LORONG 1","-5.149354","119.423391"
"7371031001005006","7371031001","005","006","JL. DOMBA & JL. LEMBU","LORONG 1 & LORONG 7","-5.149778","119.422857"
"7371031001006001","7371031001","006","001","JL. RUSA & JL. DOMBA & JL. LEMBU & JL. LANTO DG. PASEWANG",,"-5.150997","119.422202"
"7371031001006002","7371031001","006","002","JL. ANUANG & JL. LEMBU & JL. LANTO DG. PASEWANG",,"-5.151735","119.422882"
"7371031001006003","7371031001","006","003","JL. ANUANG & JL. LEMBU & JL. DOMBA",,"-5.150934","119.422963"
"7371031001007001","7371031001","007","001","JL. RUSA & JL. DOMBA","LORONG 21A & LORONG 21 C","-5.150812","119.420940"
"7371031001007002","7371031001","007","002","JL. KIJANG & JL. DOMBA","LORONG 21A & LORONG 21 C","-5.150731","119.420109"
"7371031001007003","7371031001","007","003","JL. KIJANG & JL. RUSA & JL. LANTO DG. PASEWANG & JL. DOMBA","LORONG 21 A","-5.151762","119.420615"
"7371031001008001","7371031001","008","001","JL. PELANDUK & JL. LANTO DG. PASEWANG",,"-5.150733","119.418722"
"7371031001008002","7371031001","008","002","JL. DOMBA & JL. KIJANG & JL. PELANDUK","LORONG GARDEN","-5.150462","119.419202"
"7371031001008003","7371031001","008","003","JL. LANTO DG. PASEWANG & JL. KIJANG & JL. PELANDUK","LORONG GARDEN","-5.151556","119.419322"
"7371031002001001","7371031002","001","001","JL. JALAHONG DG. MATTUTU","LORONG 12","-5.143139","119.428312"
"7371031002001002","7371031002","001","002","JL. JALAHONG DG. MATTUTU",,"-5.143770","119.428187"
"7371031002001003","7371031002","001","003","JL. JALAHONG DG. MATTUTU & JL. VETERAN UTARA","LORONG 41","-5.144347","119.428113"
"7371031002001004","7371031002","001","004","JL. JALAHONG DG. MATTUTU",,"-5.143669","119.427802"
"7371031002001005","7371031002","001","005","JL. JALAHONG DG. MATTUTU & JL. VETERAN UTARA","LORONG 41","-5.143992","119.427264"
"7371031002001006","7371031002","001","006","JL. ABUBAKAR LAMBOGO & JL. VETERAN UTARA","LORONG 41","-5.144562","119.426816"
"7371031002001007","7371031002","001","007","JL. ABUBAKAR LAMBOGO & JL. VETERAN UTARA","LORONG 16 & LORONG 41","-5.144501","119.426122"
"7371031002001008","7371031002","001","008","JL. ABUBAKAR LAMBOGO & JL. VETERAN UTARA","LORONG 16 & LORONG 41","-5.143936","119.425766"
"7371031002002001","7371031002","002","001","JL. ABUBAKAR LAMBOGO & JL. JALAHONG DG. MATTUTU",,"-5.143945","119.429185"
"7371031002002002","7371031002","002","002","JL. ABUBAKAR LAMBOGO & JL. JALAHONG DG. MATTUTU",,"-5.144207","119.428703"
"7371031002002003","7371031002","002","003","JL. ABUBAKAR LAMBOGO & JL. JALAHONG DG. MATTUTU",,"-5.144501","119.428616"
"7371031002002004","7371031002","002","004","JL. ABUBAKAR LAMBOGO & JL. JALAHONG DG. MATTUTU",,"-5.144918","119.428455"
"7371031002002005","7371031002","002","005","JL. ABUBAKAR LAMBOGO & JL. JALAHONG DG. MATTUTU",,"-5.144804","119.427893"
"7371031002002006","7371031002","002","006","JL. ABUBAKAR LAMBOGO & JL. VETERAN UTARA","LORONG 41","-5.144772","119.427491"
"7371031002003001","7371031002","003","001","JL. ABUBAKAR LAMBOGO & JL. ABUBAKAR LAMBOGO III","LORONG 4","-5.145285","119.428891"
"7371031002003002","7371031002","003","002","JL. ABUBAKAR LAMBOGO III",,"-5.145718","119.429774"
"7371031002003003","7371031002","003","003","JL. ABUBAKAR LAMBOGO","LORONG 8","-5.145597","119.430060"
"7371031002003004","7371031002","003","004","JL. ABUBAKAR LAMBOGO","LORONG 3 & LORONG 4","-5.144986","119.429352"
"7371031002003005","7371031002","003","005","JL. ABUBAKAR LAMBOGO","LORONG 4 & LORONG 8","-5.145275","119.430159"
"7371031002003006","7371031002","003","006","JL. ABUBAKAR LAMBOGO & JL. ABUBAKAR LAMBOGO III","LORONG 8 & LORONG 9","-5.145376","119.430515"
"7371031002004001","7371031002","004","001","JL. ABUBAKAR LAMBOGO","LORONG 7","-5.144374","119.429413"
"7371031002004002","7371031002","004","002","JL. ABUBAKAR LAMBOGO","LORONG 7","-5.144476","119.429949"
"7371031002004003","7371031002","004","003","JL. ABUBAKAR LAMBOGO","LORONG 7 & LORONG 5","-5.144635","119.430336"
"7371031002004004","7371031002","004","004","JL. ABUBAKAR LAMBOGO","LORONG 5","-5.144630","119.430704"
"7371031002004005","7371031002","004","005","JL. ABUBAKAR LAMBOGO","LORONG 5","-5.144323","119.430797"
"7371031002004006","7371031002","004","006","JL. ABUBAKAR LAMBOGO","LORONG 5","-5.143872","119.431131"
"7371031002005001","7371031002","005","001","JL. ABUBAKAR LAMBOGO & JL. JALAHONG DG. MATTUTU",,"-5.143606","119.429411"
"7371031002005002","7371031002","005","002","JL. ABUBAKAR LAMBOGO","LORONG 5","-5.143844","119.430044"
"7371031002005003","7371031002","005","003","JL. JALAHONG DG. MATTUTU","LORONG 12","-5.143044","119.428903"
"7371031003001001","7371031003","001","001","JL. SUNGAI LIMBOTO & JL. GUNUNG NONA BARU & JL. GUNUNG LATIMOJONG","LORONG 50","-5.143245","119.421534"
"7371031010001005","7371031010","001","005","JL. BALANA & JL. BETE & BETE",,"-5.136685","119.423707"
"7371031003001002","7371031003","001","002","JL. SUNGAI SADDAN I & JL. GUNUNG NONA BARU & JL. SUNGAI LIMBOTO","LORONG 37 & LORONG 40","-5.144186","119.423237"
"7371031003001003","7371031003","001","003","JL. SUNGAI LIMBOTO & JL. TONDONGKURA","LORONG 37","-5.143627","119.422386"
"7371031003001004","7371031003","001","004","JL. TONDONGKURA","LORONG 40 & LORONG 40 A","-5.143798","119.423000"
"7371031003001005","7371031003","001","005",,"LORONG 40","-5.143926","119.423604"
"7371031003001006","7371031003","001","006","JL. SUNGAI SADDAN I & JL. GUNUNG NONA BARU & JL. VETERAN UARA","LORONG 40","-5.144164","119.424433"
"7371031003002001","7371031003","002","001","JL. SUNGAI LIMBOTO & JL. TONDONGKURA","LORONG 37 & LORONG 50","-5.142578","119.422188"
"7371031003002002","7371031003","002","002","JL. SUNGAI LIMBOTO","LORONG 38","-5.142346","119.422834"
"7371031003002003","7371031003","002","003","JL. SUNGAI LIMBOTO & JL. VETERAN UTARA",,"-5.142432","119.423943"
"7371031003002004","7371031003","002","004","JL. SUNGAI LIMBOTO & JL. TODONGKURA & JL. VETERAN UTARA","LORONG 38","-5.142866","119.423971"
"7371031003002005","7371031003","002","005","JL. TODONGKURA & JL. VETERAN UTARA","LORONG 40","-5.142903","119.424037"
"7371031003002006","7371031003","002","006","JL. SUNGAI LIMBOTO","LORONG 38","-5.142781","119.422919"
"7371031003002007","7371031003","002","007","JL. TONDONGKURA","LORONG 37 & LORONG 38","-5.143133","119.423160"
"7371031003003001","7371031003","003","001","JL. VETERAN UTARA","LORONG 41 & LORONG 42","-5.143068","119.425161"
"7371031003003003","7371031003","003","003",,"LORONG 43 & LORONG 42","-5.142515","119.425936"
"7371031003003004","7371031003","003","004","JL. VETERAN UTARA","LORONG 43 & LORONG 42","-5.142586","119.424836"
"7371031003004001","7371031003","004","001","JL. VETERAN UTARA & JL. ABU BAKAR LAMBOGO","LORONG KARBET","-5.144337","119.425201"
"7371031003004002","7371031003","004","002","JL. VETERAN UTARA & JL. ABU BAKAR LAMBOGO","LORONG KARBET","-5.144112","119.425167"
"7371031003004003","7371031003","004","003","JL. VETERAN UTARA","LORONG 41 & LORONG KARBET","-5.143468","119.425540"
"7371031003004004","7371031003","004","004","JL. INSPEKSI KANAL","LORONG 41","-5.143073","119.426435"
"7371031004001001","7371031004","001","001","JL. G. BAWAKARAENG & JL. GUNUNG LATIMOJONG & JL. GN. LOKON",,"-5.135701","119.418978"
"7371031004001002","7371031004","001","002","JL. S. POSO & JL. GN. LOKON","LORONG 79","-5.136806","119.418495"
"7371031004001003","7371031004","001","003","JL. GN. LOKON","LORONG 79 & LORONG 92","-5.136203","119.418683"
"7371031004001004","7371031004","001","004","JL. S. POSO","LORONG 79 & LORONG 78","-5.136974","119.418944"
"7371031004001005","7371031004","001","005","JL. GUNUNG LATIMOJONG & JL. S. POSO","LORONG 27 & LORONG 77","-5.136572","119.419700"
"7371031004002001","7371031004","002","001","JL. S. POSO & JL. GN. LOKON","LORONG 60","-5.137628","119.419212"
"7371031004002002","7371031004","002","002","JL. GN. LOKON","LORONG 58","-5.138722","119.418952"
"7371031004002003","7371031004","002","003","JL. S. PAREMAN & JL. GN. LOKON","LORONG 58","-5.139244","119.419746"
"7371031004002004","7371031004","002","004","JL. S. POSO & JL. GUNUNG LATIMOJONG & JL. S. PAREMAN","LORONG 60","-5.138398","119.419961"
"7371031004002005","7371031004","002","005","JL. GN. LOKON","LORONG 60","-5.138089","119.419389"
"7371031004002006","7371031004","002","006","JL. GN. LOKON","LORONG 58","-5.138775","119.419406"
"7371031004002007","7371031004","002","007","JL. GN. LOKON","LORONG 59 & LORONG 60","-5.138055","119.419072"
"7371031004002008","7371031004","002","008","JL. GN. LOKON","LORONG 59 & LORONG 60","-5.137854","119.419238"
"7371031004003001","7371031004","003","001","JL. G. BAWAKARAENG","LORONG 76","-5.135319","119.421075"
"7371031004003002","7371031004","003","002","JL. GUNUNG LATIMOJONG & JL. METRO LATIMOJONG & JL. NICO & JL. BULU DUA & JL. G. BAMBAPUANG & JL. BULU SALAKA","LORONG 74 & LORONG 76","-5.136288","119.420410"
"7371031004003003","7371031004","003","003","JL. BAMBAPUANG",,"-5.138400","119.421560"
"7371031004003004","7371031004","003","004","JL. VETERAN UTARA & JL. METRO LATIMOJONG & JL. NICO & JL. BULU DUA & JL. G. BAMBAPUANG & JL. BULU SALAKA","LORONG 43","-5.135999","119.422065"
"7371031004003005","7371031004","003","005","JL. GUNUNG LATIMOJONG","LORONG 74 & LORONG 76","-5.135814","119.421178"
"7371031004003006","7371031004","003","006","JL. BULU DUA & JL. BULU DUA STP I & JL. BULU DUA STP II & JL. BULU DUA STP III",,"-5.137638","119.421406"
"7371031004003007","7371031004","003","007","JL. BULU DUA STP I",,"-5.138108","119.420983"
"7371031004003008","7371031004","003","008","JL. BULU DUA STP II",,"-5.138033","119.421361"
"7371031004003009","7371031004","003","009","JL. BULU DUA STP III",,"-5.138054","119.422005"
"7371031004003010","7371031004","003","010","JL. METRO LATIMOJONG",,"-5.137218","119.421433"
"7371031004003011","7371031004","003","011","JL. NICO",,"-5.136731","119.421605"
"7371031004004001","7371031004","004","001","JL. BAMBAPUANG",,"-5.138540","119.421753"
"7371031004004002","7371031004","004","002","JL. GUNUNG LATIMOJONG & JL. BAMBAPUANG & JL. BULU SALAKA & JL. G. SALAHUTU",,"-5.139339","119.420799"
"7371031004004003","7371031004","004","003","JL. G. BAMBAPUANG I",,"-5.139943","119.421796"
"7371031004004004","7371031004","004","004","JL. G. SALAHUTU",,"-5.139856","119.422264"
"7371031004004005","7371031004","004","005","JL. BULU SALAKA",,"-5.139296","119.421821"
"7371031004004006","7371031004","004","006","JL. G. SALAHUTU' & JL. G. BAMBAPUANG I & JL. G. BAMBAPUANG II",,"-5.140287","119.422225"
"7371031004004007","7371031004","004","007","JL. VETERAN UTARA & JL. G. SALAHUTU & JL. G. BAMBAPUANG II",,"-5.139759","119.423016"
"7371031005001001","7371031005","001","001","JL. URIP SUMOHARJO & JL. MACCINI BARU & JL. MACCINI KIDUL",,"-5.135484","119.428421"
"7371031005001002","7371031005","001","002","JL. MACCINI BARU & JL. MACCINI KIDUL",,"-5.136246","119.428138"
"7371031005001003","7371031005","001","003","JL. MACCINI BARU & JL. MACCINI KIDUL","LORONG II","-5.137479","119.428123"
"7371031005001004","7371031005","001","004","JL. MACCINI KIDUL","LORONG II","-5.137564","119.428622"
"7371031005001005","7371031005","001","005","JL. MACCINI KIDUL",,"-5.136787","119.429294"
"7371031005001006","7371031005","001","006","JL. MACCINI KIDUL",,"-5.136121","119.429348"
"7371031005001007","7371031005","001","007","JL. URIP SUMOHARJO & JL. MACCINI RAYA & JL. MACCINI KIDUL",,"-5.135751","119.429454"
"7371031005001008","7371031005","001","008","JL. MACCINI SAWAH",,"-5.137204","119.429585"
"7371031005001009","7371031005","001","009","JL. MACCINI SAWAH & JL. MACCINI KIDUL",,"-5.137885","119.429298"
"7371031005002001","7371031005","002","001","JL. URIP SUMOHARJO & JL. MACCINI RAYA",,"-5.135227","119.429564"
"7371031005002002","7371031005","002","002","JL. MACCINI SAWAH & JL. MACCINI SAWAH I & JL. MACCINI RAYA",,"-5.135868","119.430171"
"7371031005002003","7371031005","002","003","JL. URIP SUMOHARJO & JL. MACCINI SAWAH",,"-5.134963","119.430184"
"7371031005002004","7371031005","002","004","JL. URIP SUMOHARJO","LORONG 79","-5.135041","119.431148"
"7371031005002005","7371031005","002","005","JL. URIP SUMOHARJO","LORONG 79","-5.135246","119.431375"
"7371031005002006","7371031005","002","006","JL. URIP SUMOHARJO & JL. MESJID BABUL JANNAH","LORONG 79","-5.135531","119.431644"
"7371031005002007","7371031005","002","007","JL. URIP SUMOHARJO","LORONG 79","-5.135600","119.430654"
"7371031005002008","7371031005","002","008","JL. URIP SUMOHARJO & JL. MESJID BABUL JANNAH","LORONG 79","-5.135768","119.431089"
"7371031005002009","7371031005","002","009","JL. URIP SUMOHARJO & JL. MESJID BABUL JANNAH",,"-5.135997","119.430848"
"7371031005003001","7371031005","003","001","JL. URIP SUMOHARJO & JL. MESJID BABUL JANNAH",,"-5.135376","119.432137"
"7371031005003002","7371031005","003","002","JL. URIP SUMOHARJO & JL. KOMP. PERINDUSTRIAN",,"-5.135640","119.432562"
"7371031005003003","7371031005","003","003","JL. MACCINI PS. MALAM 4",,"-5.136190","119.432496"
"7371031005003004","7371031005","003","004","JL. MESJID BABUL JANNAH","LORONG 81","-5.135956","119.431768"
"7371031005003005","7371031005","003","005","JL. MACCINI SAWAH I & JL. MESJID BABUL JANNAH","LORONG GARDEN","-5.136525","119.431786"
"7371031005003006","7371031005","003","006","JL. MACCINI SAWAH I","LORONG 2","-5.136191","119.430730"
"7371031005003007","7371031005","003","007","JL. MACCINI SAWAH I","LORONG 2 & LORONG GARDEN","-5.136511","119.431072"
"7371031005003008","7371031005","003","008","JL. MACCINI RAYA","LORONG 2","-5.136880","119.430998"
"7371031005003009","7371031005","003","009",,,".","."
"7371031005003010","7371031005","003","010","JL. MACCINI RAYA","LORONG 2","-5.136868","119.430663"
"7371031005004001","7371031005","004","001","JL. MACCINI PS. MALAM & JL. MACCINI RAYA","LORONG GARDEN","-5.137558","119.431429"
"7371031005004002","7371031005","004","002","JL. MACCINI PS. MALAM & JL. MACCINI SAWAH I",,"-5.137221","119.431872"
"7371031005004003","7371031005","004","003","JL. MACCINI RAYA & JL. MACCINI PS. MALAM & JL. MACCINI PS. MALAM I",,"-5.137803","119.432257"
"7371031005004004","7371031005","004","004","JL. MACCINI PS. MALAM & JL. MACCINI PS. MALAM I & JL. MACCINI PS. MALAM II",,"-5.137072","119.432174"
"7371031005004005","7371031005","004","005","JL. MACCINI PS. MALAM I & JL. MACCINI PS. MALAM II & JL. MACCINI PS. MALAM III",,"-5.137321","119.432407"
"7371041001002003","7371041001","002","003","JL. SOMBA OPU",,"-5.141460","119.407721"
"7371031005004006","7371031005","004","006","JL. MACCINI PS. MALAM I & JL. MACCINI PS. MALAM II & JL. MACCINI PS. MALAM III",,"-5.137205","119.432627"
"7371031005004007","7371031005","004","007","JL. MACCINI PS. MALAM I & JL. MACCINI PS. MALAM II",,"-5.137349","119.432823"
"7371031005004008","7371031005","004","008","JL. MACCINI RAYA & JL. MACCINI PS. MALAM 1 & JL. MACCINI PS. MALAM 4",,"-5.137832","119.433086"
"7371031005004009","7371031005","004","009","JL. MACCINI PS. MALAM 4",,"-5.137381","119.433362"
"7371031005004010","7371031005","004","010","JL. MACCINI PS. MALAM 4",,"-5.136737","119.433127"
"7371031005005001","7371031005","005","001","JL. MACCINI SAWAH & JL. MACCINI RAYA I & JL. MACCINI TENGAH & JL. KERUNG & KERUNG & JL. MACCINI SAWAH IV","LORONG GARDEN","-5.139844","119.429541"
"7371031005005002","7371031005","005","002","JL. MACCINI RAYA I & JL. MACCINI TENGAH & JL. MACCINI TENGAH II","LORONG GARDEN","-5.138711","119.430101"
"7371031005005003","7371031005","005","003","JL. MACCINI RAYA I & JL. MACCINI TENGAH & JL. MACCINI TENGAH I & JL. MACCINI TENGAH II",,"-5.137810","119.430335"
"7371031005005004","7371031005","005","004","JL. MACCINI SAWAH & JL. MACCINI RAYA I & JL. MACCINI TENGAH & JL. MACCINI TENGAH I & JL. MACCINI SAWAH II & JL. MACCINI RAYA",,"-5.137015","119.430201"
"7371031005005005","7371031005","005","005","JL. MACCINI SAWAH & JL. MACCINI RAYA I & JL. MACCINI SAWAH II & JL .MACCINI SAWAH III",,"-5.137754","119.429895"
"7371031005005006","7371031005","005","006","JL. MACCINI SAWAH & JL. MACCINI RAYA I & JL. MACCINI SAWAH III & JL .MACCINI SAWAH IV",,"-5.139197","119.429661"
"7371031006001001","7371031006","001","001","JL. SUNGAI SADDAN LAMA & JL. BULU KUNYI & JL. SYARIF AL QADRI","LORONG 19 & LORONG 20","-5.146767","119.421961"
"7371031006001002","7371031006","001","002","JL. SUNGAI WALANAE & JL. SYARIF AL QADRI","LORONG 19 & LORONG 20","-5.147422","119.422742"
"7371031006001003","7371031006","001","003","JL. SUNGAI WALANAE & JL. SUNGAI SADDAN LAMA","LORONG 19","-5.146997","119.423203"
"7371031006001004","7371031006","001","004","JL. SUNGAI WALANAE & JL. HARIMAU","LORONG 17","-5.147497","119.424175"
"7371031006001005","7371031006","001","005","JL. SUNGAI SADDAN LAMA & JL. SUNGAI WALANAE & JL. VETERAN UTARA","LORONG 17","-5.147130","119.424582"
"7371031006002001","7371031006","002","001","JL. GAJAH & JL. SYARIF AL QADRI & JL. BULU KUNYI & JL. MONGINSIDI",,"-5.148241","119.422024"
"7371031006002002","7371031006","002","002","JL. GAJAH & JL. SYARIF AL QADRI & JL. SUNGAI MAPILLI & JL. MONGINSIDI",,"-5.148189","119.422838"
"7371031006002003","7371031006","002","003","JL. SUNGAI WALANAE & JL. SYARIF AL QADRI & JL. SUNGAI MAPILLI & JL. MONGINSIDI",,"-5.148356","119.423522"
"7371031006002004","7371031006","002","004","JL. HARIMAU & JL. SUNGAI WALANAE & JL. MONGINSIDI","LORONG 17","-5.148255","119.424140"
"7371031006002005","7371031006","002","005","JL. HARIMAU & JL. VETERAN UTARA & JL. MONGINSIDI","LORONG 17","-5.148456","119.424736"
"7371031006003001","7371031006","003","001","JL. VETERAN SELATAN & JL. RAPPOCINI RAYA & JL. INPEKSI KANAL","GANG I","-5.151905","119.425298"
"7371031006003002","7371031006","003","002","JL. VETERAN SELATAN","GANG I","-5.151162","119.425266"
"7371031006003003","7371031006","003","003","JL. VETERAN SELATAN","LORONG 3 & LORONG 2","-5.150612","119.425569"
"7371031006004001","7371031006","004","001","JL. VETERAN SELATAN","LORONG 3 & LORONG 2","-5.150203","119.425500"
"7371031006004002","7371031006","004","002","JL. VETERAN SELATAN & JL. MONGINSIDI BARU","LORONG 1 & LORONG 2","-5.149228","119.426148"
"7371031006004003","7371031006","004","003","JL. VETERAN SELATAN & JL. MONGINSIDI BARU","LORONG 1","-5.149255","119.425331"
"7371031006005001","7371031006","005","001","JL. SUNGAI SADDAN BARU & JL. VETERAN UTARA & JL. INPEKSI KANAL","LORONG 293","-5.147470","119.425850"
"7371031006005002","7371031006","005","002","JL. VETERAN UTARA & JL. INPEKSI KANAL","LORONG 293","-5.147912","119.425887"
"7371031006005003","7371031006","005","003","JL. MONGINSIDI BARU & JL. VETERAN UTARA & JL. INPEKSI KANAL","LORONG 197 & LORONG 297","-5.148552","119.426138"
"7371041001001004","7371041001","001","004","JL. DG TOMPO & JL. ALI MALAKA",,"-5.139999","119.409555"
"7371031006006001","7371031006","006","001","JL. KIJANG & JL. GN BATU PUTIH & JL. GN MERAPI & JL. SUNGAI SADDAN LAMA",,"-5.146275","119.418569"
"7371031006006002","7371031006","006","002","JL. KIJANG & JL. GN BATU PUTIH & JL. BULU KUNYI & JL. MONGINSIDI",,"-5.147739","119.419880"
"7371031006006003","7371031006","006","003","JL. KIJANG & JL. GN BATU PUTIH & JL. BULU KUNYI & JL. SUNGAI SADDAN LAMA","LORONG 51","-5.146682","119.420509"
"7371031007001001","7371031007","001","001","JL. KESATUAN IV & JL. ABUBAKAR LAMBOGO & JL. MOH. YAMIN",,"-5.142418","119.433011"
"7371031007001002","7371031007","001","002","JL. KESATUAN IV & JL. ABUBAKAR LAMBOGO & JL. PERDAMAIAN",,"-5.141854","119.433739"
"7371031007001003","7371031007","001","003","JL. ABUBAKAR LAMBOGO & JL. PERDAMAIAN","LORONG 17 & LORONG 19","-5.142020","119.434133"
"7371031007001004","7371031007","001","004","JL. ABUBAKAR LAMBOGO & JL. MOH YAMIN BARU","LORONG 17 & LORONG 16","-5.142465","119.433449"
"7371031007001005","7371031007","001","005","JL. ABUBAKAR LAMBOGO & JL. MOH YAMIN BARU","LORONG 17 & LORONG 19","-5.142722","119.433490"
"7371031007002001","7371031007","002","001","JL. MOH YAMIN BARU","LORONG 16 & LORONG 19 & LORONG 21","-5.143141","119.433581"
"7371031007002002","7371031007","002","002",,"LORONG 16 & LORONG 19 & LORONG 21 & LORONG 17","-5.142716","119.433952"
"7371031007002003","7371031007","002","003","JL. PERDAMAIAN","LORONG 17 & LORONG 19","-5.142513","119.434386"
"7371031007002004","7371031007","002","004","JL. PERDAMAIAN","LORONG 17 & LORONG 21","-5.143008","119.434335"
"7371031007002005","7371031007","002","005","JL. MOH YAMIN BARU","LORONG 17 & LORONG 21","-5.143494","119.434062"
"7371031007002006","7371031007","002","006","JL. MOH. YAMIN BARU & JL. INSPEKSI KANAL & JL. PERDAMAIAN","LORONGG 17","-5.143598","119.434710"
"7371031013004001","7371031013","004","001","JL. VETERAN UTARA","LORONG 46","-5.140795","119.425219"
"7371031007003001","7371031007","003","001","JL. ABUBAKAR LAMBOGO","LORONG 12 & LORONG 14 & LORONG 16","-5.143849","119.431933"
"7371031007003002","7371031007","003","002","JL. ABUBAKAR LAMBOGO & JL. INSPEKSI KANAL","LORONG 12 & LORONG 14 & LORONG 20","-5.144279","119.432275"
"7371031007003003","7371031007","003","003","JL. ABUBAKAR LAMBOGO","LORONG 14 & LORONG 15 & LORONG 16 & LORONG 18","-5.143711","119.432369"
"7371031007003004","7371031007","003","004","JL. ABUBAKAR LAMBOGO & JL. INSPEKSI KANAL","LORONG 14 & LORONG 15 & LORONG 20 & LORONG 18 & LORONG 21B","-5.144061","119.432839"
"7371031007003005","7371031007","003","005","JL. ABUBAKAR LAMBOGO & JL. MOH YAMIN BARU","LORONG 20 & LORONG 15 & LORONG 16 & LORONG 18","-5.143538","119.433004"
"7371031007003006","7371031007","003","006","INSPEKSI KANAL & JL. MOH YAMIN BARU","LORONG 15 & LORONG 20 & LORONG 18 & LORONG 21B","-5.144026","119.433592"
"7371031007004001","7371031007","004","001","JL. ABUBAKAR LAMBOGO 3 & INSPEKSI KANAL","LORONG 9 & LORONG 9A","-5.145862","119.431003"
"7371031007004002","7371031007","004","002","JL. ABUBAKAR LAMBOGO & JL. INSPEKSI KANAL","LORONG 9 & LORONG 10","-5.145174","119.431195"
"7371031007004003","7371031007","004","003","JL. ABUBAKAR LAMBOGO","LORONG 12 & LORONG 11 & LORONG 10","-5.144321","119.431531"
"7371031007004004","7371031007","004","004","JL. ABUBAKAR LAMBOGO","LORONG 12 & LORONG 11 & LORONG 10","-5.144568","119.431965"
"7371031007004005","7371031007","004","005","JL. ABUBAKAR LAMBOGO & JL. INSPEKSI KANAL","LORONG 10 & LORONG 11","-5.144896","119.431956"
"7371031007005001","7371031007","005","001","JL. GOTONG ROYONG & JL. GOTONG ROYONG 6 & JL. MOH YAMIN BARU & JL. INSPEKSI KANAL",,"-5.144646","119.434599"
"7371031007005002","7371031007","005","002","JL. MOH. YAMIN BARU & JL. INSPEKSI KANAL",,"-5.144546","119.433934"
"7371031007005003","7371031007","005","003","JL. MOH. YAMIN BARU & INSPEKSI KANAL","LORONG 24","-5.144692","119.433241"
"7371031007005004","7371031007","005","004","JL. MOH. YAMIN BARU & INSPEKSI KANAL",,"-5.144963","119.432814"
"7371031007005005","7371031007","005","005","JL. KELAPA TIGA & JL. INSPEKSI KANAL","LORONG 10","-5.145705","119.432006"
"7371031007005006","7371031007","005","006","JL. KELAPA TIGA & JL. INSPEKSI KANAL","LORONG BUNTU","-5.146071","119.431655"
"7371041001002001","7371041001","002","001","JL. SOMBA OPU & JL. ALI MALAKA & JL. MUCHTAR LUTFI",,"-5.141497","119.407363"
"7371031008001001","7371031008","001","001","JL. ABUBAKAR LAMBOGO & JL. TIMUR KANAL ABLAM","LORONG 1","-5.145187","119.426682"
"7371031008001002","7371031008","001","002","JL. ABUBAKAR LAMBOGO & JL. ABUBAKAR LAMBOGO I & JL. TIMUR KANAL ABLAM","LORONG 1","-5.145252","119.427106"
"7371031008001003","7371031008","001","003","JL. ABUBAKAR LAMBOGO I","LORONG 1","-5.145778","119.427090"
"7371031008001004","7371031008","001","004","JL. ABUBAKAR LAMBOGO 1 & JL. TIMUR KANAL ABLAM","LORONG 1","-5.146142","119.426738"
"7371031008001005","7371031008","001","005","JL. ABUBAKAR LAMBOGO I","LORONG 1B","-5.146102","119.427353"
"7371031008001006","7371031008","001","006","JL. SUNGAI SADDAN BARU & JL. ABUBAKAR LAMBOGO I & JL. TIMUR KANAL ABLAM","LORONG 1B","-5.146801","119.427096"
"7371031008002001","7371031008","002","001","JL. ABUBAKAR LAMBOGO & JL. ABUBAKAR LAMBOGO II","LORONG 1","-5.145675","119.428253"
"7371031008002002","7371031008","002","002","JL. ABUBAKAR LAMBOGO & JL. ABUBAKAR LAMBOGO I","LORONG 1","-5.145469","119.427906"
"7371031008002003","7371031008","002","003","JL. ABUBAKAR LAMBOGO & JL. ABUBAKAR LAMBOGO I","LORONG 1","-5.145871","119.427768"
"7371031008002004","7371031008","002","004","JL. ABUBAKAR LAMBOGO & JL. ABUBAKAR LAMBOGO II","LORONG 1","-5.146018","119.428088"
"7371031008002005","7371031008","002","005","JL. ABUBAKAR LAMBOGO I & JL. ABUBAKAR LAMBOGO II",,"-5.146369","119.427858"
"7371031008002006","7371031008","002","006","JL. ABUBAKAR LAMBOGO I & JL. ABUBAKAR LAMBOGO II",,"-5.146597","119.427544"
"7371031008002007","7371031008","002","007","JL. SUNGAI SADDAN BARU & JL. ABUBAKAR LAMBOGO I & JL. ABUBAKAR LAMBOGO II","LORONG 1","-5.147075","119.427713"
"7371031008003001","7371031008","003","001","JL. ABUBAKAR LAMBOGO I & JL. ABUBAKAR LAMBOGO III","LORONG 2 & LORONG 3","-5.146062","119.429181"
"7371041007003004","7371041007","003","004",,,"-5.125414","119.343588"
"7371031008003002","7371031008","003","002","JL. ABUBAKAR LAMBOGO I & JL. ABUBAKAR LAMBOGO II & JL. ABUBAKAR LAMBOGO III","LORONG 2","-5.146110","119.428546"
"7371031008003003","7371031008","003","003","JL. ABUBAKAR LAMBOGO I & JL. ABUBAKAR LAMBOGO II & JL. SUNGAI SADDANG BARU","LORONG 2 & LORONG 3 & LORONG 6","-5.146834","119.428881"
"7371031008003004","7371031008","003","004","JL. ABUBAKAR LAMBOGO I & JL. ABUBAKAR LAMBOGO II & JL. SUNGAI SADDANG BARU","LORONG 2 & LORONG 6","-5.146577","119.428485"
"7371031008003005","7371031008","003","005","JL. ABUBAKAR LAMBOGO II & JL. SUNGAI SADDANG BARU","LORONG 2 & LORONG 3","-5.147064","119.428540"
"7371031008003006","7371031008","003","006","JL. ABUBAKAR LAMBOGO II & JL. SUNGAI SADDANG BARU","LORONG 3","-5.147401","119.428248"
"7371031008004001","7371031008","004","001","JL. ABUBAKAR LAMBOGO I & JL. ABUBAKAR LAMBOGO III","LORONG 5 & LORONG 3","-5.146084","119.429831"
"7371031008004002","7371031008","004","002","JL. ABUBAKAR LAMBOGO I & JL. ABUBAKAR LAMBOGO III","LORONG 5","-5.146312","119.430473"
"7371031008004003","7371031008","004","003","JL. ABUBAKAR LAMBOGO I & JL. ABUBAKAR LAMBOGO III","LORONG 6","-5.146521","119.431071"
"7371031008004004","7371031008","004","004","JL. ABUBAKAR LAMBOGO I & JL. SUNGAI SADDANG BARU & JL. ABUBAKAR LAMBOGO III","LORONG 5 & LORONG 6","-5.147023","119.430178"
"7371031008004005","7371031008","004","005","JL. ABUBAKAR LAMBOGO I & JL. SUNGAI SADDANG BARU","LORONG 3 & LORONG 5 & LORONG 6","-5.146693","119.429616"
"7371031008004006","7371031008","004","006","JL. SUNGAI SADDANG BARU","LORONG 4 & LORONG 5 & LORONG 6","-5.147502","119.429688"
"7371031008004007","7371031008","004","007","JL. SUNGAI SADDANG BARU","LORONG 3 & LORONG 4 & LORONG 6","-5.147471","119.429199"
"7371031009001001","7371031009","001","001","JL. VETERAN UTARA & JL. SUNGAI SADDAN BARU",,"-5.146269","119.425685"
"7371031009001002","7371031009","001","002","JL. VETERAN UTARA",,"-5.145036","119.425234"
"7371031009001003","7371031009","001","003","JL. VETERAN UTARA & JL. SUNGAI SADDAN LAMA","LORONG 1","-5.146050","119.424547"
"7371031009001004","7371031009","001","004","JL. VETERAN UTARA & JL. GUNUG NONA BARU",,"-5.144579","119.424502"
"7371031009001005","7371031009","001","005","JL. VETERAN UTARA & JL. ABU BAKAR LAMBOGO","LORONG 2","-5.144801","119.425436"
"7371041001002002","7371041001","002","002","JL. ALI MALAKA & JL. KAMINO",,"-5.139917","119.407599"
"7371031009001006","7371031009","001","006","JL. ABU BAKAR LAMBOGO",,"-5.145021","119.425855"
"7371031009002001","7371031009","002","001","JL. SUNAGI SADDAN I & JL. GUNUNG NONA BARU & JL. SUNGAI SADDAN LAMA",,"-5.145420","119.424405"
"7371031009002002","7371031009","002","002","JL. SUNGAI SADDAN I & JL. SUNGAI SADDAN II & JL. SUNGAI SADDAN LAMA",,"-5.145497","119.423770"
"7371031009002003","7371031009","002","003","JL. SUNGAI SADDAN I & JL. GUNUNG NONA BARU","LORONG 36","-5.144544","119.423936"
"7371031009002004","7371031009","002","004","JL. SUNGAI SADDAN III & JL. GUNUNG NONA BARU",,"-5.144651","119.423343"
"7371031009002005","7371031009","002","005","JL. SUNGAI SADDAN II & JL. SUNGAI SADDAN III & JL. SUNGAI SADDAN LAMA",,"-5.145456","119.423063"
"7371031009003001","7371031009","003","001","JL. SUNGAI SADDAN IV & JL. GUNUNG NONA BARU & JL. GUNUNG LATIMOJONG & JL. SUNGAI SADDAN LAMA",,"-5.145145","119.421966"
"7371031009003002","7371031009","003","002","JL. SUNGAI SADDAN IV & JL. GUNUNG NONA BARU & JL. SUNGAI SADDAN LAMA",,"-5.145217","119.422492"
"7371031009003003","7371031009","003","003","JL. SUNGAI SADDAN III & JL. GUNUNG NONA BARU & JL. SUNGAI SADDAN LAMA",,"-5.145238","119.422856"
"7371031010001001","7371031010","001","001","JL. BALANA & JL. TITANG",,"-5.135795","119.423688"
"7371031010001002","7371031010","001","002","JL. BALANA I & JL. G BAWAKARAENG & JL. TITANG",,"-5.135295","119.424069"
"7371031010001003","7371031010","001","003","JL. G. BAWAKARAENG & JL. VETERAN UTARA & JL. TITANG & JL. BARONANG & JL. BETE & BETE",,"-5.135855","119.422523"
"7371031010001004","7371031010","001","004","JL. BALANA & JL. BARONANG",,"-5.136212","119.423632"
"7371031010001006","7371031010","001","006","JL. BALANA & JL. BALANA I & JL. TITANG & JL. BARONANG & JL. BETE & BETE",,"-5.136418","119.424768"
"7371031010001007","7371031010","001","007","JL. BALANA I & JL. TITANG & JL. BETE & BETE",,"-5.136212","119.425095"
"7371031010001008","7371031010","001","008","JL. BALANA I & JL. TITANG & JL. G. BAWAKARAENG",,"-5.135535","119.425086"
"7371031010002001","7371031010","002","001","JL. VETERAN UTARA & JL. LURE & JL. MAIRO & JL. BETE & BETE",,"-5.137283","119.422968"
"7371031010002002","7371031010","002","002","JL. BALANA & JL. LURE",,"-5.137795","119.424046"
"7371031010002003","7371031010","002","003","JL. BALANA & JL. MAIRO",,"-5.137489","119.423789"
"7371031010002004","7371031010","002","004","JL. BALANA & JL. MAIRO",,"-5.137252","119.423998"
"7371031010002005","7371031010","002","005","JL. BALANA & JL. BETE & BETE",,"-5.136905","119.423869"
"7371031010002006","7371031010","002","006","JL. BALANA & JL. LURE & JL. BETE & BETE",,"-5.137556","119.424704"
"7371031010002007","7371031010","002","007","JL. BALANA I & JL. LURE & JL. BETE & BETE",,"-5.137220","119.424992"
"7371031010002008","7371031010","002","008","JL. BALANA I & JL. LURE & JL. BETE & BETE",,"-5.137180","119.425243"
"7371031010003001","7371031010","003","001","JL. BALANA & JL. LURE",,"-5.137998","119.424120"
"7371031010003002","7371031010","003","002","JL. VETERAN UTARA & JL. BALANA & JL. LURE & JL. JA'JALA",,"-5.138293","119.423504"
"7371031010003003","7371031010","003","003","JL. VETERAN UTARA & JL. BALANA & JL. KALAMPETO & JL. JA'JALA",,"-5.138817","119.423561"
"7371031010003004","7371031010","003","004","JL. BALANA & JL. LURE & JL. KALAMPETO",,"-5.138590","119.424811"
"7371031010003005","7371031010","003","005","JL. BALANA I & JL. LURE & JL. KALAMPETO",,"-5.138546","119.425280"
"7371031010003006","7371031010","003","006","JL. BALANA II & JL. KALAMPETO","SETAPAK 6","-5.139047","119.425977"
"7371031010003007","7371031010","003","007","JL. BALANA II & JL. LURE","SETAPAK 6","-5.138563","119.425969"
"7371031010003008","7371031010","003","008","JL. BALANA II & JL. LURE","SETAPAK 2","-5.137764","119.425932"
"7371031010004001","7371031010","004","001","JL. BALANA & JL. VETERAN UTARA & JL. KALAMPETO",,"-5.139220","119.424195"
"7371031010004002","7371031010","004","002","JL. CEPA",,"-5.139620","119.424148"
"7371051002005001","7371051002","005","001","JL.DIPONEROGO",,"-5.125899","119.416832"
"7371031010004003","7371031010","004","003","JL. VETERAN UTARA & JL. BALANA & JL. CEPA & JL. KERUNG & KERUNG",,"-5.139962","119.423902"
"7371031010004004","7371031010","004","004","JL. BALANA & JL. KALAMPETO",,"-5.139381","119.424964"
"7371031010004005","7371031010","004","005","JL. BALANA & JL. KERUNG & KERUNG","LORONG 47B","-5.139870","119.425590"
"7371031010004006","7371031010","004","006","JL. KERUNG & KERUNG & JL. KALAMPETO","LORONG 47C","-5.139313","119.426174"
"7371031010004007","7371031010","004","007","JL. KERUNG & KERUNG & JL. KALAMPETO","LORONG 47B & LORONG 47C","-5.139580","119.426021"
"7371031010004008","7371031010","004","008","JL. KERUNG & KERUNG","LORONG 47B","-5.139871","119.425986"
"7371031011001001","7371031011","001","001","JL. MACCINI TENGAH & JL. MACCINI RAYA","LORONG IV","-5.137885","119.430972"
"7371031011001002","7371031011","001","002","JL. MACCINI TENGAH & JL. MACCINI RAYA","LORONG IV","-5.138206","119.431353"
"7371031011001003","7371031011","001","003","JL. MESJID JABAL NUR & JL. MACCINI RAYA & JL . MACCINI TENGAH","LORONG IV","-5.138471","119.431896"
"7371031011001004","7371031011","001","004","JL. MESJID JABAL NUR & JL. KEBANGKITAN & JL . MACCINI TENGAH","LORONG IV","-5.138892","119.431577"
"7371031011001005","7371031011","001","005","JL. KEBANGKITAN & JL . MACCINI TENGAH","LORONG IV","-5.138723","119.431190"
"7371031011001006","7371031011","001","006","JL. KEBANGKITAN & JL . MACCINI TENGAH","LORONG IV","-5.138453","119.430696"
"7371031013003003","7371031013","003","003","JL. VETERAN UTARA","LORONG 45","-5.141541","119.425371"
"7371031011002001","7371031011","002","001","JL. MESJID JABAL NUR & JL. MACCINI RAYA & JL . KEMAUAN RAYA & JL. KEBANGKITAN","LORONG VII","-5.138686","119.432325"
"7371031011002002","7371031011","002","002","JL. MACCINI RAYA & JL . KEMAUAN RAYA & JL. KEAMANAN & JL. KEMAUAN I","LORONG GARDEN","-5.138328","119.433149"
"7371031011002003","7371031011","002","003","JL . KEMAUAN RAYA & JL. KEMAUAN I & JL. KEMAUAN II","LORONG GARDEN","-5.139125","119.433279"
"7371031011002004","7371031011","002","004","JL . KEMAUAN RAYA & JL. KEMAUAN II & JL. KEMAUAN III",,"-5.139501","119.433163"
"7371031011002005","7371031011","002","005","JL. KEAMANAN & JL . KEMAUAN I",,"-5.139252","119.433757"
"7371031011003001","7371031011","003","001","JL. MACCINI TENGAH & JL. KEBANGKITAN & JL . KESATUAN",,"-5.139241","119.430919"
"7371031011003002","7371031011","003","002","JL. MESJID JABAL NUR & JL. KEBANGKITAN & JL . KESATUAN & JL. KEMAUAN RAYA",,"-5.139504","119.431755"
"7371031011003003","7371031011","003","003","JL . KEMAUAN RAYA & JL. KEMAUAN III & JL. KESATUAN",,"-5.139904","119.432902"
"7371031011003004","7371031011","003","004","JL. KEAMANAN & JL. KESATUAN & JL. KEMAUAN I",,"-5.139988","119.433686"
"7371031011004001","7371031011","004","001","JL. MACCINI TENGAH & JL. KEMAJUAN & JL . MOH. YAMIN",,"-5.140139","119.430257"
"7371031011004002","7371031011","004","002","JL. KEMAJUAN & JL. KEMAUAN RAYA",,"-5.140400","119.431249"
"7371031011004003","7371031011","004","003","JL. MACCINI TENGAH & JL. KEMAJUAN","LORONG V","-5.139871","119.430377"
"7371031011004004","7371031011","004","004","JL. MESJID JABAL NUR & JL. KEMAJUAN & JL . KESATUAN & JL. KEMAUAN RAYA & JL. MACCINI TENGAH","LORONG V","-5.140210","119.431868"
"7371031011004005","7371031011","004","005","JL. MESJID JABAL NUR & JL . KESATUAN & JL. MACCINI TENGAH","LORONG V","-5.139901","119.431329"
"7371031011004006","7371031011","004","006","JL . KESATUAN & JL. MACCINI TENGAH","LORONG I & LORONG V","-5.139773","119.430997"
"7371031011004007","7371031011","004","007","JL . KESATUAN & JL. MACCINI TENGAH","LORONG V","-5.139620","119.430464"
"7371031011005001","7371031011","005","001","JL. KESATUAN & JL. KEMAUAN III & JL. KEMAUAN IV & JL. KEMAUAN V",,"-5.140548","119.433163"
"7371031011005002","7371031011","005","002","JL. KEMAUAN RAYA & JL. KEMAUAN V & JL. KEMAUAN VI",,"-5.140999","119.432176"
"7371031011005003","7371031011","005","003","JL. KEMAUAN RAYA & JL. KEMAUAN V & JL. KEMAUAN VI","LORONG 7B","-5.141437","119.432400"
"7371031011005004","7371031011","005","004","JL. KESATUAN & JL. KEMAUAN RAYA & JL. KEMAUAN IV & JL. KEMAUAN V",,"-5.140278","119.432409"
"7371071009003004","7371071009","003","004",,,".","."
"7371031011006001","7371031011","006","001","JL. KEAMANAN & JL. KESATUAN IV & JL. KESATUAN",,"-5.140560","119.434026"
"7371031011006002","7371031011","006","002","JL. KEMAUAN III & JL. KESATUAN",,"-5.140713","119.433672"
"7371031011006003","7371031011","006","003","JL. KESATUAN IV & JL. KESATUAN III",,"-5.141561","119.433543"
"7371031011006004","7371031011","006","004","JL. KEMAUAN III & JL. KESATUAN & JL. KEMAUAN V","LORONG 6","-5.141066","119.433172"
"7371031011006005","7371031011","006","005","JL. KESATUAN IV & JL. KEMAUAN V",,"-5.141784","119.432855"
"7371031012001001","7371031012","001","001","JL. G. BAWAKARAENG","LORONG 75B","-5.135499","119.425785"
"7371031012001002","7371031012","001","002","JL. G. BAWAKARAENG","LORONG 75B","-5.135894","119.425559"
"7371031012001003","7371031012","001","003","JL. MACCINI GUSUNG","LORONG 75B","-5.136341","119.425928"
"7371031012001004","7371031012","001","004","JL. MACCINI GUSUNG","LORONG 75B","-5.136843","119.425615"
"7371031012002001","7371031012","002","001","JL. G. BAWAKARAENG & JL. MACCINI GUSUNG","LORONG II & SETAPAK 2","-5.135502","119.426384"
"7371031012002002","7371031012","002","002","JL. MACCINI GUSUNG","LORONG II & SETAPAK 2","-5.136065","119.426283"
"7371031012002003","7371031012","002","003","JL. MACCINI GUSUNG","SETAPAK 4 & SETAPAK 2","-5.136220","119.426552"
"7371111008010004","7371111008","010","004","JL. TAMAN SUDIANG INDAH",,"-5.094044","119.524407"
"7371031012002004","7371031012","002","004","JL. MACCINI GUSUNG","SETAPAK 4 & SETAPAK 6","-5.136950","119.426590"
"7371031012002005","7371031012","002","005","JL. BALANA II & JL. MACCINI GUSUNG","SETAPAK 6 & SETAPAK 8","-5.137369","119.426412"
"7371031012002006","7371031012","002","006","JL. BALANA II & JL. MACCINI GUSUNG & JL. LURE","SETAPAK 8","-5.137780","119.426478"
"7371031012003001","7371031012","003","001","JL. MACCINI GUSUNG & JL. LURE","SETAPAK 9 & SETAPAK 11","-5.137878","119.427202"
"7371031012003002","7371031012","003","002","JL. MACCINI GUSUNG","SETAPAK 5 & SETAPAK 7 & SETAPAK 9 & SETAPAK 11","-5.137409","119.427040"
"7371031012003003","7371031012","003","003","JL. MACCINI GUSUNG","SETAPAK 5 & SETAPAK 3 & SETAPAK 11","-5.136633","119.427138"
"7371031012003004","7371031012","003","004","JL. MACCINI GUSUNG","LORONG 75E & SETAPAK 1","-5.135884","119.426922"
"7371031012003005","7371031012","003","005","JL. G. BAWAKARAENG & JL. MACCINI BARU","LORONG HATINYA & SETAPAK 1","-5.135854","119.427255"
"7371031012003006","7371031012","003","006","JL. MACCINI BARU","LORONG HATINYA","-5.136459","119.427697"
"7371031012004001","7371031012","004","001","JL. LURE & JL. BARANA II & JL. MACCINI GUSUNG","SETAPAK 10 & SETAPAK 12","-5.138268","119.426436"
"7371031012004002","7371031012","004","002","JL. BARANA II & JL. MACCINI GUSUNG","SETAPAK 10 & SETAPAK 12","-5.138995","119.426667"
"7371031012004003","7371031012","004","003","JL. MACCINI GUSUNG","SETAPAK 13","-5.138283","119.427149"
"7371031012004004","7371031012","004","004","JL. MACCINI GUSUNG","SETAPAK 17","-5.138869","119.427002"
"7371031012004005","7371031012","004","005","JL. KERUNG & KERUNG & JL. MACCINI BARU & JL. MACCINI GUSUNG","LORONG I","-5.139828","119.427313"
"7371031012005001","7371031012","005","001","JL. KERUNG & KERUNG & JL. MACCINI BARU & JL. MACCINI KIDUL","LORONG I","-5.139848","119.428316"
"7371031012005002","7371031012","005","002","JL. MACCINI BARU & JL. MACCINI KIDUL",,"-5.139339","119.428108"
"7371031012005003","7371031012","005","003","JL. MACCINI BARU & JL. MACCINI KIDUL",,"-5.138923","119.428170"
"7371031012005004","7371031012","005","004","JL. MACCINI BARU & JL. MACCINI KIDUL","LORONG II","-5.138469","119.427768"
"7371031012006001","7371031012","006","001","JL. MACCINI KIDUL",,"-5.138343","119.428930"
"7371031012006002","7371031012","006","002","JL. MACCINI KIDUL",,"-5.139051","119.428876"
"7371031012006003","7371031012","006","003","JL. MACCINI SAWAH & JL. MACCINI KIDUL",,"-5.139295","119.428728"
"7371031012006004","7371031012","006","004","JL. MACCINI SAWAH & JL. KERUNG & KERUNG","LORONG VI","-5.139693","119.428889"
"7371031012006005","7371031012","006","005","JL. MACCINI SAWAH & JL. MACCINI GUSUNG",,"-5.138643","119.429317"
"7371031013001001","7371031013","001","001","JL. VETERAN UTARA & JL. SUNGAI LIMBOTO & JL. G. SALAHUTU I",,"-5.142002","119.423903"
"7371031013001002","7371031013","001","002","JL. VETERAN UTARA & JL. G. SALAHUTU & JL. G. SALAHUTU I",,"-5.141230","119.423623"
"7371031013001003","7371031013","001","003","JL. G. SALAHUTU & JL. G. SALAHUTU I & JL. G. SALAHUTU II","LORONG GARDEN","-5.140738","119.422914"
"7371031013001004","7371031013","001","004","JL. G. SALAHUTU II & JL. SUNGAI LIMBOTO & JL. G. SALAHUTU I","LORONG GARDEN","-5.141690","119.422964"
"7371031013002001","7371031013","002","001","JL. G. SALAHUTU II & JL. SUNGAI LIMBOTO & JL. G. SALAHUTU III",,"-5.141515","119.422105"
"7371031013002002","7371031013","002","002","JL. GUNUNG LATIMOJONG & JL. SUNGAI LIMBOTO & JL. G. SALAHUTU III","LORONG 50","-5.141809","119.421627"
"7371031013002003","7371031013","002","003","JL. GUNUNG LATIMOJONG & JL. G. SALAHUTU & JL. G. SALAHUTU II & JL. G. SALAHUTU III",,"-5.140739","119.421832"
"7371031013003001","7371031013","003","001","JL. VETERAN UTARA","LORONG 43","-5.142154","119.425326"
"7371031013003002","7371031013","003","002","JL. VETERAN UTARA","LORONG 44","-5.141889","119.424798"
"7371121001005005","7371121001","005","005",,,".","."
"7371031013004002","7371031013","004","002","JL. VETERAN UTARA & JL.KERUNG & KERUNG",,"-5.140316","119.424841"
"7371031013004003","7371031013","004","003","JL. ANDI MANGERANGI II & JL.KERUNG & KERUNG","LORONG SANTARIA","-5.141193","119.427110"
"7371031014001001","7371031014","001","001","JL. KERUNG & KERUNG","LORONG SANTARIA & LORONG 12","-5.140823","119.428248"
"7371031014001002","7371031014","001","002","JL. KERUNG & KERUNG","LORONG 12","-5.141421","119.428932"
"7371031014001003","7371031014","001","003","JL. DG SIRAJU","LORONG 12","-5.141614","119.429339"
"7371031014001004","7371031014","001","004","JL. DG SIRAJU & JL. MOH YAMIN","LORONG XI","-5.140508","119.429231"
"7371031014001005","7371031014","001","005","JL. DG SIRAJU & JL. MOH YAMIN","LORONG XI & LORONG 10","-5.141010","119.429628"
"7371031014002001","7371031014","002","001","JL. DG SIRAJU","LORONG 8 & LORONG 10","-5.141902","119.429918"
"7371031014002002","7371031014","002","002","JL. DG SIRAJU","LORONG 6","-5.142634","119.430068"
"7371031014002003","7371031014","002","003","JL. DG SIRAJU","LORONG 4 & LORONG 6","-5.142303","119.430562"
"7371031014002004","7371031014","002","004","JL. DG SIRAJU & JL. ABUBAKAR LAMBOGO","LORONG 4 & LORONG 11A","-5.143259","119.431576"
"7371031014003001","7371031014","003","001","JL. DG SIRAJU & JL. MOH YAMIN","LORONG 9 & LORONG 10","-5.141126","119.430040"
"7371031014003002","7371031014","003","002","JL. DG SIRAJU & JL. MOH YAMIN","LORONG 9 & LORONG 8","-5.141530","119.430208"
"7371031014003003","7371031014","003","003","JL. DG SIRAJU & JL. MOH YAMIN","LORONG 7 & LORONG 8","-5.141647","119.430552"
"7371031014003004","7371031014","003","004","JL. DG SIRAJU & JL. MOH YAMIN","LORONG 7 & LORONG 6","-5.141842","119.430915"
"7371031014004001","7371031014","004","001","JL. MOH YAMIN","LORONG 5B & LORONG 1A & LORONG 12A","-5.141924","119.431856"
"7371031014004002","7371031014","004","002","JL. MOH YAMIN","LORONG 5B & LORONG 7B","-5.141627","119.431443"
"7371031014004003","7371031014","004","003","JL. MOH YAMIN & JL. KEMAUAN RAYA","LORONG 7B","-5.140794","119.430625"
"7371031014005001","7371031014","005","001","JL. DG SIRAJU & JL. MOH YAMIN","LORONG 4 & LORONG 5A & LORONG 6","-5.142295","119.431357"
"7371031014005002","7371031014","005","002","JL. DG SIRAJU & JL. MOH YAMIN","LORONG 3 & LORONG 4","-5.142617","119.431646"
"7371031014005003","7371031014","005","003","JL. DG SIRAJU & JL. MOH YAMIN & JL. ABUBAKAR LAMBOGO","LORONG 1 & LORONG 2","-5.142878","119.432104"
"7371041001001001","7371041001","001","001","JL. SOMBA OPU & JL. ALI MALAKA",,"-5.140507","119.406936"
"7371041001001002","7371041001","001","002","JL. SOMBA OPU",,"-5.139819","119.408146"
"7371041001001003","7371041001","001","003","JL. SOMBA OPU & JL. ALI MALAKA & JL. DG TOMPO",,"-5.140385","119.408057"
"7371041001002004","7371041001","002","004","JL. SOMBA OPU & JL. MUCHTAR LUTFI & JL. DG TOMPO",,"-5.141707","119.408525"
"7371041001002005","7371041001","002","005","JL. ALI MALAKA & JL. DG TOMPO",,"-5.140864","119.408985"
"7371041001003001","7371041001","003","001","JL. MUCHTAR LUTFI & JL. KYAI AHMAD DAHLAN",,"-5.142825","119.408153"
"7371041001003002","7371041001","003","002","JL. MUCHTAR LUTFI & JL. KYAI AHMAD DAHLAN",,"-5.142316","119.408609"
"7371041001003003","7371041001","003","003","JL. MUCHTAR LUTFI & JL. BONTO MARANNU",,"-5.142414","119.408823"
"7371041001003004","7371041001","003","004","JL. MUCHTAR LUTFI & JL. BONTO MARANNU & JL. DG TOMPO",,"-5.142127","119.409249"
"7371041001004001","7371041001","004","001","JL. DG TOMPO & JL. LAMADUKELLENG",,"-5.142964","119.410324"
"7371041001004002","7371041001","004","002","JL. DG TOMPO & JL. MUCHTAR LUTFI & JL. LAMADUKELLENG",,"-5.141808","119.410192"
"7371041001004003","7371041001","004","003","JL. DG TOMPO & JL. ALI MALAKA & JL. MUCHTAR LUTFI",,"-5.140712","119.409763"
"7371041001004004","7371041001","004","004","JL. LAMADUKKELENG",,"-5.142845","119.411278"
"7371041002001001","7371041002","001","001","JL. MONGINSIDI & JL. DR. RATULANGI & JL. GN. BATU PUTIH & JL. BATU PUTIH BUNDAR",,"-5.147737","119.416329"
"7371041002001002","7371041002","001","002","JL. GN. BATU PUTIH",,"-5.146208","119.417049"
"7371041002001003","7371041002","001","003","JL. JEND SUDIRMAN & JL. GN BATU PUTIH & JL. BATU PUTIH BUNDAR",,"-5.145913","119.416295"
"7371041002002001","7371041002","002","001","JL. MONGINSIDI & JL. KOMP PDAM",,"-5.150153","119.416650"
"7371041002002002","7371041002","002","002","JL. KOMP PDAM",,"-5.149215","119.417563"
"7371041002003001","7371041002","003","001","JL. JEND SUDIRMAN & JL. LASINRANG & JL. LAGALIGO",,"-5.147711","119.415036"
"7371041002003002","7371041002","003","002","JL. LASINRANG & JL. LAGALIGO",,"-5.147714","119.413778"
"7371041002003003","7371041002","003","003","JL. LAGALIGO & JL. JEND SUDIRMAN",,"-5.146211","119.412923"
"7371041003001001","7371041003","001","001","JL. GN LOMPO BATTANG",,"-5.140538","119.416895"
"7371041003001002","7371041003","001","002","JL. GN LOMPO BATTANG & JL. ES TANGKA",,"-5.141120","119.416570"
"7371041003001003","7371041003","001","003","JL. GN MERAPI & JL. G KLABAT",,"-5.142799","119.417053"
"7371041003002001","7371041003","002","001","JL. GN MERAPI & JL. GN NONA","LORONG 56","-5.143095","119.417843"
"7371041003002002","7371041003","002","002","JL. GN NONA","LORONG 56","-5.143724","119.418710"
"7371041003002003","7371041003","002","003","JL. GN NONA","LORONG 56","-5.143685","119.419145"
"7371041003002004","7371041003","002","004",,"LORONG 56 & LORONG 53","-5.142632","119.418796"
"7371041003003001","7371041003","003","001","JL. INA SAUDARI & JL. GN NONA",,"-5.143431","119.419625"
"7371041003003OO2","7371041003","003","OO2","JL. INA SAUDARI & JL. GN NONA","GANG NONA","-5.143759","119.420539"
"7371041003003003","7371041003","003","003","JL. BULU INA & JL. GN NONA","GANG NONA","-5.143521","119.420486"
"7371041003003004","7371041003","003","004","JL. GN NONA & JL. BULU INA & JL. GN MERAPI",,"-5.142533","119.419790"
"7371041003004001","7371041003","004","001","JL. GN NONA & JL. BOLANGI","LORONG 4","-5.144801","119.420519"
"7371041003004002","7371041003","004","002","JL. GN NONA","LORONG 4","-5.144649","119.419290"
"7371041003004003","7371041003","004","003","JL. GN NONA & JL. GN MERAPI",,"-5.144861","119.418050"
"7371041003004004","7371041003","004","004","JL. GN NONA & JL. SUNGAI SADDANG LAMA
 JL. BOLANGI","LORONG 4","-5.145583","119.420406"
"7371041004001001","7371041004","001","001","JL. SUNGAI CLARA & JL. GN LOMPO BATTANG",,"-5.133879","119.414260"
"7371041004001002","7371041004","001","002","JL. GN LOMPO BATTANG","LORONG 96","-5.134046","119.415745"
"7371041004001003","7371041004","001","003","JL. BULUSARAUNG & JL. GN LOMPO BATTANG & JL. GN BULUSARAUNG VI",,"-5.132852","119.416002"
"7371041004001004","7371041004","001","004","JL. SUNGAI CLARA & JL. BULUSARAUNG",,"-5.133690","119.416416"
"7371041004002001","7371041004","002","001","JL. SUNGAI CLARA & JL. GN LOMPO BATTANG",,"-5.134403","119.416320"
"7371041004002002","7371041004","002","002","JL. GN BAWAKARAENG & JL. GN LOMPO BATTANG",,"-5.135261","119.417149"
"7371041004002003","7371041004","002","003","JL. GN BAWAKARAENG & JL.GN LOMP BATTANG",,"-5.135386","119.414890"
"7371041004003001","7371041004","003","001","JL. GN BAWAKARAENG & JL. SUNGAI CELENDU & JL. GN LOMPO BATTANG",,"-5.135807","119.416605"
"7371041004003002","7371041004","003","002","JL. GN BAWAKARAENG & JL. GN LOMPO BATTANG",,"-5.136008","119.415570"
"7371041004003003","7371041004","003","003","JL. GN LOMPO BATTANG & JL. BUNTU TORPEDO",,"-5.136599","119.415586"
"7371041004003004","7371041004","003","004","JL. GN BAWAKARAENG & JL. BUNTU TORPEDO",,"-5.136584","119.414841"
"7371041004004001","7371041004","004","001","JL. BUNTU TERPEDO",,"-5.138475","119.415131"
"7371041004004002","7371041004","004","002","JL.GN LOMPO BATTANG",,"-5.138153","119.415885"
"7371041004004003","7371041004","004","003","JL.GN LOMPO BATTANG",,"-5.137852","119.415852"
"7371041004004004","7371041004","004","004","JL. GN LOMPO BATTANG & JL. BUNTU TORPEDO",,"-5.136969","119.415672"
"7371041004005001","7371041004","005","001","JL. GN LOMPO BATTANG",,"-5.138357","119.416779"
"7371041004005002","7371041004","005","002","JL. GN LOMPO BATTANG & JL. GN MERAPI",,"-5.137295","119.416638"
"7371041004005003","7371041004","005","003","JL.GN MERAPI & JL. SUNGAI CELENDU & JL. GN LOMPO BATTANG",,"-5.136672","119.416445"
"7371041004006001","7371041004","006","001","JL. GN MERAPI",,"-5.137247","119.417781"
"7371041004006002","7371041004","006","002","JL. SUNGAI CELENDU",,"-5.136333","119.417805"
"7371041004006003","7371041004","006","003","JL. GN MERAPI & JL. SUNGAI CELENDU",,"-5.137076","119.417133"
"7371041005001001","7371041005","001","001","JL. AMANAGAPPA & JL. BOTOLEMPANGAN",,"-5.137819","119.413163"
"7371041005001002","7371041005","001","002","JL. AMANAGAPPA & JL. BOTOLEMPANGAN",,"-5.137498","119.411778"
"7371041005001003","7371041005","001","003","JL. KAJAOLALIDO & JL. AMANAGAPPA & JL. RA KARTINI",,"-5.136533","119.412887"
"7371041005002001","7371041005","002","001","JL. RA KARTINI & JL. TAMRIN",,"-5.135093","119.412427"
"7371041005002002","7371041005","002","002","JL. TAMRIN",,"-5.134279","119.408715"
"7371041005003001","7371041005","003","001","JL. SULTAN HASANUDDIN & JL. BAU MASSEPE",,"-5.136890","119.407538"
"7371041005003002","7371041005","003","002","JL. SULTAN HASANUDDIN & JL. BAU MASSEPE",,"-5.138927","119.408874"
"7371041005003003","7371041005","003","003","JL. SULTAN HASANUDDIN & JL. TAMRIN & JL. KAJAOLALIDO",,"-5.138248","119.409796"
"7371041006001001","7371041006","001","001","JL. BULOGADING",,"-5.139503","119.406430"
"7371041006001002","7371041006","001","002","JL. ALI MALAKA","LORONG 288 A","-5.140244","119.407608"
"7371041006001003","7371041006","001","003","JL. BULOGADING",,"-5.138997","119.408077"
"7371041006002001","7371041006","002","001","JL. BULOGADING",,"-5.138837","119.407188"
"7371041006002002","7371041006","002","002","JL. BULOGADING",,"-5.138309","119.408018"
"7371041006002003","7371041006","002","003","JL. BULOGADING & JL. SOMBA OPU & JL. BAU MASSEPE",,"-5.138349","119.406575"
"7371041006002004","7371041006","002","004","JL. BAU MASSEPE & JL. SOMBA OPU & JL. PATTIMURA",,"-5.136855","119.406487"
"7371041006003001","7371041006","003","001","JL. BULOGADING & JL. SOMBA OPU & JL. BAU MASSEPE",,"-5.138958","119.406256"
"7371041006003002","7371041006","003","002","JL. SOMBA OPU & JL. BAU MASSEPE & JL. HJ BORRA",,"-5.137923","119.405895"
"7371041006003003","7371041006","003","003","JL. WAHAB TARU & JL. HJ BORRA & JL. SOMBA OPU",,"-5.137438","119.405634"
"7371041006003004","7371041006","003","004","JL. PATTIMURA & JL. SOMBA OPU & JL. WAHAB TARU",,"-5.137050","119.405635"
"7371041006004001","7371041006","004","001","JL. PATTIMURA
 JL. UJUNG PANDANG",,"-5.134339","119.406845"
"7371041006004002","7371041006","004","002","JL. UJUNG PANDANG",,"-5.132927","119.404543"
"7371041006004003","7371041006","004","003",,,"-5.134355","119.406764"
"7371041007001001","7371041007","001","001",,,".","."
"7371041007001002","7371041007","001","002","JL.PASAR IKAN & JL.CENDRAWASIH LORONG",,"-5.137410","119.393332"
"7371041007001003","7371041007","001","003","JL.CENDRAWASIH LORONG",,"-5.138511","119.393464"
"7371041007001004","7371041007","001","004","JL.CENDRAWASIH LORONG",,"-5.138091","119.392670"
"7371041007002001","7371041007","002","001","JL.CENDRAWASIH LORONG",,"-5.137228","119.392761"
"7371041007002002","7371041007","002","002",,,".","."
"7371041007003001","7371041007","003","001",,,"-5.136963","119.390619"
"7371041007003002","7371041007","003","002",,,"-5.135186","119.390388"
"7371041007003003","7371041007","003","003",,,"-5.136397","119.391038"
"7371041008001001","7371041008","001","001","JL.LAMADDUKELLENG",,"-5.144273","119.410531"
"7371041008001002","7371041008","001","002","JL.DATU MUSENG","LORONG 35","-5.143714","119.410152"
"7371041008001003","7371041008","001","003","JL.MAIPA","LORONG 3 & LORONG 35","-5.144584","119.409995"
"7371041008001004","7371041008","001","004","JL.DATU MUSENG & JL.SOMBA OPU","LORONG 35","-5.144876","119.409324"
"7371041008001005","7371041008","001","005","JL.MAIPA & JL.LAMADDUKELLENG & JL.YOSEP LATUMAHINA","LORONG 1","-5.145770","119.410218"
"7371041008001006","7371041008","001","006","JL.MAIPA & JL.PENGHIBUR",,"-5.146089","119.409201"
"7371041008002001","7371041008","002","001","JL.KELAPA & JL.BUNGUR & JL.LAMADDUKELLENG & JL.GOLKAR",,"-5.146529","119.410063"
"7371041008002002","7371041008","002","002",,,".","."
"7371041008002003","7371041008","002","003",,,".","."
"7371041008002004","7371041008","002","004","JL.MANGGA & JL.GOLKAR & JL.KEMIRI & JL.LAMADDUKELLENG",,"-5.146913","119.410750"
"7371041008002005","7371041008","002","005","JL.YOSEP LATUMAHINA & JL.RAMBUTAN & JL.DURIAN & JL.SOMBA OPU",,"-5.146746","119.409283"
"7371041008003001","7371041008","003","001","JL.DURIAN & JL.JOHAR & JL.LAMADDUKELLENG & JL.H.BAU",,"-5.148117","119.410068"
"7371041008003002","7371041008","003","002","JL.H.I.A.SALEH DG.TOMPO & JL.MANGGIS & JL.H.BAU",,"-5.147989","119.411652"
"7371041008003003","7371041008","003","003","JL.ARIEF RATE & JL.YOSEP LATUMAHINA & JL.LAMADDUKELLENG",,"-5.145266","119.412132"
"7371041009001001","7371041009","001","001","JL. JEND SUDIRMAN & JL. S TANGKA",,"-5.139228","119.416026"
"7371041009001002","7371041009","001","002","JL. JEND SUDIRMAN & JL. G KLABAT & JL. S TANGKA",,"-5.141467","119.415632"
"7371041009001003","7371041009","001","003","JL. G KLABAT & JL. JEND SUDIRMAN",,"-5.144705","119.415810"
"7371041009002001","7371041009","002","001","JL. JEND SUDIRMAN & JL. EMY SAELAN",,"-5.144116","119.414451"
"7371041009002002","7371041009","002","002","JL. BOTOLEMPANGAN & JL.SAWERIGADING & JL. EMY SAELAN",,"-5.141950","119.412642"
"7371041009002003","7371041009","002","003","JL. JEND SUDIRMAN & JL. SAWERIGADING & JL. EMY SAELAN & JL. BOTOLEMPANGAN",,"-5.141669","119.412587"
"7371041009003001","7371041009","003","001","JL. SAWERIGADING & JL.BOTOLEMPANGAN",,"-5.140237","119.411000"
"7371041009003002","7371041009","003","002","JL. BOTOLEMPANGAN & JL. CHAIRIL ANWAR",,"-5.139154","119.413080"
"7371041009003003","7371041009","003","003","JL. CHAIRIL ANWAR & JL. JEND SUDIRMAN & JL. SAWERIGADING & JL. BOTOLEMPANGAN",,"-5.140410","119.412735"
"7371041010001001","7371041010","001","001","JL. GN LOMPO BATTANG",,"-5.139255","119.415870"
"7371041010001002","7371041010","001","002","JL. GN LOMPO BATTANG",,"-5.159497","119.416587"
"7371041010001003","7371041010","001","003","JL. GN MERAPI",,"-5.139425","119.417070"
"7371041010002001","7371041010","002","001",,"LORONG 59 D & LORONG 59 C","-5.138492","119.418177"
"7371041010002002","7371041010","002","002",,"LORONG 59 D","-5.137701","119.418167"
"7371041010002003","7371041010","002","003",,"LORONG 59 D & LORONG 59 E","-5.138261","119.418240"
"7371041010002004","7371041010","002","004","JL. GN MERAPI & JL. SUNGAI PAREMAN","LORONG 57","-5.138471","119.417522"
"7371041010002005","7371041010","002","005","JL. GN MERAPI & JL. S PAREMAN","LORONG 57","-5.139652","119.417483"
"7371041010002006","7371041010","002","006","JL. S PAREMAN","LORONG 59 C","-5.139208","119.418503"
"7371041010002007","7371041010","002","007","JL. S PAREMAN","LORONG 57","-5.139516","119.417920"
"7371041010003001","7371041010","003","001","JL. GN MERAPI NO. 103",,"-5.141295","119.417554"
"7371041010003002","7371041010","003","002",,"LORONG 55","-5.141741","119.418081"
"7371041010003003","7371041010","003","003","JL. S PAREMAN & JL. S PAREMAN I",,"-5.139987","119.418176"
"7371041010003004","7371041010","003","004","JL. S PAREMAN & JL. S PAREMAN II",,"-5.140259","119.418445"
"7371041010003005","7371041010","003","005","JL. S PAREMAN & JL. S PAREMAN III & JL. S PAREMAN II",,"-5.140230","119.419164"
"7371121001005006","7371121001","005","006",,,".","."
"7371041010003006","7371041010","003","006","JL. SUNGAI PAREMAN II","LORONG 55 & LORONG 54","-5.141573","119.418682"
"7371041010004001","7371041010","004","001","JL. SUNGAI CENRANA",,"-5.140509","119.420364"
"7371041010004002","7371041010","004","002","JL. SUNGAI CENRANA
 JL. SUNGAI PAREMAN III",,"-5.139804","119.419523"
"7371041010004003","7371041010","004","003","JL. SUNGAI CENRANA & JL. SUNGAI PAREMAN III",,"-5.141414","119.419981"
"7371041010004004","7371041010","004","004","JL. SUNGAI PAREMAN III","LORONG 54","-5.141513","119.419293"
"7371051001001001","7371051001","001","001","JL.JEND.AHMAD YANI & JL.HOS COKROMINATO & JL.JEND.M. JUSUF",,"-5.131928","119.414042"
"7371051001001002","7371051001","001","002",,,".","."
"7371051001001003","7371051001","001","003","JL .AKADEMIS & JL.JEND.M.JUSUF",,"-5.131631","119.415509"
"7371051001001004","7371051001","001","004","JL.KYAI H.AGUS SALIM & JL.LAIYA 3 & JL.AKADEMIS",,"-5.130547","119.415707"
"7371051001002001","7371051001","002","001",,,".","."
"7371051001002002","7371051001","002","002","JL.DR WAHIDIN SUDIRO HUSODO & JL.SAMALONA",,"-5.130874","119.412361"
"7371051001002003","7371051001","002","003","JL HOS COKROMINOTO & JL.SAMALONA",,"-5.132467","119.412529"
"7371051001003001","7371051001","003","001","JL.SAVU & JL.BALI & JL.SUMBA",,"-5.130498","119.411410"
"7371051001003002","7371051001","003","002","JL.SAVU & JL.BALI & JL.SUMBA & JL.LOMBOK",,"-5.130379","119.410131"
"7371051001003003","7371051001","003","003","JL.BONERATE & JL.BALI & JL.SUMBA & JL.LOMBOK",,"-5.129862","119.409294"
"7371051001004001","7371051001","004","001","JL.LOMBOK & JL.BALI",,"-5.129670","119.411192"
"7371051001004002","7371051001","004","002","JL.BALI",,"-5.129074","119.409145"
"7371051001004003","7371051001","004","003","JL.BALI",,"-5.129123","119.410029"
"7371051001005001","7371051001","005","001","JL.AHMAD YANI & JL.SERUI & JL.JAMPEA",,"-5.132311","119.408863"
"7371051001005002","7371051001","005","002","JL.SERUI & JL.SUMBA",,"-5.131360","119.410138"
"7371051001005003","7371051001","005","003","JL.FLORES & JL.JAMPEA",,"-5.130472","119.408270"
"7371051001006001","7371051001","006","001","JL.BONERATE & JL.JAMPE & JL.SERUI",,"-5.131363","119.407503"
"7371051001006002","7371051001","006","002","JL.BONERATE & JL.SULAWESI & JL.SERUI",,"-5.131354","119.406484"
"7371051001006003","7371051001","006","003","JL.NUSANTARA & JL.NUSANTARA BARU",,"-5.129745","119.406913"
"7371051002001001","7371051002","001","001","JL.IRIAN & JL.DIPONEGORO",,"-5.126806","119.413685"
"7371051002001002","7371051002","001","002","JL.KABAENA","LORONG 225","-5.126401","119.414118"
"7371051002001003","7371051002","001","003","JL.KABAENA",,"-5.125308","119.414122"
"7371051002002001","7371051002","002","001","JL.MUNA","LORONG 202 B & LORONG 202 C","-5.123353","119.414280"
"7371051002002002","7371051002","002","002","JL.TENTARA PELAJAR","LORONG 202 C","-5.123170","119.414683"
"7371051002002003","7371051002","002","003","JL.IRIAN",,"-5.123032","119.413334"
"7371051002003001","7371051002","003","001","JL.MUHAMMADIYAH & JLBURU","LORONG 226","-5.125576","119.415286"
"7371051002003002","7371051002","003","002","JL.DIPONEGORO & JL.MUHAMMADIYAH","LORONG 226","-5.126669","119.415511"
"7371051002003003","7371051002","003","003","JL.KABAENA",,"-5.126585","119.414902"
"7371051002004001","7371051002","004","001","JL.DIPONEGORO","LORONG 331","-5.125992","119.416220"
"7371051002004002","7371051002","004","002","JL.BURU",,"-5.125094","119.416089"
"7371051002004003","7371051002","004","003","JL.MUHAMMADIYAH",,"-5.125761","119.415728"
"7371051002004004","7371051002","004","004","JL.DIPONEROGO","LORONG 331","-5.125891","119.416429"
"7371051002005002","7371051002","005","002","JL.DIPONEROGO","LORONG 331","-5.125602","119.417578"
"7371051002005003","7371051002","005","003","JL.BURU",,"-5.125046","119.417231"
"7371051002005004","7371051002","005","004","JL.DIPONEROGO","LORONG 331","-5.126255","119.417870"
"7371051002006001","7371051002","006","001","JL.TANIBAR & JL.BURU & JL.K.H.ABDULLAH & J l. Dr. Wahidin Sudiro Husodo No.192",,"-5.124530","119.413587"
"7371051002006002","7371051002","006","002","JL.DOBU & JL.MUNA",,"-5.123842","119.413994"
"7371051002006003","7371051002","006","003","JL.K.H.ABDULLAH","LORONG 4","-5.124693","119.414534"
"7371051002006004","7371051002","006","004","JL.MUHAMMADIYAH","LORONG 1","-5.123955","119.414985"
"7371051002007001","7371051002","007","001","JL.MUHAMMADIYAH","LORONG 139 B","-5.123359","119.415757"
"7371051002007002","7371051002","007","002","JL.TENTARA PELAJAR","LORONG 139 B","-5.123029","119.415713"
"7371051002007003","7371051002","007","003","JL.MUHAMMADIYAH & JL.ANDALAS MAKASSAR","LORONG 139 B","-5.123662","119.415665"
"7371051002007004","7371051002","007","004","JL.MUHAMMADIYAH",,"-5.124213","119.415470"
"7371051002008001","7371051002","008","001","JL.ANDALAS MAKASSAR & JL.BURU",,"-5.124769","119.417059"
"7371051002008002","7371051002","008","002","JL.ANDALAS MAKASSAR",,"-5.124204","119.416912"
"7371051002008003","7371051002","008","003","JL.ANDALAS MAKASSAR",,"-5.123831","119.416689"
"7371051002008004","7371051002","008","004","JL.ANDALAS Ko.tni & al No.C2/09",,"-5.123262","119.417191"
"7371051002008005","7371051002","008","005","JL.TENTARA PELAJAR & JL.ANDALAS",,"-5.122834","119.417635"
"7371051003001001","7371051003","001","001","JL.BUTUNG",,"-5.123631","-19.412695"
"7371051003001002","7371051003","001","002","JL.BUTUNG",,"-5.124060","119.412898"
"7371051003001003","7371051003","001","003","JL.BANDA",,"-5.124452","119.412927"
"7371051003001004","7371051003","001","004","JL.SARAPPO","LORON 59 & LORONG 76","-5.124277","119.412136"
"7371051003001005","7371051003","001","005","JL.SARAPPO & JL.BUTUNG",,"-5.123513","119.412288"
"7371051003001006","7371051003","001","006","JL.SARAPPO & JL.BUTUNG",,"-5.122715","119.412472"
"7371051003002001","7371051003","002","001","JL.KALIMANTAN","LORONG 184","-5.123668","119.411403"
"7371051003002002","7371051003","002","002","JL.SARAPPO",,"-5.124139","119.411820"
"7371051003002003","7371051003","002","003","JL.KALIMANTAN & JL.SARAPPO & JL.BUTUNG",,"-5.122627","119.411671"
"7371051003003001","7371051003","003","001","JL.KALIMANTAN & JL.SULAWESI",,"-5.124048","119.410436"
"7371051003003002","7371051003","003","002","JL.SULAWESI & JL.BUTUNG","LORONG 193","-5.123230","-19.410238"
"7371051003003003","7371051003","003","003","JL.SULAWESI & JL.BUTUNG",,"-5.122552","119.410054"
"7371051003004001","7371051003","004","001","JL.NUSANTARA BARUI & JL.NUSANTARA",,"-5.123662","119.409197"
"7371051003004002","7371051003","004","002","JL.NUSANTARA & JL.SULAWESI",,"-5.122184","119.409737"
"7371051004001001","7371051004","001","001","JL.SALEMO & JL.TENTARA PELAJAR","LORONG 159","-5.122353","119.415498"
"7371051004001002","7371051004","001","002","JL.TENTARA PELAJAR","LORONG 159","-5.122341","119.416328"
"7371051004001003","7371051004","001","003","JL.SALEMO","LORONG 159","-5.121697","119.415372"
"7371051004001004","7371051004","001","004","JL.SALEMO","LORONG 158","-5.120858","119.415244"
"7371051004001005","7371051004","001","005","JL.SALEMO","LORONG 159","-5.121507","119.415844"
"7371051004001006","7371051004","001","006","JL.SALEMO","LORONG 155 & LORONG 159","-5.121487","119.416075"
"7371051004002001","7371051004","002","001","JL.SALEMO",,"-5.120240","119.415134"
"7371051004002002","7371051004","002","002","JL.TARAKAN","LORONG 158","-5.120540","119.415287"
"7371051004002003","7371051004","002","003","JL.TARAKAN",,"-5.120398","119.415714"
"7371051004002004","7371051004","002","004","JL.TARAKAN","LORONG 157","-5.120445","119.415965"
"7371051004002005","7371051004","002","005",,,".","."
"7371051004002006","7371051004","002","006","JL.TARAKAN",,"-5.120610","119.417105"
"7371051004003001","7371051004","003","001","JL.TENTARA PELAJAR",,"-5.122018","119.417125"
"7371051004003002","7371051004","003","002","JL.TENTARA PELAJAR",,"-5.121008","119.416825"
"7371051004003003","7371051004","003","003","JL.TARAKAN","LORONG 155","-5.121401","119.416481"
"7371051004004001","7371051004","004","001","JL.TARAKAN",,"-5.119698","119.416448"
"7371051004004002","7371051004","004","002","JL.TARAKAN",,"-5.119191","119.416314"
"7371051004004003","7371051004","004","003","JL.TARAKAN KOMPLEKS PU",,"-5.119264","119.416844"
"7371051004005001","7371051004","005","001","JL.DA'WAH",,"-5.117789","119.415788"
"7371051004005002","7371051004","005","002","JL.DA'WAH",,"-5.118055","119.415737"
"7371051004005003","7371051004","005","003","JL.TARAKAN",,"-5.118276","119.414747"
"7371051004005004","7371051004","005","004","JL.TARAKAN",,"-5.119552","119.415393"
"7371051004005005","7371051004","005","005","JL.TARAKAN NO.101",,"-5.119095","119.415979"
"7371051004006001","7371051004","006","001","JL.DA'WAH",,"-5.117244","119.416332"
"7371051004006002","7371051004","006","002","JL.SATANDO RAYA",,"-5.116567","119.415712"
"7371051004006003","7371051004","006","003","JL.SATANDO",,"-5.116854","119.414975"
"7371051005001001","7371051005","001","001","JL.TEMBUS NUSAKAMBANGAN & JL.HOS COKROMINOTO & JL.KH WAHID HASYIM",,"-5.128869","119.414011"
"7371051005001003","7371051005","001","003","JL.LAIYA & JL.KYAI H AGUS SALIM",,"-5.129706","119.415701"
"7371051005002001","7371051005","002","001","JL.KAPOPOSANG & JL.DIPONEGORO",,"-5.127285","119.414981"
"7371051005002002","7371051005","002","002","JL.KYAI H AGUS SALIM & JL.KAPOPOSANG & JL.SITANGNGA",,"-5.127792","119.415311"
"7371051005002003","7371051005","002","003","JL.KAPOPOSANG",,"-5.127311","119.415647"
"7371051005003001","7371051005","003","001","JL.DR WAHIDIN SUDIRO HUSODO","LORONG 229","-5.127168","119.413388"
"7371051005003002","7371051005","003","002","JL.IRIAN","LORONG 231","-5.127359","119.414296"
"7371051005003003","7371051005","003","003","JL.KH WAHID HASYIM",,"-5.128028","119.413810"
"7371051005003004","7371051005","003","004","JL.NUSAKAMBANGAN & JL.DR WAHIDIN SUDIROHUSODO",,"-5.128998","119.412680"
"7371051005004001","7371051005","004","001","JL.TIMOR",,"-5.129020","119.411723"
"7371051005004002","7371051005","004","002","JL.TIMOR",,"-5.128609","119.410708"
"7371051005004003","7371051005","004","003","JL.LOMBOK",,"-5.127929","119.410472"
"7371051005005001","7371051005","005","001","JL.LOMBOK & JL.BACAN",,"-5.127775","119.409561"
"7371051005005002","7371051005","005","002","JL.SULAWESI & JL.BACAN",,"-5.127858","119.408881"
"7371051005005003","7371051005","005","003","JL.NUSANTARA BARU & JL.SULAWESI",,"-5.127341","119.407492"
"7371051006001001","7371051006","001","001","JL.KALIMANTAN",,"-5.116787","119.412167"
"7371051006001002","7371051006","001","002","JL.SARAPPO",,"-5.118035","119.412589"
"7371051006001003","7371051006","001","003","JL.BAJI CADDI & JL.SARAPPO",,"-5.118344","119.411580"
"7371051006001004","7371051006","001","004","JL.BALLANG LOMPO & JL.SARAPPO",,"-5.118619","119.412568"
"7371051006002001","7371051006","002","001","JL.BALLANG LOMPO & JL.TARAKAN & JL.KALIMANTAN",,"-5.119284","119.411531"
"7371051006002002","7371051006","002","002","JL.TARAKAN & JL.SARAPPO",,"-5.119738","119.411781"
"7371051006002003","7371051006","002","003","JL.KODINGARENG",,"-5.120229","119.412051"
"7371051006003001","7371051006","003","001","JL.BALLANG LOMPO & JL.TARAKAN & JL.SARAPPO",,"-5.119138","119.412657"
"7371051006003002","7371051006","003","002","JL.KODINGARENG & JL.SARAPPO",,"-5.120068","119.412676"
"7371051006003003","7371051006","003","003","JL.SARAPPO",,"-5.121460","119.412568"
"7371051006004001","7371051006","004","001","JL.KODINGARENG & JL.KALIMANTAN",,"-5.120568","119.411485"
"7371051006004002","7371051006","004","002","JL.KODINGARENG & JL.SARAPPO","LORONG 188","-5.120963","119.412158"
"7371051006004003","7371051006","004","003","JL.KALIMANTAN NO.72",,"-5.121561","119.411487"
"7371051006005001","7371051006","005","001","JL.KALIMANTAN NO.55 & 77",,"-5.121348","119.410819"
"7371051006005002","7371051006","005","002","JL.SAPULI & JL.NUSANTARA",,"-5.121223","119.410107"
"7371051006005003","7371051006","005","003","JL.SAPULI",,"-5.120674","119.410473"
"7371051006006001","7371051006","006","001","JL.KALIMANTAN",,"-5.120049","119.411038"
"7371051006006002","7371051006","006","002","JL.KALIMANTAN",,"-5.120401","119.411008"
"7371051006006003","7371051006","006","003","JL.TARAKAN & JL.NUSANTARA",,"-5.119715","119.410449"
"7371051007001001","7371051007","001","001","JL.TARAKAN & JL.BARRANG LOMPO","LORONG IX","-5.120081","119.413491"
"7371051007001002","7371051007","001","002","JL.IRIAN & JL.DR.WAHIDIN SUDIRO HUSODO","LORONG 9","-5.120639","119.413290"
"7371051007001003","7371051007","001","003","JL.DR.WAHIDIN SUDIRO HUSODO",,"-5.121846","119.413399"
"7371051007001004","7371051007","001","004","JL.BARRANG LOMPO",,"-5.121928","119.413986"
"7371051007001005","7371051007","001","005","JL.BARRANG LOMPO",,"-5.120095","119.414151"
"7371051007001006","7371051007","001","006","JLBARRANG CADDI",,"-5.120910","119.414501"
"7371051007002001","7371051007","002","001","JL.BARRANG LOMPO & JL.BARRANG CADDI",,"-5.122078","119.414365"
"7371051007002002","7371051007","002","002","JL.BARRANG CADDI",,"-5.120463","119.414577"
"7371051007002003","7371051007","002","003","JL.BARRANG CADDI",,"-5.122083","119.414658"
"7371051007002004","7371051007","002","004","JL.SALEMO",,"-5.512212","119.415091"
"7371051007002005","7371051007","002","005","JL.SALEMO",,"-5.119979","119.414650"
"7371051007003001","7371051007","003","001","JL.SALEMO BARU",,"-5.119060","119.414748"
"7371051007003002","7371051007","003","002","JL.TARAKAN","LORONG 182 B13","-5.119452","119.413934"
"7371051007003003","7371051007","003","003","JL.DARUL DA'WAH",,"-5.118045","111.414408"
"7371051007003004","7371051007","003","004","JL.SALEMO BARU & JL.DA'WAH",,"-5.118016","119.414661"
"7371051007004001","7371051007","004","001","JL.TARAKAN","LORONG 182 A & LORONG 182 B","-5.119283","119.413818"
"7371051007004002","7371051007","004","002","JL.DA'WAH","LORONG 7 & LORONG 182 B","-5.118065","119.413450"
"7371051007004003","7371051007","004","003","JL.DR.WAHIDIN SUDIRO HUSODO","LORONG 7","-5.118408","119.413340"
"7371051007004004","7371051007","004","004","JL.TARAKAN & JL.DR.WAHIDIN SUDIRO HUSODO","LORONG 182 A","-5.119133","119.413408"
"7371051007005001","7371051007","005","001","JL.DA'WAH & JL.DR.WAHIDIN SUDIRO HUSODO",,"-5.117467","119.413447"
"7371051007005002","7371051007","005","002","JL.DR.WAHIDIN SUDIRO HUSODO",,"-5.511683","119.413151"
"7371051007005003","7371051007","005","003","JL.DR.WAHIDIN SUDIRO HUSODO",,"-5.116559","119.413086"
"7371051007005004","7371051007","005","004","JL.SATANDO RAYA",,"-5.116272","119.413173"
"7371051007006001","7371051007","006","001","JL.DR.WAHIDIN SUDIRO HUSODO",,"-5.116974","119.414424"
"7371051007006002","7371051007","006","002","JL.SATANDO RAYA",,"-5.116396","119.414483"
"7371051007006003","7371051007","006","003","JL.SATANDO II",,"-5.117286","119.414639"
"7371051007006004","7371051007","006","004","JL.DA'WAH",,"-5.117937","119.414618"
"7371051008001001","7371051008","001","001","JL.NUSANTARA BARU & JL.SULAWESI",,"-5.125030","119.409428"
"7371051008001002","7371051008","001","002","JL.SANGIR & JL.SARAPPO","LORONG 214","-5.125655","119.409784"
"7371051008001003","7371051008","001","003",,,"-5.124771","119.410816"
"7371051008001004","7371051008","001","004","JL.SARAPPO & JL.SANGIR","LORONG 218","-5.125535","119.411192"
"7371051008001005","7371051008","001","005","JL.SARAPPO & JL.SANGIR",,"-5.125087","119.411225"
"7371051008002001","7371051008","002","001","JL.SULAWESI & JL.NUSANTARA BARU",,"-5.126391","119.408542"
"7371051008002002","7371051008","002","002","JL BACAN & JL.SULAWESI",,"-5.126284","119.409140"
"7371051008002003","7371051008","002","003","JL.BACAN","LORONG 240","-5.126631","119.410027"
"7371051008003001","7371051008","003","001","JL SANGIR","LORONG 206","-5.125226","119.412811"
"7371051008003002","7371051008","003","002","JL.SARAPPO",,"-5.124931","119.412043"
"7371051008003003","7371051008","003","003","JL.SARAPPO & JL.SANGIR",,"-5.125851","119.411809"
"7371051008003004","7371051008","003","004","JL.SANGIR & JL.DR WAHIDING SUDIRO HUSODO","LORONG 206","-5.126233","119.412824"
"7371051008004001","7371051008","004","001","JL.SANGIR","LORONG 220","-5.126310","119.410737"
"7371051008004002","7371051008","004","002","JL.SANGIR","LORONG 224","-5.126739","119.412204"
"7371051008004003","7371051008","004","003","JL.IRIAN",,"-5.127193","119.412501"
"7371051008004004","7371051008","004","004","JL.TERNATE & JL.LEMBEH",,"-5.127978","119.411670"
"7371051008004005","7371051008","004","005","JL.LEMBEH",,"-5.127525","119.410348"
"7371051008004006","7371051008","004","006","JL.TERNATE",,"-5.127109","119.411556"
"7371061001001001","7371061001","001","001","JL.CUMI CUMI & JL.PONGTIKU & JL.URIP SUMOHARJO","LORONG 1 B","-5.134222","119.429619"
"7371061001001002","7371061001","001","002","JL.CUMI CUMI & JL.URIP SUMOHARJO","LORONG 2","-5.134096","119.429299"
"7371061001001003","7371061001","001","003","JL.CUMI CUMI & JL.URIP SUMOHARJO",,"-5.134216","119.428853"
"7371061001001004","7371061001","001","004","JL.CUMI CUMI & JL.URIP SUMOHARJO & JL.MASJID RAYA","LORONG 1 A & LORONG 1 B","-5.134751","119.428191"
"7371061001001005","7371061001","001","005","JL.SULTAN DG & JL.LACCUKANG & JL.MASJID RAYA & JL.CUMI CUMI",,"-5.133492","119.427920"
"7371061001002001","7371061001","002","001","JL.SULTAN DG & JL.PONTIKUNG","LORONG 4 A","-5.132119","119.429797"
"7371061001002002","7371061001","002","002","JL.CUMI CUMI & JL.PONTIKUNG","LORONG 4 A","-5.133463","119.429629"
"7371061001002003","7371061001","002","003","JL.LACCUKANG & JL.CUMI CUMI","LORONG 1 & LORONG 4 A","-5.133486","119.428857"
"7371061001002004","7371061001","002","004","JL.SULTAN DG & JL.LACCUKANG","LORONG 1 & LORONG 4 A","-5.132715","119.428722"
"7371061001003001","7371061001","003","001","JL.KALUMPANG & JL.SULTAN DG","LORONG 4","-5.131945","119.431108"
"7371061001003002","7371061001","003","002","JL.KALUMPANG","LORONG 3 & LORONG 4","-5.132401","119.430900"
"7371061001003003","7371061001","003","003","JL.KALUMPANG","LORONG 3 & LORONG 2","-5.132829","119.430938"
"7371061001003004","7371061001","003","004","JL.KALUMPANG","LORONG 1 & LORONG 2","-5.133140","119.430882"
"7371061001003005","7371061001","003","005","JL.KALUMPANG & JL.CUMI CUMI","LORONG 1","-5.133591","119.430907"
"7371061001004001","7371061001","004","001","JL.CUMI CUMI & JL.URIP SUMOHARJO & JL.CUMI CUMI TIMUR","LORONG 1","-5.134384","119.430648"
"7371061001004002","7371061001","004","002","JL.PONTIKUNG & JL.CUMI CUMI & JL.URIP SUMOHARJO & JL.CUMI CUMI TIMUR","LORONG 1","-5.134464","119.430225"
"7371061001004003","7371061001","004","003","JL.KALUMPANG & JL.CUMI CUMI & JL.PONTIKUNG","LORONG 4","-5.133279","119.430368"
"7371061001004004","7371061001","004","004","JL.KALUMPANG & JL.CUMI CUMI & JL.PONTIKUNG","LORONG 5","-5.132364","119.430565"
"7371061002001001","7371061002","001","001","JL.MASJID RAYA & JL.VETERAN UTARA & JL.BAYAM & JL.KUBIS",,"-5.131927","119.421480"
"7371061002001002","7371061002","001","002","JL.VETERAN UTARA & JL.BAYAM & JL.KUBIS",,"-5.132971","119.421883"
"7371061002001003","7371061002","001","003","JL.BAYAM & JL.KUBIS",,"-5.133294","119.422001"
"7371061002001004","7371061002","001","004","JL.VETERAN UTARA & JL.BAYAM & JL.PS.KALIMBUNG",,"-5.133641","119.422188"
"7371061003005004","7371061003","005","004","JL.LAIYA & JL.PAJENEKANG",,"-5.130314","119.417055"
"7371061002002001","7371061002","002","001","JL.VETERAN UTARA & JL.GN.BAWAKARAENG & JL.PS.KALIMBUNG & JL.PS.TERONG",,"-5.134742","119.422958"
"7371061002002002","7371061002","002","002","JL.BAYAM & JL.PS.KALIMBUNG","LORONG 3","-5.133947","119.422717"
"7371061002002003","7371061002","002","003","JL.MENTIMUN & JL.BAYAM & JL.PS.TERONG",,"-5.134275","119.423317"
"7371061002003001","7371061002","003","001","JL.MENTIMUN & JL.BAYAM & JL.PS.TERONG & JL.BATU DOANG RAYA",,"-5.133817","119.424156"
"7371061002003002","7371061002","003","002","JL.MENTIMUN & JL.BAYAM",,"-5.133739","119.423676"
"7371061002003003","7371061002","003","003","JL.MENTIMUN & JL.BAYAM",,"-5.133463","119.423171"
"7371061002004001","7371061002","004","001","JL.MENTIMUN & JL.KUBIS & JL.PS.TERONG",,"-5.133045","119.423970"
"7371061002004002","7371061002","004","002","JL.MENTIMUN & JL.KUBIS","LORONG 3","-5.132870","119.423287"
"7371061002004003","7371061002","004","003","JL.KUBIS & JL.MENTIMUN & JL.BAYAM",,"-5.132895","119.422625"
"7371061002005001","7371061002","005","001","JL.MASJID RAYA & JL.BAYAM",,"-5.131541","119.422197"
"7371061002005002","7371061002","005","002","JL.KUBIS & JL.BAYAM",,"-5.132438","119.422266"
"7371061002005003","7371061002","005","003","JL.MASJID RAYA & JL.BAYAM",,"-5.132018","119.422751"
"7371061002005004","7371061002","005","004","JL.LOBAK & JL.KUBIS & JL.MASJID RAYA",,"-5.131562","119.423104"
"7371061002006001","7371061002","006","001","JL.LOBAK & JL.KANGKUNG & JL.KUBIS",,"-5.132272","119.423584"
"7371061002006002","7371061002","006","002","JL.KANGKUNG & JL.PS.TERONG & JL.KUBIS",,"-5.132363","119.424158"
"7371061002006003","7371061002","006","003","JL.MASJID RAYA & JL.PS.TERONG & JL.KANGKUNG & JL.LOBAK",,"-5.131663","119.424079"
"7371061003001001","7371061003","001","001","JL.MESJID RAYA & JL.GN.LATIMOJONG & JL.GN.LATIMOJONG I & JL.VETERAN UTARA",,"-5.131471","119.419819"
"7371061003001002","7371061003","001","002","JL.GN.LATIMOJONG II & JL.GN.LATIMOJONG & JL.GN.LATIMOJONG I & JL.VETERAN UTARA",,"-5.131782","119.420478"
"7371061003001003","7371061003","001","003","JL.GN.LATIMOJONG II & JL.GN.LATIMOJONG & JL.GN.LATIMOJONG III & JL.VETERAN UTARA",,"-5.132561","119.419823"
"7371061003001004","7371061003","001","004","JL.GN.LATIMOJONG II & JL.VETERAN UTARA",,"-5.132548","119.420965"
"7371061003001005","7371061003","001","005","JL.GN.LATIMOJONG II & JL.VETERAN UTARA",,"-5.132969","119.420600"
"7371061003002001","7371061003","002","001","JL.GN.LATIMOJONG & JL.VETERAN UTARA & JL.GN.BAWAKARAENG","LORONG 103","-5.134444","119.420727"
"7371061003002002","7371061003","002","002","JL.GN.LATIMOJONG & JL.VETERAN UTARA & JL.GN.LATIMOJONG III","LORONG 103","-5.133716","119.420762"
"7371061003003001","7371061003","003","001","JL.GN.LATIMOJONG & JL.SUNGAI CEREKANG & JL.GN.BAWAKARAENG",,"-5.134777","119.418799"
"7371061003003002","7371061003","003","002","JL.GN.LATIMOJONG & JL.MANURUKI VI","LORONG 4","-5.134163","119.418347"
"7371061003003003","7371061003","003","003",,"LORONG 95","-5.134362","119.418855"
"7371061003003004","7371061003","003","004","JL.GN.LATIMOJONG & JL.SUNGAI CEREKANG & JL.BULU SARAUNG SQUARE & JL.GN.BULU SARAUNG & JL.JEND.M.YUSUF","LORONG 95","-5.132902","119.418702"
"7371061003004001","7371061003","004","001","JL.LAIYA & JL.ANDALAS & JL.MASJID RAYA & JL.MONGINSIDI & JL.PANTIBU & JL.GN.BULU SARAUNG & JL.JEND.M.YUSUF",,"-5.130730","119.418713"
"7371061003004002","7371061003","004","002","JL.LAIYA & JL.PAJENEKANG & JL.BONTO SUA & JL.ANUANG & JL.KOMP PASAR BUTUNG & JL.GN.BULU SARAUNG & JL.JEND.M.YUSUF",,"-5.130656","119.418013"
"7371061003005001","7371061003","005","001","JL.LAIYA III & JL.PAJENEKANG & JL.GN.BULU SARAUNG & JL.JEND.M.YUSUF",,"-5.131490","119.417387"
"7371061003005002","7371061003","005","002","JL.KAPTEN PATTIMURA & JL.PAJENEKANG & JL.LAGA LIGO & JL.IR.SUTAMI & JL.MANGGIS",,"-5.130806","119.417104"
"7371061003005003","7371061003","005","003","JL.LAIYA III & JL.AMANAGAPPA & JL.A.MALLOBASSONG & JL.JLAIYA",,"-5.130645","119.416466"
"7371061004001001","7371061004","001","001","JL.ANDALAS & JL.MASJID RAYA & JL.BANDANG","LORONG 126 H","-5.130401","119.420091"
"7371061004001002","7371061004","001","002","JL.ANDALAS","LORONG BERSINAR & LORONG 126 H","-5.129681","119.419421"
"7371061004001003","7371061004","001","003","JL.ANDALAS","LORONG BERSINAR & LORONG 126 F","-5.129419","119.419438"
"7371061004001004","7371061004","001","004","JL.ANDALAS","LORONG 126 E & LORONG 126 F","-5.128926","119.419317"
"7371061004001005","7371061004","001","005","JL.ANDALAS & JL. RAPPO RAPPO","LORONG 126 D","-5.128185","119.419086"
"7371061004001006","7371061004","001","006","JL.BANDANG & JL. RAPPO RAPPO","LORONG 126 D & LORONG 126 E & LORONG 126 F & LORONG 126 G","-5.128891","119.419926"
"7371061004002001","7371061004","002","001","JL.BANDANG & JL.MASJID RAYA & JL.LAMURU & JL.BANDANG XIV",,"-5.130198","119.420958"
"7371061004002002","7371061004","002","002","JL.BANDANG & JL.BANDANG XIII & JL.LAMURU & JL.BANDANG XIV",,"-5.129253","119.420642"
"7371061004002003","7371061004","002","003","JL.SEMBILAN & JL.MASJID RAYA & JL.LAMURU",,"-5.130193","119.421675"
"7371061004002004","7371061004","002","004","JL.SEMBILAN & JL.LAMURU",,"-5.129280","119.421353"
"7371061004003001","7371061004","003","001","JL.SEMBILAN & JL.MASJID RAYA",,"-5.130078","119.422465"
"7371061004003002","7371061004","003","002","JL.SEMBILAN & JL.SEMBILAN I","LORONG 1","-5.129357","119.422685"
"7371061004003003","7371061004","003","003","JL.SEMBILAN",,"-5.129314","119.422024"
"7371061004003004","7371061004","003","004","JL.SEMBILAN",,"-5.128876","119.422198"
"7371061005001001","7371061005","001","001","JL.MASJID RAYA & JL.KANDEA","LORONG 108 A","-5.130543","119.423646"
"7371061005001002","7371061005","001","002","JL.MASJID RAYA","LORONG 108 A","-5.130437","119.423208"
"7371061005001003","7371061005","001","003",,"LORONG 108 A","-5.129594","119.423356"
"7371061005001004","7371061005","001","004","JL.KANDEA","LORONG 108 A","-5.297586","119.423728"
"7371061005001005","7371061005","001","005","JL KANDEA & JL.MASJID RAYA",,"-5.129942","119.425023"
"7371061005002001","7371061005","002","001","JL.KANDEA & JL.KANDEA III","LORONG 2","-5.129044","119.423640"
"7371061005002002","7371061005","002","002","JL.KANDEA","LORONG 107","-5.128464","119.423639"
"7371061005002003","7371061005","002","003","JL.KANDEA","LORONG 107","-5.129020","119.423203"
"7371061005002004","7371061005","002","004","JL.KANDEA & JL.KANDEA III & JL.KANDEA II","LORONG 107","-5.128463","119.423115"
"7371061005003001","7371061005","003","001","JL.KANDEA III","LORONG 1 & LORONG 2 & LORONG 3 & LORONG SANGKALA","-5.127349","119.424902"
"7371061005003002","7371061005","003","002","JL.KANDEA","LORONG GJ.WOLHOOF","-5.127908","119.425145"
"7371061005003003","7371061005","003","003","JL.KANDEA & JL.KANDEA III","LORONG 1 & LORONG 2 & LORONG 3","-5.127823","119.424148"
"7371061005004001","7371061005","004","001","JL.KANDEA III","LORONG 2 & LORONG 3","-5.126494","119.423913"
"7371061005004002","7371061005","004","002",,"LORONG 2 & LORONG 3","-5.126719","119.424691"
"7371061005004003","7371061005","004","003",,"LORONG 3","-5.127294","119.424667"
"7371061005004004","7371061005","004","004","JL.KANDEA III","LORONG 3","-5.127132","119.424088"
"7371061005005001","7371061005","005","001","JL.KANDEA & JL.KANDEA III","LORONG 5 & LORONG 116 & LORONG 107","-5.127687","119.423591"
"7371061005005002","7371061005","005","002","JL.KANDEA III","LORONG 107 & KIP 5 & KIP 7 A","-5.127578","119.422983"
"7371061005005003","7371061005","005","003","JL.KANDEA","LORONG 116 & LORONG 107","-5.128045","119.423102"
"7371121001005007","7371121001","005","007","JL.MANGGALA RAYA",,"-5.168047","119.499008"
"7371061005006001","7371061005","006","001","JL.BUNGA EJAYA","LORONG 116 A & KIP 7 A","-5.126606","119.422987"
"7371061005006002","7371061005","006","002","JL.KANDEA III","KIP 5 & KIP 7 A","-5.126973","119.423485"
"7371061005006003","7371061005","006","003","JL.KANDEA III","KIP 7 A & LORONG 116 A & LORONG 107","-5.127080","119.422659"
"7371061006001001","7371061006","001","001","JL.TINUMBU","LORONG 142 & LORONG 144","-5.123259","119.420184"
"7371061006001002","7371061006","001","002","JL.TINUMBU","LORONG 144","-5.122752","119.420260"
"7371061006001003","7371061006","001","003","JL.TINUMBU & JL.TINUMBU DALAM","LORONG 148 & LORONG 144","-5.122415","119.420737"
"7371061006001004","7371061006","001","004","JL.TINUMBU & JL.TINUMBU DALAM","LORONG 142 & LORONG 144","-5.123299","119.420602"
"7371061006001005","7371061006","001","005","JL.TINUMBU & JL.TINUMBU DALAM","LORONG 142 & LORONG 142 B","-5.123413","119.421070"
"7371061006001006","7371061006","001","006","JL.TINUMBU","LORONG 142 & LORONG 142 B","-5.123485","119.421738"
"7371061006001007","7371061006","001","007","JL.TINUMBU","LORONG 148 & LORONG 148 B","-5.123060","119.421928"
"7371061006002001","7371061006","002","001","JL.TINUMBU","LORONG 148 & LORONG 148 A & LORONG 149","-5.121839","119.420410"
"7371061006002002","7371061006","002","002","JL.TINUMBU","LORONG 148 & LORONG 149","-5.121895","119.420891"
"7371061006002003","7371061006","002","003","JL.TINUMBU & JL.TINUMBU DALAM","LORONG 148 & LORONG 149","-5.122070","119.421460"
"7371061006002004","7371061006","002","004","JL.TINUMBU & JL.TINUMBU DALAM","LORONG 144 & LORONG 148 & LORONG 132","-5.122612","119.421158"
"7371061006002005","7371061006","002","005","JL.TINUMBU","LORONG 142 & LORONG 148","-5.122701","119.421535"
"7371061006003001","7371061006","003","001","JL.SIBULA DALAM & JL.TINUMBU","LORONG 149 & LORONG 148","-5.121213","119.420552"
"7371061006003002","7371061006","003","002","JL.TINUMBU & JL.TINUMBU DALAM & JL.SIBULA DALAM","LORONG 149 & LORONG 148 A","-5.121175","119.421186"
"7371061006003003","7371061006","003","003","JL.TINUMBU & JL.TINUMBU DALAM & JL.UJUNG","LORONG 149","-5.121536","119.421678"
"7371061006003004","7371061006","003","004","JL.TINUMBU & JL.TINUMBU DALAM","LORONG 149 & LORONG 149 C","-5.121710","119.422149"
"7371061006004001","7371061006","004","001","JL.TINUMBU & JL.SIBULA DALAM",,"-5.120199","119.420616"
"7371061006004002","7371061006","004","002","JL.TINUMBU & JL.SIBULA DALAM",,"-5.119729","119.421064"
"7371061006004003","7371061006","004","003","JL.SIBULA DALAM I & JL.TINUMBU DALAM & JL.SIBULA DALAM","LORONG 1 & LORONG 2","-5.120574","119.421135"
"7371061006004004","7371061006","004","004","JL.SIBULA DALAM I & JL.TINUMBU DALAM & JL.SIBULA DALAM","LORONG 1","-5.120206","119.421369"
"7371061006004005","7371061006","004","005","JL.TINUMBU DALAM","LORONG 2","-5.120409","119.421939"
"7371061006004006","7371061006","004","006","JL.TINUMBU DALAM","LORONG 1","-5.120715","119.421900"
"7371061006004007","7371061006","004","007","JL.TINUMBU DALAM",,"-5.120948","119.421812"
"7371061006005001","7371061006","005","001","JL.TINUMBU & JL.SIBULA DALAM",,"-5.119047","119.421131"
"7371061006005002","7371061006","005","002","JL.TINUMBU & JL.SIBULA DALAM",,"-5.118693","119.421277"
"7371061006005003","7371061006","005","003","JL.TINUMBU DALAM & JL.SIBULA DALAM",,"-5.119728","119.421542"
"7371061006005004","7371061006","005","004","JL.TINUMBU DALAM","LORONG 2","-5.119874","119.421881"
"7371061006005005","7371061006","005","005","JL.TINUMBU DALAM","LORONG 3","-5.119504","119.421987"
"7371061006005006","7371061006","005","006","JL.TINUMBU DALAM","LORONG 2","-5.120001","119.422170"
"7371061006006001","7371061006","006","001","JL.PANAMPU & JL.TINUMBU & JL.SIBULA DALAM",,"-5.118280","119.421566"
"7371061006006002","7371061006","006","002","JL.PANAMPU & JL.SIBULA DALAM",,"-5.117994","119.421737"
"7371061010003002","7371061010","003","002","JLMENTIMUN","LORONG 46","-5.134019","119.426159"
"7371061006006003","7371061006","006","003","JL.PANAMPU & JL.SIBULA DALAM","LORONG 132 J","-5.117425","119.421976"
"7371061006006004","7371061006","006","004","JL.SIBULA DALAM","LORONG 4","-5.118525","119.422139"
"7371061007001001","7371061007","001","001","JL.BANDANG & JL.BURU & JL.TINUMBU",,"-5.125662","119.419714"
"7371091002004011","7371091002","004","011","JL.ANGKASA VI",,"-5.137254","119.456449"
"7371061007001002","7371061007","001","002","JL.BANDANG & JL.BANDANG II & JL.BANDANG III & JL.BANDANG IV & JL.BANDANG V & JL.BURU & JL.TINUMBU",,"-5.124067","119.419355"
"7371061007001003","7371061007","001","003","JL.BANDANG & JL.BANDANG II & JL.BANDANG III & JL.BANDANG I & JL.TINUMBU",,"-5.123005","119.419133"
"7371061007001004","7371061007","001","004","JL.UJUNG & JL.BANDANG & JL.TINUMBU & JL.BANDANG I",,"-5.122640","119.419105"
"7371061007002001","7371061007","002","001","JL.BANDANG & JL.ANDALAS & JL.BURU & JL.TINUMBU",,"-5.125438","119.418736"
"7371061007002002","7371061007","002","002","JL.BANDANG & JL.ANDALAS & JL.BURU & JL.UJUNG",,"-5.123911","-51.123911"
"7371061007002003","7371061007","002","003","JL.UJUNG & JL.YOS USDARSO","LORONG BUNTU","-5.122082","119.418171"
"7371061007002004","7371061007","002","004","JL.UJUNG","LORONG 151","-5.121989","119.418724"
"7371061007003001","7371061007","003","001","JL.TINUMBU & JL.YOS SUDARSO","LORONG 154","-5.120766","119.419921"
"7371061007003002","7371061007","003","002","JL.UJUNG & JL.YOS SUDARSO","LORONG 151 & LORONG 154","-5.120669","119.419305"
"7371061007003003","7371061007","003","003","JL.UJUNG","LORONG 151 & LORONG 150","-5.121115","119.419273"
"7371061007003004","7371061007","003","004","JL.UJUNG","LORONG 150 & LORONG 150 A","-5.121184","119.419854"
"7371061007003005","7371061007","003","005","JL.UJUNG","LORONG 150 & LORONG 150 A & LORONG 151","-5.121504","119.419146"
"7371061007003006","7371061007","003","006","JL.UJUNG","LORONG 150 A","-5.122057","119.419703"
"7371061007004001","7371061007","004","001","JL.YOS SUDARSO","LORONG 153","-5.120727","119.417890"
"7371061007004002","7371061007","004","002","JL.YOS SUDARSO","LORONG 151","-5.120459","119.417906"
"7371061007004003","7371061007","004","003","JL.YOS SUDARSO I & JL.UJUNG & JL.YOS SUDARSO II","LORONG 151 & LORONG 153 & LORONG 154","-5.120685","119.418666"
"7371061007004004","7371061007","004","004","JL.YOS SUDARSO","LORONG 153","-5.121180","119.417968"
"7371061007004005","7371061007","004","005","JL.UJUNG","LORONG 151 & LORONG 153","-5.121344","119.418610"
"7371061008001001","7371061008","001","001","JL.BANDANG & JL.ANDALAS & JL.TINUMBU","LORONG 126 A","-5.126663","119.418787"
"7371061008001002","7371061008","001","002","JL.RAPPO RAPPO & JL.ANDALAS","LORONG 126 B","-5.127446","119.419036"
"7371061008001003","7371061008","001","003","JL.RAPPO RAPPO & JL.BANDANG",,"-5.127391","119.419382"
"7371061008002001","7371061008","002","001","JL.TINUMBU & JL.BANDANG",,"-5.126952","119.419878"
"7371061008002002","7371061008","002","002","JL.TINUMBU & JL.LAMURU",,"-5.126769","119.420190"
"7371061008002003","7371061008","002","003","JL.LAMURU","LORONG 118 A & LORONG 118 B & LORONG 118 C","-5.127010","119.420550"
"7371061008002004","7371061008","002","004","JL.BUNGA EJAYA & JL.LAMURU","LORONG 118 C","-5.126497","119.420732"
"7371061008002005","7371061008","002","005","JL.KANDEA","LORONG 118 & LORONG 118 B & LORONG 118 A","-5.127064","119.420891"
"7371061008003001","7371061008","003","001","JL.BANDANG & JL.LAMURU",,"-5.127726","119.420213"
"7371061008003002","7371061008","003","002","JL.KANDEA & JL.LAMURU","LORONG 118","-5.128017","119.420841"
"7371061008003003","7371061008","003","003","JL.KANDEA","LORONG 118 & LORONG 116 A","-5.127534","119.421224"
"7371061008003004","7371061008","003","004","JL.KANDEA","LORONG 118 & LORONG 107","-5.127958","119.421260"
"7371071007004001","7371071007","004","001",,,"-5.102644","119.442314"
"7371061008003005","7371061008","003","005","JL.KANDEA","LORONG 116 & LORONG 118 B & LORONG 118","-5.128119","119.421756"
"7371061008003006","7371061008","003","006","JL.KANDEA & JL.KANDEA II","LORONG 118 & LORONG 118 B","-5.127811","119.421875"
"7371061008003007","7371061008","003","007","JL.KANDEA","LORONG 116 A & LORONG 118","-5.127325","119.421899"
"7371061008003008","7371061008","003","008","JL.KANDEA III","LORONG 107 & LORONG 116","-5.127780","119.422494"
"7371061008004001","7371061008","004","001","JL.SEMBILAN & JL.LAMURU & JL.KANDEA",,"-5.128546","119.421426"
"7371061008004002","7371061008","004","002","JL.KANDEA","LORONG 107 & LORONG 116","-5.128612","119.422555"
"7371061008004003","7371061008","004","003","JL.KANDEA","LORONG 116","-5.128198","119.422447"
"7371061008005001","7371061008","005","001","JL.KANDEA & JL.BUNGA EJAYA","LORONG 118 C","-5.126680","119.421578"
"7371061008005002","7371061008","005","002",,"LORONG 116 A & LORONG 118 A & LORONG 118","-5.127113","119.421316"
"7371061008005003","7371061008","005","003","JL.BUNGA EJAYA","LORONG 116 A","-5.126766","119.421953"
"7371061008005004","7371061008","005","004","JL.KANDEA II & JL.BUNGA EJAYA","LORONG 116 A","-5.126715","119.422192"
"7371061008005005","7371061008","005","005","JL.KANDEA III","LORONG 116 A & LORONG 107","-5.127113","119.422469"
"7371061009001001","7371061009","001","001","JL.DIPENOGORO & JL.KAPOPOSANG & JL.PAJENEKANG","LORONG 118","-5.127073","119.416843"
"7371061009001002","7371061009","001","002","JL.SATANGNGA & JL.LAMPUTANG & JL.PAJENEKANG",,"-5.128242","119.416955"
"7371061009001003","7371061009","001","003","JL.SATANGNGA & JL.LAMPUTANG","LORONG 35","-5.128350","119.416400"
"7371061009001004","7371061009","001","004","JL.DIPENOGORO & JL.KAPOPOSANG & JL.SATANGNGA","LORONG 131","-5.127715","119.416319"
"7371061009001005","7371061009","001","005","JL.PAJENEKANG & JL.KAPOPOSANG & JL.SATANGNGA","LORONG 131 & LORONG 24","-5.127662","119.416914"
"7371061009002001","7371061009","002","001","JL.DIPENOGORO & JL.KAPOPOSANG & JL.PAJENEKANG & JL.ANDALAS","LORONG 130 & LORONG 128","-5.127007","119.417923"
"7371061009002002","7371061009","002","002","JL.PAJENEKANG & JL.KAPOPOSANG & JL.SATANGNGA & JL.DURIAN","LORONG 130","-5.127578","119.417463"
"7371061009002003","7371061009","002","003","JL.SATANGNGA & JL.KAPOPOSANG & JL.ANDALAS",,"-5.127579","119.418079"
"7371061009002004","7371061009","002","004","JL.PAJENEKANG & JL.LAMPUTANG & JL.SATANGNGA & JL.ANDALAS",,"-5.128237","119.418014"
"7371061009003001","7371061009","003","001","JL.LAIYA & JL.LAMPUTANG & JL.ANDALAS",,"-5.129213","119.418385"
"7371061009003002","7371061009","003","002","JL.LAIYA & JL.LAMPUTANG & JL.PAJENEKANG",,"-5.129205","119.417822"
"7371061009004001","7371061009","004","001","JL.LAMPUTANG & JL.PAJENEKANG","LORONG KB","-5.128797","119.416398"
"7371061009004002","7371061009","004","002","JL.LAIYA & JL.KH RAMLI",,"-5.129731","119.416398"
"7371061009004003","7371061009","004","003","JL.LAIYA & JL.PAJENEKANG",,"-5.129322","119.417108"
"7371061009004151","7371061009","004","151","JL.LAIYA",,"-5.129831","119.416878"
"7371061010001001","7371061010","001","001","JL.MASJID RAYA & JL.PS.TERONG",,"-5.132007","119.425094"
"7371061010001002","7371061010","001","002","JL.KUBIS & JL.PS.TERONG & JL.MENTIMUN","LORONG 5","-5.133383","119.424922"
"7371061010001003","7371061010","001","003","JL.LABU & JL.KUBIS & JL.MENTIMUN & JL.MASJID RAYA",,"-5.133131","119.425701"
"7371061010002001","7371061010","002","001","JL.GN.BAWAKARAENG & JL.PS.TERONG & JL.BAYAM",,"-5.134665","119.424823"
"7371061010002002","7371061010","002","002","JL.BAYAM & JL.MENTIMUN",,"-5.134060","119.425449"
"7371061010002003","7371061010","002","003","JL.MENTIMUN & JL.PS.TERONG & JL.BAYAM","LORONG 7","-5.133731","119.424739"
"7371061010003001","7371061010","003","001","JL.GN.BAWAKARAENG & JL.MENTIMUN & JL.LABU",,"-5.134667","119.425672"
"7371061010003003","7371061010","003","003","JL.GN.BAWAKARAENG & JL.LABU","LORONG 75 C","-5.134415","119.426382"
"7371061010003004","7371061010","003","004","JL.GN.BAWAKARAENG & JL.MENTIMUN & JL.KANGKUNG TIMUR","LORONG 75 C","-5.134310","119.426826"
"7371061010004001","7371061010","004","001","JL.LABU & JL.MENTIMUN & JL.KANGKUNG TIMUR & JL.KUBIS",,"-5.133474","119.426156"
"7371061010004002","7371061010","004","002","JL.LABU & JL.MASJID RAYA & JL.KANGKUNG TIMUR & JL.KUBIS",,"-5.132748","119.426399"
"7371091003008002","7371091003","008","002","JL. CAMPAGAYYA",,"-5.145937","119.462928"
"7371061010004003","7371061010","004","003","JL.GN.BAWAKARAENG & JL.MASJID RAYA & JL.KANGKUNG TIMUR",,"-5.134730","119.427392"
"7371061011001001","7371061011","001","001","JL.TINUMBU & JL.BUNGA EJAYA & JL.TINUMBU I",,"-5.126095","119.420515"
"7371061011001002","7371061011","001","002","JL.TINUMBU & JL.TINUMBU I","LORONG BUNTU & LORONG 2","-5.125249","119.420590"
"7371061011001003","7371061011","001","003","JL.TINUMBU & JL.BUNGA EJAYA","LORONG 132 A","-5.125841","119.421017"
"7371061011001004","7371061011","001","004","JL.BUNGA EJAYA","LORONG 1 & LORONG 2","-5.125911","119.421384"
"7371061011001005","7371061011","001","005","JL.BUNGA EJAYA","LORONG 3 & LORONG 2","-5.125890","119.421722"
"7371061011002001","7371061011","002","001","JL.BUNGA EJAYA","LORONG 3 & LORONG 4","-5.125874","119.422105"
"7371061011002002","7371061011","002","002","JL.BUNGA EJAYA","LORONG 3","-5.125168","119.422205"
"7371061011002003","7371061011","002","003","JL.TINUMBU LORONG & JL.BUNGA EJAYA","LORONG 4","-5.125672","119.422543"
"7371061011002004","7371061011","002","004","JL.BUNGA EJAYA",,"-5.126190","119.422910"
"7371061011003001","7371061011","003","001","JL.TINUMBU","LORONG 132 & LORONG 135","-5.124414","119.420254"
"7371061011003002","7371061011","003","002","JL.TINUMBU","LORONG 132 & LORONG 135","-5.124654","119.420609"
"7371061011003003","7371061011","003","003","JL.TINUMBU","LORONG 2 & LORONG 132","-5.124871","119.421042"
"7371061011003004","7371061011","003","004","JL.TINUMBU","LORONG 132 & LORONG 135 C","-5.125113","119.421371"
"7371061011003005","7371061011","003","005","JL.TINUMBU I & JL.BUNGA EJAYA","LORONG 132 & LORONG 3","-5.125311","119.421698"
"7371061011003006","7371061011","003","006","JL.TINUMBU & JL.BUNGA EJAYA","LORONG 132 & LORONG 142 & LORONG 135","-5.124826","119.421743"
"7371061011004001","7371061011","004","001","JL.TINUMBU","LORONG 132 & LORONG 142","-5.123854","119.420457"
"7371061011004002","7371061011","004","002","JL.TINUMBU","LORONG 142","-5.123838","119.421202"
"7371061011004003","7371061011","004","003","JL.TINUMBU","LORONG 132 & LORONG 135 C","-5.124274","119.421087"
"7371061011004004","7371061011","004","004","JL.TINUMBU","LORONG 142","-5.123904","119.421753"
"7371061011004005","7371061011","004","005","JL.TINUMBU","LORONG 135 C","-5.124326","119.421783"
"7371061011004006","7371061011","004","006","JL.TINUMBU","LORONG 142","-5.124114","119.422179"
"7371061012001001","7371061012","001","001","JL.GAU & JL.PONTIKUNG & JL.ANDI TADDE & JL.SULTAN DG","LORONG 6 A","-5.130699","119.429867"
"7371061012001002","7371061012","001","002","JL.ANDI TADDE I & JL.SULTAN DG",,"-5.131510","119.429087"
"7371061012001003","7371061012","001","003","JL.SUNU & JL.SULTAN DG & JL.PETTA PUNGGAWA","LORONG 3 B","-5.131307","119.428353"
"7371061012001004","7371061012","001","004","JL.SUNU & JL.MASJID RAYA",,"-5.131808","119.427001"
"7371061012001005","7371061012","001","005","JL.SUNU & JL.MASJID RAYA & JL.LACCUKANG & JL.SULTAN DG",,"-5.132381","119.427406"
"7371061012002001","7371061012","002","001","JL.PETTA PUNGGAWA",,"-5.130499","119.428148"
"7371061012002002","7371061012","002","002","JL.PETTA PUNGGAWA & JL.ANDI TADDE & JL.LANGGAU & JL.KANDEA III","LORONG 5 & LORONG 6","-5.130100","119.428683"
"7371061012002003","7371061012","002","003","JL.AL MARKAZ AL ISLAMI & JL.SUNU & JL.PETTA PUNGGAWA & JL.LANGGAU",,"-5.129939","119.426871"
"7371061012002004","7371061012","002","004","JL.SUNU & JL.MASJID RAYA & JL.PETTA PUNGGAWA",,"-5.131030","119.427369"
"7371061012002005","7371061012","002","005","JL.ANDI TADDE & JL.ANDI TADDE I & JL.PETTA PUNGGAWA & JL.SULTAN DG","LORONG 2 & LORONG 4","-5.130921","119.428998"
"7371061012003001","7371061012","003","001","JL.PETTA PUNGGAWA & JL.ANDI TADDE & JL.LANGGAU","LORONG 1 & LORONG 9","-5.129611","119.429318"
"7371061012003002","7371061012","003","002","JL.PETTA PUNGGAWA & JL.ANDI TADDE","LORONG 9","-5.129289","119.429305"
"7371061012003003","7371061012","003","003","JL.PETTA PUNGGAWA & JL.SUNU & JL.DATUK RIBANDANG","LORONG 7","-5.128515","119.428545"
"7371061012003004","7371061012","003","004","JL.AL MARKAZ AL ISLAMI & JL.SUNU & JL.DATUK RIBANDANG & JL.LANGGAU","LORONG 7","-5.128560","119.427463"
"7371061012004001","7371061012","004","001","JL.PONTIKUNG & JL.KALUMPANG & JL.SULTAN DG","LORONG 6","-5.131392","119.430572"
"7371061012004002","7371061012","004","002","JL.PONTIKUNG & JL.KALUMPANG & JL.LANGGAU","LORONG 9","-5.130527","119.430610"
"7371061012004003","7371061012","004","003","JL.KALUMPANG & JL.LANGGAU","LORONG 5 & LORONG 9 & LORONG 7","-5.130547","119.431236"
"7371061012004004","7371061012","004","004","JL.KALUMPANG & JL.SULTAN DG","LORONG 5 & LORONG 7","-5.131633","119.431067"
"7371061012005001","7371061012","005","001",,"LORONG 5 & LORONG 7","-5.131661","119.431631"
"7371061012005002","7371061012","005","002","JL.LANGGAU","LORONG 5 & LORONG 6","-5.130895","119.431595"
"7371061012005003","7371061012","005","003","JL.LANGGAU","LORONG 5 & LORONG 6","-5.130380","119.431840"
"7371061012005004","7371061012","005","004","JL.LANGGAU & JL.SULTAN DG","LORONG 7","-5.130856","119.432058"
"7371061012005005","7371061012","005","005","JL.LANGGAU & JL.SULTAN DG","LORONG 8","-5.130624","119.432486"
"7371071001001001","7371071001","001","001","JL BARUKANG RAYA","LORONG 2 & LORONG 165B","-5.116704","119.423747"
"7371071001001002","7371071001","001","002","JL BARUKANG RAYA","LORONG 165B","-5.116030","119.423866"
"7371071001001003","7371071001","001","003","JL BARUKANG RAYA","LORONG 165B","-5.115287","119.424121"
"7371071001001004","7371071001","001","004",,"LORONG 165B","-5.115760","119.424635"
"7371071001001005","7371071001","001","005",,"LORONG 165B","-5.116664","119.424435"
"7371071001001006","7371071001","001","006",,,"-5.116986","119.424889"
"7371071001001007","7371071001","001","007","JL PANNAMPU I & JL INDAH 6",,"-5.117303","119.425619"
"7371071001002001","7371071001","002","001","JL TINUMBU","LORONG 166A & LORONG 166B","-5.116560","119.422037"
"7371071001002002","7371071001","002","002","JL TINUMBU & JL BARUKANG RAYA","LORONG 166B & LORONG 166","-5.116470","119.423143"
"7371071001002003","7371071001","002","003","JL BARUKANG RAYA","LORONG 166B & LORONG 166B","-5.115445","119.423567"
"7371071001002004","7371071001","002","004","JL TINUMBU","LORONG 166B & LORONG 166B","-5.115318","119.422906"
"7371071001002005","7371071001","002","005","JL TINUMBU","LORONG 166A & LORONG 166B","-5.115554","119.422401"
"7371071001002006","7371071001","002","006","JL TINUMBU","LORONG 166A & LORONG 166B","-5.115383","119.422112"
"7371071001002007","7371071001","002","007","JL TINUMBU","LORONG 166A & LORONG 166B","-5.115412","119.422025"
"7371071001002008","7371071001","002","008","JL TINUMBU","LORONG 166A","-5.115499","119.421557"
"7371071001003001","7371071001","003","001","JL TOL REFORMASI",,"-5.112922","119.425152"
"7371071001003002","7371071001","003","002","JL SABUTUNG",,"-5.112253","119.425434"
"7371071001003003","7371071001","003","003",,"LORONG 3.B","-5.112172","119.425417"
"7371071001003004","7371071001","003","004","JL SABUTUNG","LORONG 3.B","-5.112037","119.426157"
"7371071007004002","7371071007","004","002",,,"-5.102867","119.441697"
"7371071001003005","7371071001","003","005","JL SABUTUNG",,"-5.112666","119.426038"
"7371071001003006","7371071001","003","006","JL TOL REFORMASI",,"-5.113132","119.426113"
"7371071001003007","7371071001","003","007","JL TOL REFORMASI",,"-5.113113","119.425586"
"7371071001004001","7371071001","004","001","JL PANNAMPU I",,"-5.113381","119.428015"
"7371071001004002","7371071001","004","002",,,"-5.114319","119.427501"
"7371071001004003","7371071001","004","003",,,".","."
"7371071001004004","7371071001","004","004","JL PANNAMPU I",,"-5.114758","119.427778"
"7371071001004005","7371071001","004","005","JL INDAH 4 NO.15",,"-5.114023","119.427576"
"7371071001004006","7371071001","004","006","JL GALANGAN KAPAL N0.6",,"-5.114510","119.428630"
"7371071001004007","7371071001","004","007","JL GALANGAN KAPAL NO.6 & JL BERSIH 3",,"-5.113552","119.942984"
"7371071001004008","7371071001","004","008","JL BERSIH 3",,"-5.114567","119.429317"
"7371071001004009","7371071001","004","009","JL INDAH",,"-5.115110","119.429160"
"7371071001005001","7371071001","005","001","JL INDAH 4 & JL PANNAMPU I",,"-5.115122","119.427363"
"7371071001005002","7371071001","005","002","JL INDAH 4 & JL INDAH 6 & JL PANNAMPU I",,"-5.115507","119.427269"
"7371071001005003","7371071001","005","003","JL PANNAMPU I & JL INDAH 6",,"-5.117937","119.426402"
"7371071001005004","7371071001","005","004","JL INDAH 6",,"-5.116587","119.426723"
"7371071001005005","7371071001","005","005","JL INDAH 5",,"-5.116216","119.427372"
"7371071001005006","7371071001","005","006","JL INDAH 5",,"-5.116353","119.428614"
"7371071001005007","7371071001","005","007","JL INDAH 5 & JL INDAH 4",,"-5.115834","119.428184"
"7371071001005008","7371071001","005","008","JL INDAH 4",,"-5.115656","119.428488"
"7371071001006001","7371071001","006","001","JL PANNAMPU I & JL INDAH 4",,"-5.113979","119.426887"
"7371071001006002","7371071001","006","002","JL INDAH 4",,"-5.114028","119.426276"
"7371071001006003","7371071001","006","003","JL PANNAMPU I & JL INDAH 4",,"-5.114454","119.426026"
"7371071001006004","7371071001","006","004","JL INDAH 4 & JL INDAH 3",,"-5.115233","119.425285"
"7371071001006005","7371071001","006","005","JL INDAH 4 & JL INDAH 3 & JL PANNAMPU I",,"-5.115072","119.426179"
"7371071002001001","7371071002","001","001","JL. ANDI TADDE & JL. DATUK RIBANDANG",,"-5.129528","119.429982"
"7371071002001002","7371071002","001","002","JL. DATUK RIBANDANG & JL. ANDI TADDE","LORONG 13","-5.128537","119.430211"
"7371071002001003","7371071002","001","003","JL. ANDI TADDE","LORONG 17","-5.127948","119.430361"
"7371071002001004","7371071002","001","004","JL. ANDI TADDE & JL. DATUK DITIRO","LORONG 17","-5.127298","119.430674"
"7371071002001005","7371071002","001","005","JL. DATUK DITIRO & JL. ANDI TADDE","LORONG 25","-5.126249","119.431108"
"7371071002001006","7371071002","001","006","JL. ANDI TADDE & JL. DATUK PATIMANG","LORONG 25","-5.125842","119.431400"
"7371071002002001","7371071002","002","001","JL. DATUK PATIMANG",,"-5.125275","119.429748"
"7371071002002002","7371071002","002","002","JL. ANDI TADDE & JL. PETTA PUNGGAWA","LORONG 21 B","-5.126202","119.430413"
"7371071002002003","7371071002","002","003","JL. ANDI TADDE & JL. DATUK PATIMANG",,"-5.125606","119.430534"
"7371071002002004","7371071002","002","004","JL. SUNU & JL. DATUK DITIRO & JL. PETTA PUNGGAWA",,"-5.126267","119.429547"
"7371071002003001","7371071002","003","001","JL. SUNU KOMP UNHAS NO.61",,"-5.125492","119.428325"
"7371071002003002","7371071002","003","002","JL. SUNU KOMP UNHAS NO. 61 & JL, SUNU",,"-5.127120","119.428311"
"7371071002003003","7371071002","003","003","JL. SUNU KOMP UNHAS NO.61",,"-5.126985","119.427465"
"7371071002004001","7371071002","004","001","JL. DATUK RIBANDANG & JL. SUNU & JL PETTA PUNGGAWA",,"-5.128278","119.428512"
"7371071007004003","7371071007","004","003",,,"-5.102058","119.440835"
"7371071002004002","7371071002","004","002","JL. DATUK RIBANDANG & JL. SUNU & JL. PETTA PUNGGAWA",,"-5.127913","119.428713"
"7371071002004003","7371071002","004","003","JL. SUNU & JL. PETTA PUNGGAWA",,"-5.127745","119.429011"
"7371071002004004","7371071002","004","004","JL. SUNU & JL. PETTA PUNGGAWA",,"-5.127196","119.428894"
"7371071002004005","7371071002","004","005","JL. SUNU & JL. PETTA PUNGGAWA & JL. DATUK. DITIRO",,"-5.126728","119.429260"
"7371071002004006","7371071002","004","006","JL. PETTA PUNGGAWA & JL. DATUK RIBANDANG & JL. ANDI TADDE",,"-5.128788","119.429334"
"7371071002004007","7371071002","004","007","JL. DATUK RIBANDANG & JL. PETTA PUNGGAWA & JL. ANDI TADDE",,"-5.128012","119.429574"
"7371071002004008","7371071002","004","008","JL. PETTA PUNGGAWA & JL. ANDI TADDE & JL. DATUK DITIRO",,"-5.127225","119.429995"
"7371071002005001","7371071002","005","001","JL. DATUK PATIMANG & JL. ANDI TADDE I",,"-5.123822","119.430170"
"7371071002005002","7371071002","005","002","JL. ANDI TADDE I",,"-5.124434","119.430958"
"7371071002005003","7371071002","005","003","JL. ANDI TADDE I",,"-5.122973","119.430735"
"7371071002005004","7371071002","005","004","JL. ANDI TADDE I & JL. DATUK PATIMANG","LORONG 1","-5.125125","119.431448"
"7371071002005005","7371071002","005","005","JL ANDI TADDE I","LORONG 1","-5.124288","119.431633"
"7371071003001001","7371071003","001","001","JL KELURAHAN & JL TEUKU UMAR 9",,"-5.115069","119.434539"
"7371071003001002","7371071003","001","002","JL TEUKU UMAR RAYA & JL TEUKU UMAR 9",,"-5.115726","119.433892"
"7371071003001003","7371071003","001","003",,,".","."
"7371071003001004","7371071003","001","004",,,".","."
"7371071003001005","7371071003","001","005","JL T UMAR 7",,"-5.117087","119.432772"
"7371071003001006","7371071003","001","006","JL GALANGAN KAPAL & JL TEUKU UMAR 9",,"-5.116390","119.432084"
"7371071003002001","7371071003","002","001",,,".","."
"7371071003002002","7371071003","002","002",,,".","."
"7371071003002003","7371071003","002","003","JL TEUKU UMAR RAYA","LORONG MR BIG","-5.114972","119.437274"
"7371071003002004","7371071003","002","004","JL SINASSARA",,"-5.115738","119.436759"
"7371071003002005","7371071003","002","005","JL GATOT SUBROTO BARU",,"-5.118808","119.437499"
"7371071003003001","7371071003","003","001","JL PANNAMPU",,"-5.116838","119.428021"
"7371071003003002","7371071003","003","002","JL GALANGAN KAPAL",,"-5.116602","119.430575"
"7371071003003003","7371071003","003","003","JL BERSIH 3",,"-5.115647","119.429849"
"7371071003003004","7371071003","003","004","JL GALANGAN KAPAL",,"-5.114496","119.430570"
"7371071003003005","7371071003","003","005","JL GALANGAN KAPAL",,"-5.113821","119.430493"
"7371071003004001","7371071003","004","001","JL KELURAHAN & JL TEUKU UMAR 11",,"-5.114383","119.434585"
"7371071003004002","7371071003","004","002",,,".","."
"7371071003004003","7371071003","004","003",,,".","."
"7371071003004004","7371071003","004","004",,,".","."
"7371071003004005","7371071003","004","005","JL TEUKU UMAR 11",,"-5.113805","119.435404"
"7371071003004006","7371071003","004","006",,,".","."
"7371071003004007","7371071003","004","007","JL TEUKU UMAR 12",,"-5.112962","119.435035"
"7371071003004008","7371071003","004","008","JL KELURAHAN & JL TEUKU UMAR RAYA","LORONG 2","-5.114479","119.435315"
"7371071003004009","7371071003","004","009","JL TEUKU UMAR 12",,"-5.113413","119.435998"
"7371071003004010","7371071003","004","010","JL TOL REFORMASI & JL KELURAHAN",,"-5.111684","119.434304"
"7371071003005001","7371071003","005","001","JL KELURAHAN & JL GALANGAN KAPAL",,"-5.114527","119.431533"
"7371071003005002","7371071003","005","002","JL KELURAHAN & JL GALANGAN KAPAL & JL BUTTA BUTTA CADDI",,"-5.113885","119.431339"
"7371071003005003","7371071003","005","003","BUTTA BUTTA CADDI & JL GALANGAN KAPAL",,"-5.112840","119.431362"
"7371071003005004","7371071003","005","004","JL TOL REFORMASI",,"-5.112322","119.432127"
"7371071003005005","7371071003","005","005","JL TOL REFORMASI & JL KELURAHAN & JL BUTTA BUTTA CADDI",,"-5.112675","119.432674"
"7371071003005006","7371071003","005","006","JL TO REFORMASI & JL GALANGAN KAPAL",,"-5.109791","119.433081"
"7371071003005007","7371071003","005","007","JL GALANGAN KAPAL",,"-5.106355","119.430404"
"7371071007004004","7371071007","004","004",,,".","."
"7371071003005008","7371071003","005","008","JL TO REFORMASI & JL KELURAHAN & JL BUTTA BUTTA CADDI",,"-5.113022","119.433380"
"7371071003005009","7371071003","005","009","JL TOL REFORMASI",,"-5.111204","119.432186"
"7371071003005010","7371071003","005","010","JL TOL REFORMASI & JL KELURAHAN",,"-5.108638","119.433835"
"7371071003005011","7371071003","005","011",,,"-5.105064","119.432852"
"7371071003006001","7371071003","006","001","JL SINASSARA",,"-5.115918","119.437851"
"7371071003006002","7371071003","006","002","JL SINASSARA",,"-5.116528","119.438204"
"7371071003006003","7371071003","006","003",,,".","."
"7371071003006004","7371071003","006","004","JL SINASSARA",,"-5.116840","119.437820"
"7371071003007001","7371071003","007","001","JL SINASSARA",,"-5.117630","119.438450"
"7371071003007002","7371071003","007","002","JL SINASSARA","LORONG 1","-5.118305","119.438324"
"7371071003007003","7371071003","007","003",,,".","."
"7371071003007004","7371071003","007","004","JL SINASSARA",,"-5.180447","119.439236"
"7371071003007005","7371071003","007","005","JL SINASSARA","LORONG 6","-5.118780","119.440545"
"7371071003007006","7371071003","007","006","JL SINASSARA",,"-5.117450","119.440335"
"7371071003007007","7371071003","007","007","JL SINASSARA & JL TOL LAYANG A.P PETTARANI",,"-5.118243","119.441613"
"7371071003007008","7371071003","007","008","JL TOL LAYANG A.P PETTARANI",,"-5.119182","119.441846"
"7371071003007009","7371071003","007","009","JL TOL LAYANG A.P PETTARANI",,"-5.120140","119.440793"
"7371071003007010","7371071003","007","010","JL TOL LAYANG A.P PETTARANI",,"-5.116537","119.442592"
"7371071004001001","7371071004","001","001","JL. REGGE II & JL. DG REGGE II","LORONG II & LORONG 3","-5.122897","119.439205"
"7371071004001002","7371071004","001","002","JL. DG REGGE II & JL. REGGE II","LORONG 2","-5.123158","119.439345"
"7371071004001003","7371071004","001","003","JL. DG REGGE II","LORONG 3","-5.123452","119.438779"
"7371071004001004","7371071004","001","004","JL. DG REGGE II & JL. REGGE II","LORONG 3 & LORONG 2","-5.123240","119.438558"
"7371071004001005","7371071004","001","005","JL. REGGE II & JL. DG REGGE",,"-5.122820","119.440158"
"7371071004001006","7371071004","001","006","JL. DG REGGE",,"-5.122695","119.441330"
"7371071004002001","7371071004","002","001","JL. REGGE I",,"-5.123838","119.438123"
"7371071004002002","7371071004","002","002",,,".","."
"7371071004002003","7371071004","002","003",,"LORONG 1","-5.122611","119.438179"
"7371071004002004","7371071004","002","004",,,"-5.122123","119.437822"
"7371071004002005","7371071004","002","005",,"LORONG 1","-5.122845","119.437199"
"7371071004002006","7371071004","002","006","JL. KORBAN 40.000 JIWA","LORONG 1","-5.123341","119.437400"
"7371071004002007","7371071004","002","007","JL. KORBAN 40.000 JIWA","LORONG 1","-5.123337","119.436745"
"7371071004002008","7371071004","002","008","JL. KORBAN 40.000 JIWA","LORONG 3","-5.123799","119.436719"
"7371071004003001","7371071004","003","001","JL. KORBAN 40.000 JIWA","LORONG 3 & LORONG 7 A","-5.124295","119.436134"
"7371071004003002","7371071004","003","002","JL. REGGE I",,"-5.123793","119.437517"
"7371071004003003","7371071004","003","003","JL. KORBAN 40.000 JIWA",,"-5.124109","119.436996"
"7371071004003004","7371071004","003","004","JL. RAPPOKALLING BARAT & JL. RAPPOKALLING BARAT II","LORONG 3","-5.125552","119.436652"
"7371071004003005","7371071004","003","005","JL. RAPPOJAWA",,"-5.124544","119.437111"
"7371071004003006","7371071004","003","006","JL. RAPPOKALLING BARAT II",,"-5.125686","119.435962"
"7371071004003007","7371071004","003","007","JL. RAPPOJAWA",,"-5.125527","119.435840"
"7371071004003008","7371071004","003","008","JL. RAPPOJAWA",,"-5.125363","119.435728"
"7371071004003009","7371071004","003","009","JL. RAPPOKALLING RAYA","LORONG 7 A","-5.125159","119.435562"
"7371071004003010","7371071004","003","010","JL. RAPPOKALLING RAYA & JL. RAPPOKALLING BARAT","LORONG 4","-5.126177","119.436464"
"7371071004003011","7371071004","003","011","JL. RAPPOKALLING BARAT & JL. RAPPOKALLING BARAT II","LORONG 3 & LORONG 4","-5.125871","119.436468"
"7371071004004001","7371071004","004","001","JL. KORBAN 40.000 JIWA NO.50",,"-5.126374","119.434775"
"7371071004004002","7371071004","004","002","JL. RAPPOKALLING RAYA & JL. MOH JUFRI 1 D",,"-5.126322","119.435505"
"7371071004004003","7371071004","004","003","JL. MOH JUFRI 1 D & JL. MOH JUFRI 1 & JL. MOH. JUFRI 3",,"-5.126790","119.435178"
"7371071004004004","7371071004","004","004","JL. MOH JUFRI & JL. MOH JUFRI 1",,"-5.127682","119.434349"
"7371071004004005","7371071004","004","005","JL. KORBAN 40.000 JIWA NO. 50 & JL. RAPPOKALLING RAYA",,"-5.125727","119.435200"
"7371071004004006","7371071004","004","006","JL. MOH JUFRI & JL. MOH JUFRI 3",,"-5.127724","119.435089"
"7371071004004007","7371071004","004","007","JL. RAPPOKALLING RAYA & JL. MOH JUFRI 1 D",,"-5.127678","119.435723"
"7371071004004008","7371071004","004","008","JL. RAPPOKALLING RAYA",,"-5.126773","119.436003"
"7371071004004009","7371071004","004","009",,,".","."
"7371071004004010","7371071004","004","010","JL. MOH JUFRI & JL. MOH JUFRI 2 & JL. MOH JUFRI 3",,"-5.127792","119.434747"
"7371071004005001","7371071004","005","001","JL. MOH JUFRI & JL. MOH JUFRI 6",,"-5.128218","119.434024"
"7371071004005002","7371071004","005","002","JL. MOH JUFRI & JL. MOH JUFRI 6",,"-5.128494","119.434336"
"7371071004005003","7371071004","005","003","JL. MOH JUFRI & JL. MOH JUFRI 7",,"-5.128921","119.434301"
"7371071004005004","7371071004","005","004","JL. MOH JUFRI & JL. MOH JUFRI 7",,"-5.128705","119.434885"
"7371071004005005","7371071004","005","005","JL. MOH JUFRI & JL. MOH JUFRI 4",,"-5.127783","119.435357"
"7371071004005006","7371071004","005","006","JL. RAPPOKALLING RAYA & JL. MOH JUFRI 4",,"-5.127019","119.435977"
"7371071005001001","7371071005","001","001","JL. DG REGGE & JL. TOL REFORMASI","LORONG KAMI","-5.125494","119.440978"
"7371071005001002","7371071005","001","002","JL. TOL REFORMASI & JL. DG TANTU & JL. H MUSTAFA",,"-5.124890","119.444112"
"7371071005001003","7371071005","001","003","JL. DG TANTU & JL. DG TANTU 1 & JL. NAJA DG NAI",,"-5.126080","119.443996"
"7371071005001004","7371071005","001","004","JL. NAJA DG NAI & JL. TOL REFORMASI & JL H MUSTAFA",,"-5.125714","119.441714"
"7371071005001005","7371071005","001","005","JL. MAJA DG NAI","LORONG 4","-5.127043","119.441696"
"7371071005001006","7371071005","001","006","JL. NAJA DG NAI & JL. NAJA DG NAI NO.30","LORONG 4","-5.126666","119.442630"
"7371071005001007","7371071005","001","007","JL. NAJA DG NAI NO. 30 & JL. NAJA DG NAI & JL. RAPPOKALLING TIMUR",,"-5.126886","119.443455"
"7371071005001008","7371071005","001","008","JL. NAJA DG NAI & JL. RAPPOKALLING TIMUR",,"-5.126746","119.444347"
"7371071005002001","7371071005","002","001","JL. DAENG REGGE 2",,"-5.123441","119.439471"
"7371071005002002","7371071005","002","002",,,".","."
"7371071005002003","7371071005","002","003","JL. DG REGGE II","LORONG 8","-5.123702","119.439424"
"7371071005002004","7371071005","002","004","JL. DG REGGE 2","LORONG 5","-5.123678","119.439780"
"7371071005002005","7371071005","002","005","JL. REGGE 2 & JL. AR DR. NGUNJUNG 1",,"-5.124055","119.439085"
"7371071005002006","7371071005","002","006","JL. AR DG. NGUNJUNG 1 & JL. DG REGGE",,"-5.123891","119.439997"
"7371071005002007","7371071005","002","007","JL. DG REGGE","LORONG KAMI","-5.124197","119.440039"
"7371071005002008","7371071005","002","008","JL. AR DG. NGUNJUNG & JL. AR DG. NGUNJUNG 2 & JL. AR DG. NGUNJUNG 3","LORONG 9 & LORONG 5 & LORONG 7 & LORONG KAMI","-5.124797","119.438890"
"7371071005002009","7371071005","002","009","JL. AR. DG. NGUNJUNG 2 & JL. REGGE II","LORONG KAMI","-5.124560","119.440639"
"7371071005002010","7371071005","002","010","JL. DG. REGGE","LORONG 9","-5.123370","119.440680"
"7371071005002011","7371071005","002","011","JL. AR DG NGUNJUNG 1 & JL. AR DG NGUNJUNG 2",,"-5.124350","119.438988"
"7371071005002012","7371071005","002","012",,"LORONG 12","-5.125603","119.440235"
"7371071005003001","7371071005","003","001","JL. TOL REFORMASI & JL. DG REGGE",,"-5.123475","119.441071"
"7371071007004005","7371071007","004","005","JL SULTAN ABDULLAH 2",,"-5.103062","119.439628"
"7371071005003002","7371071005","003","002","JL. TOL REFORMASI & JL. DG TANTU & JL. DG TANTU","LORONG 2","-5.124336","119.442166"
"7371071005003003","7371071005","003","003","JL. DG TANTU","LORONG 2","-5.124038","119.442886"
"7371071005003004","7371071005","003","004","JL. TOL REFORMASI",,"-5.123739","119.442445"
"7371071005003005","7371071005","003","005","JL. RAPPOKALLING UTARA 1",,"-5.123150","119.443353"
"7371071005003006","7371071005","003","006","JL. TOL REFORMASI & JL. DG REGGE","LORONG 5","-5.122926","119.440748"
"7371071005003007","7371071005","003","007","JL. TOL REFORMASI & JL. RAPPOKALLING UTARA 1",,"-5.122363","119.442602"
"7371071005003008","7371071005","003","008","JL. TOL REFORMASI & JL. RAPPOKALLING UTARA 1",,"-5.121611","119.442848"
"7371071005004001","7371071005","004","001","JL. RAPPOKALLING BAR & JL. RAPPOKALLING RAYA & JL. AR DG. NGUNJUNG 1",,"-5.126536","119.437307"
"7371071005004002","7371071005","004","002","JL. RAPPOKALLING BAR & JL. AR DG NGUNJUNG 1 & JL. AR. DG NGUNJUNG","LORONG 2 & LORONG 4","-5.125304","119.437055"
"7371071005004003","7371071005","004","003","JL. AR DG NGUNJUNG","LORONG 1","-5.124364","119.438105"
"7371071005004004","7371071005","004","004","JL. AR DG NGUNJUNG","LORONG 1 & LORONG 5","-5.125137","119.438253"
"7371071005004005","7371071005","004","005","JL. AR DG NGUNJUNG","LORONG 5 & LORONG 7 & LORONG 9","-5.126128","119.438777"
"7371071005005001","7371071005","005","001","JL. DG TANTU","LORONG 2","-5.124339","119.443026"
"7371071005005002","7371071005","005","002","JL. DG TANTU 1",,"-5.124222","119.443717"
"7371071005005003","7371071005","005","003","JL. DG TANTU 1","LORONG 5 B","-5.123500","119.444001"
"7371071005005004","7371071005","005","004","JL. DG TANTU & JL. DG TANTU 1","LORONG 5","-5.124833","119.443894"
"7371071005005005","7371071005","005","005","JL. DG TANTU","LORONG SUNGAI & LORONG 3 & LORONG 6","-5.125409","119.445050"
"7371071006001001","7371071006","001","001",,,"-5.121060","119.463250"
"7371071006001003","7371071006","001","003",,,"-5.120580","119.466448"
"7371071006002001","7371071006","002","001",,,"-5.120554","119.448946"
"7371071006002002","7371071006","002","002",,,"-5.124025","119.463984"
"7371071006002003","7371071006","002","003",,,"-5.123845","119.466671"
"7371071006002004","7371071006","002","004",,,"-5.121378","119.467169"
"7371071007001001","7371071007","001","001","JL SULTAN ABDULLAH I",,"-5.107296","119.440647"
"7371071007001002","7371071007","001","002","JL SULTAN ABDULLAH RAYA",,"-5.106249","119.440686"
"7371071007001003","7371071007","001","003",,,"-5.106822","119.440111"
"7371071007001004","7371071007","001","004",,,"-5.106527","119.439711"
"7371071007001005","7371071007","001","005",,,"-5.107036","119.439490"
"7371071007001006","7371071007","001","006",,,"-5.105527","119.440725"
"7371071007002001","7371071007","002","001","JL SULTAN ABDULLAH 2",,"-5.106183","119.438039"
"7371071007002002","7371071007","002","002","JL SULTAN ABDULLAH 2",,"-5.105969","119.438438"
"7371071007002003","7371071007","002","003","JL SULTAN ABDULLAH 2",,"-5.105099","119.438504"
"7371071007002004","7371071007","002","004","JL SULTAN ABDULLAH 2",,"-5.105377","119.439431"
"7371071007002005","7371071007","002","005",,,"-5.103857","119.438392"
"7371071007003001","7371071007","003","001","JL SULTAN ABDULLAH RAYA","LRG 2","-5.106152","119.442363"
"7371071007003002","7371071007","003","002",,,"-5.106210","119.444210"
"7371071007003003","7371071007","003","003",,"LRG 2","-5.108044","119.443795"
"7371071007003004","7371071007","003","004","JL SULTAN ABDULLAH RAYA","LRG 2","-5.104901","119.442698"
"7371071007003005","7371071007","003","005","JL SULTAN ABDULLAH RAYA & JL SULTAN ABDULLAH 2",,"-5.103879","119.944930"
"7371071007004006","7371071007","004","006","JL SULTAN ABDULLAH 2",,"-5.103760","119.438970"
"7371071007005001","7371071007","005","001","JL SULTAN ABDULLAH RAYA",,"-5.103205","119.443308"
"7371071007005002","7371071007","005","002","JL SULTAN ABDULLAH RAYA",,"-5.101749","119.944369"
"7371071007005003","7371071007","005","003",,,"-5.101888","119.447014"
"7371071007005004","7371071007","005","004","JL SULTAN ABDULLAH RAYA",,"-5.103653","119.446816"
"7371071008001001","7371071008","001","001","JL. PONGTIKU & JL. MANGADEL","LORONG 10","-5.129679","119.430691"
"7371071008001002","7371071008","001","002","JL. MANGADEL & JL. PONGTIKU
 ' & JL. DATUK RIBANDANG","LORONG 10","-5.129240","119.430720"
"7371071008001003","7371071008","001","003","JL. DATUK RIBANDANG & JL. MANGADEL","LORONG 14","-5.128838","119.430872"
"7371071008001004","7371071008","001","004","JL. MANGADEL","LORONG 14 & LORONG 18","-5.127983","119.431390"
"7371071008001005","7371071008","001","005","JL. DATUK RIBANDANG I & JL. DATUK DITIRO","LORONG 18","-5.127638","119.431532"
"7371071008001006","7371071008","001","006","JL. MANGADEL","LORONG 8 & LORONG 14","-5.128383","119.431686"
"7371071008001007","7371071008","001","007","JL. MANGADEL & JL. DATUK RIBANDANG","LORONG 14","-5.128999","119.431405"
"7371071008001008","7371071008","001","008","JL. MANGADEL & JL. DATUK RIBANDANG","LORONG 9","-5.129626","119.431265"
"7371071008002001","7371071008","002","001","JL. DATUK DITIRO","LORONG 20","-5.127186","119.431549"
"7371071008002002","7371071008","002","002",,"LORONG 20 & LORONG 22","-5.127175","119.432237"
"7371071008002003","7371071008","002","003",,"LORONG 22 & LORONG 24","-5.126823","119.432319"
"7371071008002004","7371071008","002","004","JL. DATUK DITIRO I","LORONG 24 & LORONG 26","-5.126434","119.432375"
"7371071008002005","7371071008","002","005","JL. DATUK DITIRO I & JL. DATUK PATIMANG","LORONG 26","-5.126100","119.432532"
"7371071008002006","7371071008","002","006","JL. DATUK PATIMANG & JL. MANGADEL & JL. UJUNG PANDANG BARU",,"-5.125778","119.432228"
"7371071008002007","7371071008","002","007","JL. UJUNG PANDANG BARU","LORONG 2","-5.124702","119.432554"
"7371071008002008","7371071008","002","008",,"LORONG 2","-5.123988","119.432372"
"7371071008003001","7371071008","003","001","JL. DATUK DITIRO & JL. DATUK DITIRO I","LORONG 24","-5.127387","119.432530"
"7371071008003002","7371071008","003","002","JL. DATUK DITIRO I & JL. DATUK DITIRO II & JL. DATUK DITIRO",,"-5.127348","119.432913"
"7371071008003003","7371071008","003","003","JL. DATUK DITIRO & JL. DATUK DITIRO II & JL. DATUK DITIRO III",,"-5.127845","119.433094"
"7371071008003004","7371071008","003","004","JL. DATUK DITIRO & JL. DATUK DITIRO III",,"-5.127981","119.433401"
"7371071008003005","7371071008","003","005","JL. DATUK PATIMANG & JL. MANGADEL & JL. UJUNG PANDANG BARU",,"-5.125705","119.432842"
"7371071008003006","7371071008","003","006","JL. DATUK PATIMANG & JL. UJUNG PANDANG BARU",,"-5.125369","119.433491"
"7371071008004001","7371071008","004","001","JL. DATUK DITIRO & JL. DATUK RIBANDANG I","LORONG 8","-5.128530","119.432087"
"7371071008004002","7371071008","004","002","JL. DATUK DITIRO & JL. DATUK RIBANDANG & JL. DATUK RIBANDANG I & JL. DATUK RIBANDANG II",,"-5.128700","119.432362"
"7371071008004003","7371071008","004","003","JL. DATUK RIBANDANG & JL. DATUK DITIRO & JL. DATUK RIBANDANG II & JL. DATUK RIBANDANG III",,"-5.128681","119.432735"
"7371071008004004","7371071008","004","004","JL. DATUK RIBANDANG & JL. DATUK RIBANDANG III",,"-5.129291","119.432931"
"7371071008004005","7371071008","004","005","JL. DATUK DITIRO & JL. DATUK RIBANDANG III",,"-5.128666","119.433121"
"7371071008004006","7371071008","004","006","JL. DATUK RIBANDANG I & JL. DATUK RIBANDANG","LORONG 9 & LORONG 8","-5.129843","119.431824"
"7371071009001001","7371071009","001","001","JL. IR. H. JUANDA",,"-5.120917","119.433703"
"7371071009001002","7371071009","001","002","JL. IR. JUANDA I & JL. DG REGGE II",,"-5.120787","119.438428"
"7371071009001003","7371071009","001","003","JL. GATOT SUBROTO BARU & JL. IR. JUANDA III",,"-5.119855","119.438762"
"7371071009001004","7371071009","001","004","JL. IR. JUANDA I & JL. DG REGGE II","LORONG 1","-5.121556","119.438144"
"7371071009001005","7371071009","001","005","JL. DG REGGE II",,"-5.121611","119.438769"
"7371071009001006","7371071009","001","006","JL. DG REGGE II","LORONG 2","-5.121894","119.439079"
"7371071009001007","7371071009","001","007","JL. IR. H. JUANDA II",,"-5.120546","119.438443"
"7371071009001008","7371071009","001","008","JL. GATOT SUBROTO BARU & JL. IR. JUANDA III",,"-5.119406","119.437513"
"7371071009002001","7371071009","002","001","JL. KORBAN 40.000 JIWA & JL. ADE IRMA NASUTION","LORONG 34 & LORONG 6","-5.122579","119.436936"
"7371071009002002","7371071009","002","002","JL. ADE IRMA NASUTION 4 & JL. ADE IRMA NASUTION","LORONG 34 & LORONG 5","-5.122209","119.436370"
"7371071009002003","7371071009","002","003","JL. ADE IRMA NASUTION 4
 JL. ADE IRMA NASUTION 3 
 JL. ADE IRMA NASUTION","LORONG 34","-5.121907","119.436050"
"7371071009002004","7371071009","002","004","JL. ARIF RAHMAN HAKIM","LORONG 34","-5.122953","119.435574"
"7371071009002005","7371071009","002","005","JL. ARIF RAHMAN HAKIM","LORONG 31 C & LORONG 34","-5.123797","119.435436"
"7371071009002006","7371071009","002","006",,,".","."
"7371071009002007","7371071009","002","007","JL. IRMA NASUTION & JL. KORBAN 40.000 JIWA","LORONG 6","-5.124098","119.435910"
"7371071009003001","7371071009","003","001","JL. UJUNG PANDANG BARU VI & JL. TUGU",,"-5.126115","119.433563"
"7371071009003002","7371071009","003","002","JL. TUGU & JL. UJUNG PANDANG BARU VIII",,"-5.126354","119.433844"
"7371071009003003","7371071009","003","003","JL. TUGU & JL. UJUNG PANDANG BARU VIII & JL. UJUNG PANDANG BARU X",,"-5.126512","119.433959"
"7371071009003005","7371071009","003","005","JL. KORBAN 40.000 JIWA & JL. DATUK DITIRO 3 & JL. TUGU",,"-5.126633","119.434285"
"7371071009003006","7371071009","003","006","JL. KORBAN 40.00 JIWA & JL. TUGU & JL. UJUNG PANDANG BARU VIII",,"-5.124982","119.434805"
"7371071009003007","7371071009","003","007","JL. ARIF RAHMAN HAKIM","LORONG 31
 ' & LORONG 3","-5.124876","119.434826"
"7371071009003008","7371071009","003","008","JL. UJUNG PANDANG BARU & JL. ARIF RAHMAN HAKIM","LORONG 3","-5.125207","119.434252"
"7371071009004001","7371071009","004","001","JL. DG REGGE II & JL. IR. JUANDA I","LORONG II","-5.121491","119.439869"
"7371071009004002","7371071009","004","002","JL. REGGE","LORONG 3 & LORONG 4","-5.122151","119.440136"
"7371071009004003","7371071009","004","003",,,".","."
"7371071009004004","7371071009","004","004","JL. IR. JUANDA I",,"-5.121688","119.440404"
"7371071009004005","7371071009","004","005","JL. REGGE","LORONG 4 & LORONG 8","-5.121496","119.440675"
"7371071009004006","7371071009","004","006",,"LORONG 8","-5.122019","119.441471"
"7371071009004007","7371071009","004","007","JL. REGGE & JL. TOL REFORMASI","LORONG 4","-5.122360","119.440808"
"7371071009004008","7371071009","004","008","JL. TOL REFORMASI & JL. DG REGGE","LORONG 4","-5.122261","119.441832"
"7371071009005001","7371071009","005","001","JL. IR H JUANDA II & JL. IR. JUANDA I",,"-5.120888","119.438818"
"7371071009005002","7371071009","005","002",,,".","."
"7371071009005003","7371071009","005","003","JL. IR JUANDA I",,"-5.121060","119.439900"
"7371071009005004","7371071009","005","004",,,"-5.120815","119.439938"
"7371071009005005","7371071009","005","005","JL. IR H JUANDA II",,"-5.120533","119.439834"
"7371071009005006","7371071009","005","006","JL. IR H JUANDA II",,"-5.120224","119.439648"
"7371071010001001","7371071010","001","001","JL. RAPPOKALLING TIMUR",,"-5.127898","119.443626"
"7371071010001002","7371071010","001","002","JL. RAPPOKALLING TIMUR & JL. BARAWAJA 2 & JL. BARAWAJA 2","LORONG 2 & LORONG GARUDA","-5.128524","119.442756"
"7371071010001003","7371071010","001","003","JL. BARAWAJA & JL. TOL REFORMASI & JL. BARAWAJA 2","LORONG GARUDA","-5.128123","119.441832"
"7371071010001004","7371071010","001","004","JL. BARAWAJA 2","LORONG 2","-5.128476","119.443436"
"7371071010001005","7371071010","001","005","JL. BARAWAJA 2 & JL. BARAWAJA","LORONG 2","-5.129167","119.443137"
"7371071010002001","7371071010","002","001","JL. BARAWAJA 2 & JL. BARAWAJA 2","LORONG ANGGUR 2 NO. 15","-5.129381","119.442541"
"7371071010002002","7371071010","002","002","JL. TOL REFORMASI & JL. BARAWAJA 1","LORONG 2","-5.130035","119.442167"
"7371071010002003","7371071010","002","003","JL. BARAWAJA & JL. BARAWAJA 1","LORONG 2","-5.129225","119.441537"
"7371071010002004","7371071010","002","004","JL. BARAWAJA 2 & JL. BARAWAJA 1 & JL. TOL REFORMASI","LORONG 2","-5.129408","119.441118"
"7371071010003001","7371071010","003","001",,,".","."
"7371071010003002","7371071010","003","002","JL. DARUL MA'RIF & JL. DARUL MA'RIF 3","LORONG DAMAI","-5.127232","119.438757"
"7371071010003003","7371071010","003","003","JL. DARUL MA'RIF & JL. RAPPOKALLING RAYA II & JL. RAPPOKALLING RAYA I",,"-5.127988","119.437971"
"7371071010003004","7371071010","003","004","JL. RAPPOKALLING RAYA I & JL. RAPPOKALLING RAYA II",,"-5.127966","119.437947"
"7371071010003005","7371071010","003","005","JL. RAPPOKALLING RAYA I & JL. DARUL MA'RIF",,"-5.129433","119.438487"
"7371071010004001","7371071010","004","001","JL. RAPPOKALLING RAYA I & JL. MOH JUFRI NO.17",,"-5.128063","119.436701"
"7371071010004002","7371071010","004","002","JL. MOH JUFRI & JL. MOH JUFRI 17 & JL. MOH JUFRI X","LORONG MATAHARI & LORONG KAMBOJA","-5.129022","119.435451"
"7371071010004003","7371071010","004","003","JL. MOH JUFRI X","LORONG KAMBOJA","-5.129579","119.436853"
"7371071010004004","7371071010","004","004",,"LORONG MATAHARI & LORONG KAMBOJA","-5.128295","119.436999"
"7371071010005001","7371071010","005","001","JL. DARUL MA'RIF & JL. WALISONGO","LORONG JAMBU","-5.129611","119.439596"
"7371071010005002","7371071010","005","002","JL. WALISONGO & JL. TOL REFORMASI",,"-5.129892","119.440109"
"7371071010005003","7371071010","005","003","JL. WALISONGO & JL. TOL REFORMASI",,"-5.129206","119.440219"
"7371111011002003","7371111011","002","003","JL. GOA RIA",,"-5.090980","119.532226"
"7371071010005004","7371071010","005","004","JL. DARUL MA'RIF & JL. WALOSONGO
 JL. DARUL MA'RIF 3",,"-5.128591","119.439093"
"7371071010005005","7371071010","005","005","JL. WALISONGO & JL. DARUL MA'RIF & JL. TOL REFORMASI","LORONG KITA 4","-5.126363","119.440563"
"7371071010006001","7371071010","006","001",,"LORONG KITA & LORONG KITA 1","-5.126376","119.440598"
"7371071010006002","7371071010","006","002",,"LORONG KITA & LORONG KITA 1 & LORONG KITA 4","-5.127314","119.440519"
"7371071010006003","7371071010","006","003","JL. DARUL MA'RIF 3","LORONG KITA & LORONG INDAH","-5.126819","119.439696"
"7371071010006004","7371071010","006","004","JL. DARUL MA'RIF 3","LORONG INDAH & LORONG DG REGGE 5","-5.127362","119.439493"
"7371071011001001","7371071011","001","001","JL SULTAN ABDULLAH RAYA",,"-5.108101","119.439867"
"7371071011001002","7371071011","001","002","JL SULTAN ABDULLAH I",,"-5.107089","119.438881"
"7371071011001003","7371071011","001","003",,,"-5.107844","119.439240"
"7371071011001004","7371071011","001","004",,,"-5.107667","119.438662"
"7371071011002001","7371071011","002","001","JL SULTAN ABDULLAH I",,"-5.106743","119.438386"
"7371071011002002","7371071011","002","002","JL SULTAN ABDULLAH I",,"-5.106355","119.437666"
"7371071011002003","7371071011","002","003",,,"-5.106899","119.438056"
"7371071011002004","7371071011","002","004",,,".","."
"7371071011002005","7371071011","002","005",,,"-5.107203","119.437907"
"7371071011002006","7371071011","002","006","JL SULTAN ABDULLAH I",,"-5.106765","119.437350"
"7371071011002007","7371071011","002","007",,,".","."
"7371071011002008","7371071011","002","008","JL SULTAN ABDULLAH I","LRG 1","-5.106109","119.435986"
"7371071011003001","7371071011","003","001","JL SULTAN ABDULLAH I & JL SULTAN ABDULLAH RAYA",,"-5.106596","119.434784"
"7371071011003002","7371071011","003","002","JL SULTAN ABDULLAH RAYA & JL SULTAN ABDULLAH I",,"-5.108185","119.437799"
"7371071011003003","7371071011","003","003","JL SULTAN ABDULLAH RAYA & JL TOL INSINYUR SUTAMI",,"-5.108914","119.441019"
"7371071011004001","7371071011","004","001","JL TEUKU UMAR 13",,"-5.114382","119.437764"
"7371071011004002","7371071011","004","002","JL TEUKU UMAR RAYA & JL TOL REFORMASI",,"-5.113296","119.437841"
"7371071011004003","7371071011","004","003","JL TOL REFORMASI",,"-5.113801","119.438942"
"7371071011004004","7371071011","004","004",,,".","."
"7371071011004005","7371071011","004","005","JL TEUKU UMAR 13",,"-5.116785","119.439409"
"7371071011004006","7371071011","004","006","JL TEUKU UMAR 13 & JL TOL REFORMASI",,"-5.115285","119.440205"
"7371071011005001","7371071011","005","001","JL TO REFORMASI & JL TOL INSINYUR SUTAMI",,"-5.113836","119.440022"
"7371071011005002","7371071011","005","002","JL TOL INSINYUR SUTAMI",,"-5.113190","119.440303"
"7371071011005003","7371071011","005","003","JL INSINYUR SUTAMI",,"-5.112075","119.440575"
"7371071011006001","7371071011","006","001","JL SULTAN ABDULLAH RAYA & JL SULTAN ABDULLAH RAYA","LRG 2","-5.110094","119.436638"
"7371071011006002","7371071011","006","002","JL SULTAN ABDULLAH RAYA & JL SULTAN ABDULLAH RAYA","LRG 2","-5.108877","119.434930"
"7371071011006003","7371071011","006","003","JL TEUKU UMAR",,"-5.112459","119.435922"
"7371071012001001","7371071012","001","001","JL SUNU IV",,"-5.119625","119.431896"
"7371071012001002","7371071012","001","002","JL SUNU IV & JL SUNU",,"-5.119331","119.432146"
"7371071012001003","7371071012","001","003",,,"-5.117782","119.432188"
"7371071012001004","7371071012","001","004",,,"-5.117897","119.432843"
"7371071012001005","7371071012","001","005","JL SUNU III",,"-5.118247","119.433587"
"7371071012002001","7371071012","002","001","JL SUNU & JL SUNU III",,"-5.120325","119.430654"
"7371071012002002","7371071012","002","002","JL SUNU & JL SUNU IV & JL SUNU III",,"-5.119554","119.430796"
"7371071012002003","7371071012","002","003","JL SUNU IV",,"-5.120034","119.432234"
"7371071012002004","7371071012","002","004","JL SUNU III",,"-5.120569","119.431974"
"7371071012003001","7371071012","003","001","JL SUNU & JL SUNU I & JL SUNU II",,"-5.121532","119.430352"
"7371071012003002","7371071012","003","002","JL SUNU I & JL SUNU II",,"-5.121469","119.430838"
"7371071012003003","7371071012","003","003","JL SUNU II",,"-5.121095","119.432677"
"7371071012003004","7371071012","003","004","JL ANDI TADDE I","LRG 7","-5.123068","119.431978"
"7371071012003005","7371071012","003","005",,"LRG SUANGGA","-5.121794","119.434086"
"7371071012003006","7371071012","003","006","JL SUNU III & JL SUNU II",,"-5.120961","119.431718"
"7371071012003007","7371071012","003","007","JL SUNU & JL SUNU III & JL SUNU II",,"-5.120799","119.430701"
"7371071012004001","7371071012","004","001","JL ANDI TADDE I & JL SUNU I",,"-5.122236","119.430734"
"7371071012004002","7371071012","004","002","JL SUNU I & JL SUNU II",,"-5.121826","119.431753"
"7371071012004003","7371071012","004","003","JL ANDI TADDE I",,"-5.122086","119.433162"
"7371071012004004","7371071012","004","004",,"LRG 7 & LRG 6A","-5.122998","119.432580"
"7371071012004005","7371071012","004","005",,"LRG 6A","-5.123886","119.433272"
"7371071012005001","7371071012","005","001",,"LRG 2","-5.119411","119.426987"
"7371071012005002","7371071012","005","002",,"LRG 2","-5.118842","119.427154"
"7371071012005003","7371071012","005","003",,"LRG 2","-5.120361","119.427311"
"7371071012005004","7371071012","005","004",,,"-5.120130","119.426402"
"7371071012006001","7371071012","006","001","JL SUNU KOMP UNHAS","LRG 2","-5.120364","119.428733"
"7371071012006002","7371071012","006","002","JL SUNU KOMP UNHAS & JL SUNU",,"-5.119869","119.429790"
"7371071012006003","7371071012","006","003","JL SUNU",,"-5.119060","119.429673"
"7371071012006004","7371071012","006","004","JL SUNU",,"-5.118308","119.430855"
"7371071013001001","7371071013","001","001",,"LORONG 32","-5.123836","119.434379"
"7371071013001002","7371071013","001","002",,"LORONG 32 & LORONG 34","-5.122860","119.434847"
"7371071013001003","7371071013","001","003","JL ADE IRMA NASUTION","LORONG 34","-5.122928","119.434573"
"7371071013001004","7371071013","001","004","JL ADE IRMA NASUTION","LORONG 34","-5.122130","119.435502"
"7371071013002001","7371071013","002","001","JL GATOT SUBROTO I & JL GATOT SUBROTO IV",,"-5.116698","119.434605"
"7371071013002002","7371071013","002","002","JL GATOT SUBROTO I",,"-5.116940","119.435903"
"7371071013002003","7371071013","002","003","JL GATOT SUBROTO I & JL GATOT SUBROTO",,"-5.117504","119.433921"
"7371071013002004","7371071013","002","004","JL GATOT SUBROTO I & JL GATOT SUBROTO IV & JL GATOT SUBROTO",,"-5.117958","119.435709"
"7371071013002005","7371071013","002","005","JL GATOT SUBROTO & JL GATOT SUBROTO IV",,"-5.118132","119.436638"
"7371071013003001","7371071013","003","001","JL GATOT SUBROTO & JL ARIF RAHMAN HAKIM & JL RAHMAN HAKIM I",,"-5.118936","119.436023"
"7371071013003002","7371071013","003","002","JL ARIF RAHMAN HAKIM & JL RAHMAN HAKIM II",,"-5.119459","119.435397"
"7371071013003003","7371071013","003","003","JL ARIF RAHMAN HAKIM & JL RAHMAN HAKIM II & JL KAPTEN PIERRE TENDEAN",,"-5.120458","119.436835"
"7371071013004001","7371071013","004","001","JL ARIF RAHMAN HAKIM & JL KAPTEN PIERRE TENDEAN",,"-5.121067","119.435130"
"7371071013004002","7371071013","004","002","JL KAPTEN PIERRE TENDEAN",,"-5.120757","119.436231"
"7371071013004003","7371071013","004","003","JL KAPTEN PIERRE TENDEAN & JL ADE IRMA NASUTION E",,"-5.121234","119.437103"
"7371071013005001","7371071013","005","001","JL KAPTEN PIERRE TENDEAN & JL ARIF RAHMAN HAKIM",,"-5.120737","119.434671"
"7371071013005002","7371071013","005","002","JL KAPTEN PIERRE TENDEAN",,"-5.120616","119.943381"
"7371071013005003","7371071013","005","003","JL KAPTEN PIERRE TENDEAN & JL ARIF RAHMAN HAKIM & JL GATOT SUBROTO",,"-5.118919","119.434843"
"7371071014001001","7371071014","001","001","JL. LEMBO",,"-5.117070","119.422581"
"7371071014001002","7371071014","001","002","JL. LEMBO",,"-5.118411","119.422711"
"7371071014001003","7371071014","001","003","JL. LEMBO",,"-5.118867","119.422487"
"7371071014001004","7371071014","001","004","JL. LEMBO",,"-5.119231","119.423291"
"7371071014001005","7371071014","001","005","JL. LEMBO",,"-5.118407","119.423330"
"7371071014001006","7371071014","001","006","JL. LEMBO & JL. TINUMBU","LORONG 165 A","-5.117912","119.423816"
"7371071014001007","7371071014","001","007","JL. LEMBO",,"-5.117421","119.423541"
"7371071014001008","7371071014","001","008","JL. LEMBO & JL. TINUMBU","LORONG 165 A","-5.117198","119.423196"
"7371071014001009","7371071014","001","009","JL. LEMBO",,"-5.119343","119.424985"
"7371071014001010","7371071014","001","010",,,"-5.119158","119.426249"
"7371071014001011","7371071014","001","011",,,"-5.120920","119.425760"
"7371071014002001","7371071014","002","001","JL. AL & MARKAZ BUMI SUNU PERMAI",,"-5.123008","119.425020"
"7371071014002002","7371071014","002","002",,,".","."
"7371071014002003","7371071014","002","003","JL. PANAMPU",,"-5.122005","119.425971"
"7371071014002004","7371071014","002","004",,,"-5.121965","119.424464"
"7371071014003001","7371071014","003","001","JL. SUNU KOMP. UNHAS NO.119 A & JL. SUNU KOMP. UNHAS","LORONG 9","-5.121043","119.428538"
"7371071014003002","7371071014","003","002",,"LORONG 9","-5.121535","119.427535"
"7371071014003003","7371071014","003","003","JL. SUNU KOMP. UNHAS","LORONG 9","-5.123292","119.428107"
"7371071014003004","7371071014","003","004","JL. SUNU KOMP. UNHAS",,"-5.123724","119.429184"
"7371071014003005","7371071014","003","005","JL. AL MARKAZ II","LORONG 9","-5.123954","119.426803"
"7371071014003006","7371071014","003","006","JL. SUNU",,"-5.128255","119.426086"
"7371071014004001","7371071014","004","001","JL. SUNU KOMP. UNHAS NO. 5",,"-5.126384","119.425855"
"7371071014004002","7371071014","004","002","JL. AL MARKAZ BUMI SUNU PERMAI",,"-5.124646","119.425249"
"7371071014004003","7371071014","004","003",,,".","."
"7371071014004004","7371071014","004","004","JL. AL MARKAZ BUMI SUNU PERMAI",,"-5.123797","119.425866"
"7371071014005001","7371071014","005","001",,"LORONG 2","-5.121152","119.426886"
"7371071014005002","7371071014","005","002",,"LORONG 1 & LORONG 2","-5.121622","119.426818"
"7371071014005003","7371071014","005","003",,,".","."
"7371071014005004","7371071014","005","004",,"LORONG 2","-5.122020","119.426451"
"7371071014005005","7371071014","005","005",,"LORONG 9 & LORONG 2","-5.122762","119.427554"
"7371071015001001","7371071015","001","001","JL. BUNGA EJA BERU","LORONG 15","-5.150579","119.422800"
"7371071015001002","7371071015","001","002","JL. BUNGA EJA BERU","LORONG 15","-5.121000","119.422580"
"7371071015001003","7371071015","001","003","JL. BUNGA EJA BERU","LORONG 15","-5.120803","119.423137"
"7371071015001004","7371071015","001","004","JL. BUNGA EJA BERU","LORONG 15","-5.121386","119.423265"
"7371071015001005","7371071015","001","005","JL. BUNGA EJA BERU & JL. TINUMBU LORONG","LORONG 15","-5.121571","119.422494"
"7371071015001006","7371071015","001","006","JL. TINUMBU DALAM NO. 254 & JL. TINUMBU","LORONG 148","-5.122398","119.422516"
"7371071015001007","7371071015","001","007","JL. TINUMBU DALAM NO. 254 & JL. TINUMBU & JL. KANDEA III NO. 13","LORONG 148","-5.122378","119.422817"
"7371071015001008","7371071015","001","008","JL. TINUMBU & JL. KANDE III NO.13","LORONG 148","-5.122402","119.423245"
"7371071015002001","7371071015","002","001","JL. TINUMBU & JL. TINUMBU","LORONG 148 & LORONG 142","-5.123200","119.422426"
"7371071015002002","7371071015","002","002",,,".","."
"7371071015002003","7371071015","002","003","JL. TINUMBU & JL. TINUMBU","LORONG 148 & LORONG 142","-5.123708","119.422696"
"7371071015002004","7371071015","002","004","JL. TINUMBU","LORONG 148","-5.122939","119.423919"
"7371071015002005","7371071015","002","005","JL. TINUMBU","LORONG 142","-5.123644","119.422946"
"7371071015002006","7371071015","002","006","JL. TINUMBU","LORONG 142","-5.123719","119.423651"
"7371071015003001","7371071015","003","001","JL. TINUMBU & JL. KANDEA 3","LORONF 142 & LORONG 7","-5.124370","119.422924"
"7371071015003002","7371071015","003","002","JL. TINUMBU & JL. KANDEA III","LORONG 142","-5.124155","119.423476"
"7371071015003003","7371071015","003","003","JL. KANDEA 3","LORONG 7","-5.124565","119.423381"
"7371071015003004","7371071015","003","004","JL. KANDEA III & JL. KANDEA 3","LORONG 7","-5.124870","119.423355"
"7371071015004001","7371071015","004","001","JL. KANDEA III","LORONG 2","-5.126322","119.423942"
"7371071015004002","7371071015","004","002","JL. KANDEA III",,"-5.125730","119.423745"
"7371071015004003","7371071015","004","003","JL. KANDEA III","LORONG 10","-5.124235","119.423956"
"7371071015004004","7371071015","004","004",,"LORONG 10","-5.124665","119.424318"
"7371071015004005","7371071015","004","005","JL. KANDEA III","LORONG 6 & LORONG 10","-5.125338","119.424291"
"7371071015004006","7371071015","004","006","JL.KANDEA III","LORONG 6 & LORONG 2","-5.125824","119.424060"
"7371071015004007","7371071015","004","007","JL. KANDEA III","LORONG 6 & LORONG 2","-5.125698","119.424273"
"7371071015004008","7371071015","004","008",,,"-5.126304","119.424732"
"7371071015004009","7371071015","004","009","JL. KANDEA III","LORONG 2","-5.126179","119.424551"
"7371071015005001","7371071015","005","001","JL. TINUMBU LORONG & JL. KANDEA III",,"-5.125900","119.423325"
"7371071015005002","7371071015","005","002","JL. TINUMBU LORONG & JL. KANDEA III",,"-5.125422","119.423217"
"7371071015005003","7371071015","005","003","JL. TINUMBU","LORONG 142","-5.124039","119.422668"
"7371071015005004","7371071015","005","004","JL. TINUMBU LORONG",,"-5.125707","119.422240"
"7371081002001001","7371081002","001","001","JL. YOS SUDARSO & JL. TINUMBU","LORONG 154 & LORONG 154A & LORONG 155","-5.120291","119.420134"
"7371081002001002","7371081002","001","002","JL. YOS SUDARSO & JL. TINUMBU","LORONG 154 & LORONG 154A","-5.120189","119.419578"
"7371081002001003","7371081002","001","003","JL. YOS SUDARSO","LORONG 154 & LORONG 154A","-5.120397","119.419367"
"7371081002001004","7371081002","001","004","JL. YOS SUDARSO & JL. CAKALANG II","LORONG 154","-5.120000","119.418938"
"7371081002001005","7371081002","001","005","JL. TINUMBU & JL. CAKALANG II","LORONG 132J & LORONG 155","-5.119737","119.420004"
"7371081002002001","7371081002","002","001","JL. CAKALANG II & JL. CAKALANG IV & JL. TINUMBU","LORONG 132K","-5.118760","119.420099"
"7371081002002002","7371081002","002","002","JL. CAKALANG II & JL. CAKALANG IV & JL. TINUMBU","LORONG 132K","-5.118953","119.419720"
"7371081002002003","7371081002","002","003","JL. CAKALANG II & JL. CAKALANG IV & JL. TINUMBU","LORONG 132i","-5.118955","119.419101"
"7371081002002004","7371081002","002","004","JL. CAKALANG II & JL. CAKALANG IV & JL. TINUMBU","LORONG 132i","-5.119122","119.419724"
"7371081002002005","7371081002","002","005","JL. CAKALANG II & JL. CAKALANG IV & JL. TINUMBU","LORONG 132j","-5.119234","119.419109"
"7371081002003001","7371081002","003","001","JL. CAKALANG & JL. CAKALANG II & JL. CAKALANG IV",,"-5.118256","119.418921"
"7371081002003002","7371081002","003","002","JL. CAKALANG & JL. CAKALANG IV","LORONG 154G","-5.118142","119.419932"
"7371081002003003","7371081002","003","003","JL. CAKALANG & JL. CAKALANG IV","LORONG 154G","-5.118113","119.420227"
"7371081002003004","7371081002","003","004","JL. CAKALANG & JL. TINUMBU","LORONG 154G","-5.118253","119.420760"
"7371081002003005","7371081002","003","005","JL. CAKALANG & JL. TINUMBU","LORONG 154 F & LORONG 154G","-5.118517","119.420593"
"7371081002003006","7371081002","003","006","JL. CAKALANG IV","LORONG 154 F & LORONG 154G","-5.118401","119.420056"
"7371081002003007","7371081002","003","007","JL. CAKALANG IV","LORONG 154 F","-5.118636","119.420083"
"7371081002004001","7371081002","004","001","JL. YOS SUDARSO & JL. YOS SUDARSO II","LORONG 154 & LORONG 154A","-5.119781","119.417776"
"7371081002004002","7371081002","004","002","JL. YOS SUDARSO & JL. YOS SUDARSO II","LORONG 154A & LORONG 154B","-5.119648","119.418118"
"7371081002004003","7371081002","004","003","JL. YOS SUDARSO & JL. YOS SUDARSO II & JL. CAKALANG","LORONG 154B","-5.119637","119.418555"
"7371081002004004","7371081002","004","004","JL. YOS SUDARSO II & JL. CAKALANG","LORONG 154B","-5.118839","119.418437"
"7371081002005001","7371081002","005","001","JL. YOS SUDARSO & JL. YOS SUDARSO II","LORONG 156 & LORONG 154A","-5.118927","119.417622"
"7371081002005002","7371081002","005","002","JL. YOS SUDARSO II","LORONG 156 & LORONG 154A & LORONG 154B","-5.118855","119.417998"
"7371081002005003","7371081002","005","003","JL. CAKALANG & JL. CAKALANG I & JL. CAKALANG II","LORONG 1 & LORONG 156","-5.117955","119.418489"
"7371081002005004","7371081002","005","004","JL. YO SUDARSO & JL. CAKALANG & JL. CAKALANG I","LORONG 156","-5.117875","119.417682"
"7371081003001001","7371081003","001","001","JL. BARUKANG RAYA & JL. BARUKANG I & JL. BOLU",,"-5.113238","119.422435"
"7371081003001002","7371081003","001","002","JL. BARUKANG RAYA & JL. BOLU & JL. SABUTUNG","LORONG 11","-5.112971","119.422195"
"7371081003001003","7371081003","001","003","JL. BOLU & JL. SABUTUNG","LORONG 11","-5.112808","119.421288"
"7371081003002001","7371081003","002","001","JL. BARUKANG RAYA & JL. BARUKANG I & JL. BARUKANG II",,"-5.113515","119.422495"
"7371081003002002","7371081003","002","002","JL. BARUKANG I & JL. BOLU",,"-5.113232","119.421497"
"7371081003002003","7371081003","002","003","JL. BARUKANG I & JL. BARUKANG II",,"-5.113582","119.421108"
"7371081003003001","7371081003","003","001","JL. BARUKANG II & JL. BARUKANG III",,"-5.113969","119.422457"
"7371081003003002","7371081003","003","002","JL. BARUKANG II & JL. BARUKANG III","LORONG 3","-5.114290","119.421382"
"7371081003003003","7371081003","003","003","JL. BARUKANG II & JL. BARUKANG III","LORONG 2","-5.113958","119.421413"
"7371081003004001","7371081003","004","001","JL. BARUKANG RAYA & JL. BARUKANG IV & JL. INSINYUR SUTAMI & JL. TINUMBU","LORONG 166B","-5.114760","119.423167"
"7371081003004002","7371081003","004","002","JL. INSINYUR SUTAMI & JL. TINUMBU","LORONG 166B","-5.114849","119.422338"
"7371081003004003","7371081003","004","003","JL. INSINYUR SUTAMI & JL. TINUMBU","LORONG 166A","-5.115027","119.421673"
"7371081003005001","7371081003","005","001","JL. SABUTUNG & JL. BOLU & JL. BARUKAN 1",,"-5.112728","119.420833"
"7371081003005002","7371081003","005","002","JL. BARUKANG I & JL. BARUKANG II",,"-5.113693","119.420688"
"7371081003005003","7371081003","005","003","JL. BARUKANG II & JL. BARUKANG III","LORONG 5","-5.114316","119.420680"
"7371081004001001","7371081004","001","001","JL. BARUKANG UTARA & JL. BARUKANG RAYA",,"-5.111348","119.423737"
"7371081004001002","7371081004","001","002","JL. BARUKANG UTARA & JL. BARUKANG RAYA & JL. SABUTUNG",,"-5.112133","119.423586"
"7371081004001003","7371081004","001","003","JL. BARUKANG RAYA & JL. SABUTUNG",,"-5.112827","119.423045"
"7371081004001004","7371081004","001","004","JL. BARUKANG UTARA & JL. BARUKANG RAYA & JL. SABUTUNG",,"-5.112362","119.422836"
"7371081004001005","7371081004","001","005","JL. BARUKANG UTARA & JL. BARUKANG RAYA",,"-5.111999","119.422720"
"7371081004002001","7371081004","002","001","JL. SABUTUNG",,"-5.112540","119.422331"
"7371081004002002","7371081004","002","002","JL. SABUTUNG",,"-5.112183","119.421381"
"7371081004002003","7371081004","002","003","JL. SABUTUNG",,"-5.111979","119.420745"
"7371081004002004","7371081004","002","004","JL. SABUTUNG & JL. SABUTUNG PAOTERE",,"-5.111118","119.420679"
"7371081004002005","7371081004","002","005","JL. SABUTUNG & JL. SABUTUNG PAOTERE",,"-5.111962","119.421827"
"7371081004003001","7371081004","003","001","JL. SABUTUNG",,"-5.112291","119.420406"
"7371081004003002","7371081004","003","002","JL. SABUTUNG & JL. SABUTUNG PAOTERE",,"-5.111455","119.420210"
"7371081004003003","7371081004","003","003","JL. SABUTUNG",,"-5.112177","119.419856"
"7371081004003004","7371081004","003","004","JL. SABUTUNG & JL. SABUTUNG PAOTERE",,"-5.111683","119.419336"
"7371081004003005","7371081004","003","005","JL. SABUTUNG",,"-5.112343","119.418792"
"7371081005001001","7371081005","001","001","JL. BARUKANG UTARA","LORONG 15","-5.109710","119.427028"
"7371081005001002","7371081005","001","002","JL. BARUKANG UTARA","LORONG 15","-5.110281","119.427189"
"7371081005001003","7371081005","001","003","JL. BARUKANG UTARA",,"-5.110439","119.427787"
"7371081005001004","7371081005","001","004","JL. BARUKANG UTARA",,"-5.110762","119.427693"
"7371081005001005","7371081005","001","005","JL. BARUKANG UTARA & JL. SABUTUNG",,"-5.110906","119.427985"
"7371081005002001","7371081005","002","001","JL. BARUKANG UTARA",,"-5.109708","119.425671"
"7371081005002002","7371081005","002","002","JL. BARUKANG UTARA","LORONG 10","-5.110398","119.426738"
"7371081005002003","7371081005","002","003","JL. BARUKANG UTARA","LORONG 10","-5.110940","119.427066"
"7371081005002004","7371081005","002","004","JL. BARUKANG UTARA & JL. SABUTUNG","LORONG 21","-5.111458","119.426818"
"7371081005002005","7371081005","002","005","JL. BARUKANG UTARA & JL. SABUTUNG","LORONG 21","-5.111431","119.427231"
"7371081005003001","7371081005","003","001","JL. BARUKANG UTARA","LORONG 11","-5.110613","119.425855"
"7371081005003002","7371081005","003","002","JL. BARUKANG UTARA","LORONG 11 & LORONG 7","-5.110703","119.425565"
"7371081005003003","7371081005","003","003","JL. BARUKANG UTARA",,"-5.111305","119.426171"
"7371081005003004","7371081005","003","004","JL. BARUKANG UTARA & JL. SABUTUNG",,"-5.111821","119.426336"
"7371081005004001","7371081005","004","001","JL. BARUKANG UTARA","LORONG 3B & LORONG 7","-5.110691","119.425021"
"7371081005004002","7371081005","004","002","JL. BARUKANG UTARA","LORONG 3B","-5.111021","119.424855"
"7371081005004003","7371081005","004","003","JL. BARUKANG UTARA","LORONG 3B & LORONG 7","-5.111334","119.425217"
"7371081005004004","7371081005","004","004","JL. BARUKANG UTARA","LORONG 3B","-5.111815","119.424808"
"7371081005004005","7371081005","004","005","JL. BARUKANG UTARA","LORONG 3B","-5.111663","119.425444"
"7371081005005001","7371081005","005","001","JL. BARUKANG UTARA",,"-5.111552","119.424180"
"7371081005005002","7371081005","005","002","JL. BARUKANG UTARA & JL. SABUTUNG",,"-5.111960","119.424122"
"7371081005005003","7371081005","005","003","JL. BARUKANG UTARA & JL. SABUTUNG",,"-5.112111","119.424583"
"7371081006001001","7371081006","001","001","JL. TARAKAN & JL. KALIMANTAN","LORONG DDI & KOMP. PU","-5.118717","119.411294"
"7371121001005008","7371121001","005","008","JL.BIRTA",,"-5.166480","119.498552"
"7371081006001002","7371081006","001","002","JL. NUSANTARA & JL. TARAKAN","KOMP. PU","-5.119021","119.410495"
"7371081006001003","7371081006","001","003","JL. NUSANTARA","LORONG DDI & KOMP. PU","-5.118402","119.410612"
"7371081006002001","7371081006","002","001","JL. KALIMANTAN","LORONG DDI","-5.117962","119.411260"
"7371081006002002","7371081006","002","002","JL. NUSANTARA & JL. KALIMANTAN & JL. MOH HATTA",,"-5.115965","119.411193"
"7371081009001001","7371081009","001","001","JL. CAKALANG",,"-5.116684","119.421592"
"7371081009001002","7371081009","001","002","JL. CAKALANG","LORONG 167","-5.116965","119.421206"
"7371081009001003","7371081009","001","003","JL. CAKALANG & JL. CAKALANG VII",,"-5.117262","119.420946"
"7371081009001004","7371081009","001","004","JL. CAKALANG & JL. CAKALANG V",,"-5.117158","119.420576"
"7371081009002001","7371081009","002","001","JL. SERDA USMAN ALI & JL. CAKALANG",,"-5.115667","119.421073"
"7371081009002002","7371081009","002","002","JL. SERDA USMAN ALI & JL. CAKALANG",,"-5.115825","119.420274"
"7371081009002003","7371081009","002","003","JL. CAKALANG & JL. CAKALANG III",,"-5.116820","119.420153"
"7371081009002004","7371081009","002","004","JL. YOS SUDARSO & JL. CAKALANG & JL. SERDA USMAN ALI",,"-5.116745","119.418695"
"7371081009003001","7371081009","003","001","JL. KOPTU HARUN & JL. SERDA USMAN ALI",,"-5.114090","119.418212"
"7371081009003002","7371081009","003","002","JL. SERDAKO USMAN ALI",,"-5.114710","119.418507"
"7371081009003003","7371081009","003","003","JL. SERDAKO USMAN ALI II",,"-5.114053","119.419065"
"7371081009004001","7371081009","004","001","JL. SERDAKO USMAN ALI",,"-5.114550","119.419516"
"7371081009004002","7371081009","004","002","JL. SERDAKO USMAN ALI & JL. BARUKANG III",,"-5.114235","119.420069"
"7371081009004003","7371081009","004","003","JL. SERDAKO USMAN ALI III",,"-5.113806","119.419388"
"7371081009004004","7371081009","004","004","JL. SERDAKO USMAN ALI III",,"-5.113580","119.419890"
"7371081010001001","7371081010","001","001","JL. MOH HATTA & JL. SABUTUNG","LORONG 178","-5.113541","119.413982"
"7371081010001002","7371081010","001","002","JL. MOH HATTA & JL. SABUTUNG","LORONG 177","-5.113781","119.413106"
"7371081010001003","7371081010","001","003","JL. MOH HATTA & JL. SABUTUNG","LORONG 177","-5.114117","119.413537"
"7371081010002001","7371081010","002","001","JL. MOH HATTA","LORONG 178","-5.114982","119.412621"
"7371081010002002","7371081010","002","002","JL. MOH HATTA","LORONG 178","-5.114755","119.412863"
"7371081010002003","7371081010","002","003","JL. MOH HATTA & JL. SABUTUNG","LORONG 176","-5.114489","119.412997"
"7371081010003001","7371081010","003","001","JL. BARUKANG III & JL. SABUTUNG","LORONG 178","-5.115587","119.413257"
"7371081010003002","7371081010","003","002","JL. BARUKANG III","LORONG 178","-5.115415","119.412962"
"7371081010003003","7371081010","003","003","JL. BARUKANG III & JL. MOH. HATTA",,"-5.115561","119.412529"
"7371081010004001","7371081010","004","001","JL. BARUKANG III",,"-5.115117","119.413970"
"7371081010004002","7371081010","004","002","JL. BARUKANG III & JL. DEWA KEMBAR ANGKATANG LAUT",,"-5.115539","119.414705"
"7371081010004003","7371081010","004","003","JL. BARUKANG III & JL. SABUTUNG","LORONG 178","-5.114511","119.413621"
"7371081010004004","7371081010","004","004","JL. BARUKANG III",,"-5.114705","119.414476"
"7371081010004005","7371081010","004","005","JL. MOH HATTA",,"-5.113962","119.414571"
"7371081010004006","7371081010","004","006","JL. MOH HATTA & JL. BARUKANG III",,"-5.114583","119.415639"
"7371081011001001","7371081011","001","001","JL. SABUTUNG BARU IV & JL. SABUTUNG BARU V & JL. SABUTUNG","LORONG 1","-5.110564","119.429381"
"7371081011001002","7371081011","001","002","JL. SABUTUNG BARU VI & JL. SABUTUNG BARU V & JL. GALANGAN KAPAL",,"-5.110554","119.430733"
"7371081011001003","7371081011","001","003","JL. SABUTUNG BARU IV & JL. SABUTUNG BARU V & JL. SABUTUNG",,"-5.110574","119.430091"
"7371081011001004","7371081011","001","004","JL. SABUTUNG BARU IV & JL. SABUTUNG BARU V & JL. SABUTUNGBARU III",,"-5.110948","119.430083"
"7371081011001005","7371081011","001","005","JL. SABUTUNG BARU VI & JL. SABUTUNG BARU III & JL. GALANGAN KAPAL",,"-5.111378","119.430528"
"7371081011002001","7371081011","002","001","JL. SABUTUNG BARU III & JL. SABUTUNG BARU IV",,"-5.111044","119.428801"
"7371081011002002","7371081011","002","002","JL. SABUTUNG BARU III & JL. SABUTUNG BARU IV",,"-5.111624","119.428957"
"7371081011002003","7371081011","002","003","JL. SABUTUNG BARU III & JL. SABUTUNG BARU IV",,"-5.111527","119.429264"
"7371081011002004","7371081011","002","004","JL. SABUTUNG BARU IV",,"-5.111267","119.429447"
"7371081011002005","7371081011","002","005","JL. GALANGAN KAPAL & JL. GALANGAN KAPAL 1
",,"-5.112694","119.430284"
"7371081011003001","7371081011","003","001","JL. SABUTUNG BARU II & JL. SABUTUNG BARU III",,"-5.111579","119.428548"
"7371081011003002","7371081011","003","002","JL. SABUTUNG & JL. SABUTUNG BARU III",,"-5.111582","119.427843"
"7371081011003003","7371081011","003","003","JL. SABUTUNG BARU II & JL. SABUTUNG BARU III",,"-5.111897","119.428004"
"7371081011003004","7371081011","003","004","JL. SABUTUNG BARU I & JL. SABUTUNG BARU II","LORONG BUNTU","-5.112228","119.428377"
"7371081011004001","7371081011","004","001","JL. SABUTUNG BARU I & JL. SABUTUNG",,"-5.112292","119.426872"
"7371081011004002","7371081011","004","002","JL. SABUTUNG BARU I & JL. SABUTUNG BARU II",,"-5.112685","119.427474"
"7371081011004003","7371081011","004","003","JL. SABUTUNG",,"-5.112448","119.426542"
"7371081011004004","7371081011","004","004","JL. SABUTUNG BARU I & JL. SABUTUNG BARU II",,"-5.112516","119.427951"
"7371081012001001","7371081012","001","001","JL. SABUTUNG & JL. SABUTUNG BARU I","LORONG PKK","-5.112647","119.424862"
"7371081012001002","7371081012","001","002","JL. SABUTUNG & JL. SABUTUNG BARU I & JL. SABUTUNG TIMUR","LORONG 2","-5.112735","119.424159"
"7371081012001003","7371081012","001","003","JL. BARUKANG VI & JL. SABUTUNG BARU I & JL. SABUTUNG TIMUR","LORONG 2","-5.113195","119.424245"
"7371081012001004","7371081012","001","004","JL. SABUTUNG BARU I",,"-5.113000","119.424750"
"7371081012001005","7371081012","001","005","JL. SABUTUNG BARU I","LORONG PKK","-5.113462","119.424884"
"7371081012002001","7371081012","002","001","JL. BARUKANG RAYA & JL. SABUTUNG TIMUR",,"-5.113618","119.423152"
"7371081012002002","7371081012","002","002","JL. BARUKANG RAYA & JL. SABUTUNG TIMUR",,"-5.113328","119.423195"
"7371081012002003","7371081012","002","003","JL. BARUKANG VI & JL. SABUTUNG TIMUR","LORONG 2","-5.113288","119.423777"
"7371081012002004","7371081012","002","004","JL. BARUKANG VI & JL. SABUTUNG TIMUR",,"-5.113683","119.423589"
"7371081012002005","7371081012","002","005","JL. BARUKANG VI & JL. SABUTUNG TIMUR",,"-5.113635","119.423967"
"7371081012003001","7371081012","003","001","JL. BARUKANG RAYA & JL. BARUKANG V","LORONG 5","-5.114784","119.424025"
"7371081012003002","7371081012","003","002","JL. BARUKANG RAYA & JL. BARUKANG V",,"-5.114394","119.424245"
"7371091001001001","7371091001","001","001","JL.SEJIWA & JL.A.P.PETTARANI",,"-5.141339","119.438227"
"7371091001001002","7371091001","001","002","JL.SEHATI & JL.SEJIWA",,"-5.141295","119.437171"
"7371091001001003","7371091001","001","003","JL.SEPAKAT & JL.ABADI & JL.ABUBAKAR LAMBOGO & JL.SEHATI",,"-5.141676","119.437862"
"7371091001002001","7371091001","002","001","JL.ABADI & JL.ANDI JALANTIK",,"-5.141920","119.437546"
"7371091001002002","7371091001","002","002","JL.PINGGIR KANAL & JL.ABADI & JL.ANDI JALANTIK",,"-5.142744","119.437453"
"7371091001002003","7371091001","002","003","JL.SEPAKAT & JL.ABADI & JL.A.P.PETTARANI",,"-5.142527","119.438211"
"7371091001003001","7371091001","003","001","JL.MUSYAWARAH & JL.NURDIN DG TUTU",,"-5.143327","119.435588"
"7371091001003002","7371091001","003","002","JL.NURDIN DG TUTU & JL.MUSYAWARAH",,"-5.143241","119.435330"
"7371091001003003","7371091001","003","003","JL.INSPEKSI KANAL & JL.MUSYAWARAH",,"-5.143525","119.436688"
"7371091001003004","7371091001","003","004","JL.MUSYAWARAH & JL.INSPEKSI KANAL",,"-5.143594","119.435451"
"7371091001004001","7371091001","004","001","JL.PERDAMAIAN & JL.NURDIN DG TUTU","LORONG 3","-5.142685","119.435229"
"7371091001004002","7371091001","004","002","JL.DRS.ARUDDIN HASAN & JL.NURDIN DG TUTU",,"-5.142884","119.436229"
"7371091001004003","7371091001","004","003","JL.ANDI JALANTIK & JL.DRS.ARUDDIN HASAN",,"-5.142863","119.436968"
"7371091001004004","7371091001","004","004","JL.ANDI JALANTIK & JL.DRS.ARUDDIN HASAN",,"-5.142466","119.435288"
"7371091001005001","7371091001","005","001","JL.ABUBAKAR LAMBAGO & JL.SEPAKAT",,"-5.141815","119.436326"
"7371091001005002","7371091001","005","002","JL.SEPAKAT & JL.ANDI JALANTIK",,"-5.142199","119.436474"
"7371091001005003","7371091001","005","003","JL.ANDI JALANTIK & JL.SEPAKAT",,"-5.142115","119.435021"
"7371091001005004","7371091001","005","004","JL.ANDI JALANTIK & JL.SEPAKAT",,"-5.142482","119.436860"
"7371091001006001","7371091001","006","001","JL.SEHATI & JL.ABUBAKAR LAMBOGO",,"-5.141731","119.435458"
"7371091001006002","7371091001","006","002","JL.ABUBAKAR LAMBOGO",,"-5.141434","119.435755"
"7371091001006003","7371091001","006","003","JL.SEHATI",,"-5.141314","119.436119"
"7371091001006004","7371091001","006","004","JL.SEJIWA & JL.MESJID MUJAHIRIN & JL.SEHATI",,"-5.141140","119.436132"
"7371091001006005","7371091001","006","005","JL.SEJIWA",,"-5.140862","119.435982"
"7371091001007001","7371091001","007","001","JL.MESJID MUJAHIRI & JL.GELORA MASSA",,"-5.140606","119.434518"
"7371091001007002","7371091001","007","002","JL.GELORA MASSA & JL.ST.MOLLAH",,"-5.140024","119.436138"
"7371091001007003","7371091001","007","003","JL.KERAJINAN & JL.ST.MOLLAH",,"-5.140323","119.435977"
"7371091001007004","7371091001","007","004","JL.KERAJINAN",,"-5.140575","119.435789"
"7371091001007005","7371091001","007","005","JL.SEJIWA & JL.GELORA MASSA",,"-5.140725","119.436290"
"7371091001008001","7371091001","008","001","JL.GELORA MASSA & JL.KEAMANAN & JL.MESJID MUJAHIRIN",,"-5.140092","119.434304"
"7371111011003001","7371111011","003","001","JL. BTN PEPABRI",,"-5.090110","119.534009"
"7371091001008002","7371091001","008","002","JL.SERKA MUNIR & JL.MAKMUR & JL.MESJID MUJAHIRIN & JL.GELORA MASSA",,"-5.140017","119.434685"
"7371091001008003","7371091001","008","003","JL.SERKA MUNIR & JL.GELORA MASSA",,"-5.139724","119.435913"
"7371091001008004","7371091001","008","004","JL.MAKMUR & JL.SERKA MUNIR",,"-5.139467","119.435876"
"7371091001009001","7371091001","009","001","JL.KEAMANAN",,"-5.138943","119.433961"
"7371091001009002","7371091001","009","002",,,".","."
"7371091001009003","7371091001","009","003","JL.PERSATUAN & JL.DAMAI & JL.MESJID MUJAHIRIN",,"-5.138794","119.434513"
"7371091001009004","7371091001","009","004","JL.BAHAGIA & JL.DAMAI",,"-5.139172","119.435020"
"7371091001009005","7371091001","009","005","JL.MAKMUR & JL.BAHAGIA",,"-5.139543","119.434638"
"7371091001010001","7371091001","010","001","JL.MAKMUR & JL.MACCINI RAYA",,"-5.138525","119.437372"
"7371091001010002","7371091001","010","002","JL.MACCINI RAYA","LORONG MERDEKA 3 & LORONG MERDEKA 1 & LORONG ANGKASA BIRU","-5.138201","119.435613"
"7371091001010003","7371091001","010","003","JL.MACCINI TENGAH & JL.PERSATUAN & JL.MACCINI RAYA","LORONG MERDEKA","-5.138433","119.435170"
"7371091001010004","7371091001","010","004","JL.MAKMUR",,"-5.138850","119.436496"
"7371091001010005","7371091001","010","005","JL.BAHAGIA & JL.PERSATUAN & JL.DAMAI",,"-5.139000","119.435509"
"7371091002001001","7371091002","001","001","JL.KESADARAN RAYA & JL.URIP SUMOHARJO",,"-5.145557","119.469725"
"7371091002001002","7371091002","001","002","JL.KESADARAN RAYA",,"-5.144525","119.468954"
"7371091002001003","7371091002","001","003",,,".","."
"7371091002001004","7371091002","001","004","JLBILAWAIYA RAYA",,"-5.143838","119.469778"
"7371091002001005","7371091002","001","005","JL.BILAWAIYA RAYA",,"-5.143287","119.469378"
"7371091002001006","7371091002","001","006",,,".","."
"7371091002001007","7371091002","001","007",,,".","."
"7371091002001008","7371091002","001","008",,,".","."
"7371091002001009","7371091002","001","009","JL.KESADARAN RAYA",,"-5.143009","119.467694"
"7371091002002001","7371091002","002","001",,,".","."
"7371091002002002","7371091002","002","002",,,".","."
"7371091002002003","7371091002","002","003","JL.BILAWAIYA IV",,"-5.141682","119.468869"
"7371091002002004","7371091002","002","004","JL.P.PAPI I & JL.KESADARAN RAYA",,"-5.141959","119.467330"
"7371091002002005","7371091002","002","005","JL.URIP SUMOHARJO",,"-5.145015","119.470913"
"7371091002002006","7371091002","002","006","JL.URIP SUMOHARJO",,"-5.145036","119.471986"
"7371091002002007","7371091002","002","007","JL.BILAWAIAYA RAYA",,"-5.140584","119.469704"
"7371091002002008","7371091002","002","008","JL.BILAWAIYA IV",,"-1.469704","119.468123"
"7371091002002009","7371091002","002","009",,,".","."
"7371091002002010","7371091002","002","010","JL.KESADARAN RAYA & JL.URIP SUMOHARJO",,"-5.143848","119.467060"
"7371091002003001","7371091002","003","001","JL.H.KALLA 11",,"-5.136949","119.460797"
"7371091002003002","7371091002","003","002","JL.H.KALLA 2 NO.11 & 19",,"-5.139573","119.461173"
"7371091002003003","7371091002","003","003",,,".","."
"7371091002003004","7371091002","003","004","JL.H.KALLA 2 NO.4 & 8",,"-5.139248","119.460177"
"7371091002003005","7371091002","003","005","JL.H.KALLA 2",,"-5.139342","119.462284"
"7371091002003006","7371091002","003","006","JL.TAMAN MAKAM PAHLAWAN",,"-5.141825","119.460662"
"7371091002003007","7371091002","003","007","JL.H.KALLA 2",,"-5.138956","119.462608"
"7371091002003008","7371091002","003","008",,,".","."
"7371091002003009","7371091002","003","009","JL.H.KALLA NO.1",,"-5.138309","119.459411"
"7371091002003010","7371091002","003","010","JL.CAMPAGAYA",,"-5.136948","119.462853"
"7371091002003011","7371091002","003","011","JL.URIP SUMOHARJO",,".","."
"7371091002004001","7371091002","004","001",,,".","."
"7371091002004002","7371091002","004","002","JL.ANGKASA VI",,"-5.138505","119.456773"
"7371091002004003","7371091002","004","003","JL.ANGKASA",,"-5.139243","119.457195"
"7371091002004004","7371091002","004","004","JL.ANGKASA NO.RAYA",,"-5.140396","119.456781"
"7371091002004005","7371091002","004","005",,,".","."
"7371091002004006","7371091002","004","006",,,".","."
"7371091002004007","7371091002","004","007",,,".","."
"7371091002004008","7371091002","004","008",,,".","."
"7371091002004009","7371091002","004","009","JL.H.KALLA",,"-5.137775","119.458570"
"7371091002004010","7371091002","004","010",,,".","."
"7371091002005001","7371091002","005","001","JL.ANGKASA I & JL.URIP SUMOHARJO",,"-5.142014","119.457109"
"7371091002005002","7371091002","005","002","JL.ANGKASA I & JL.URIP SUMOHARJO",,"-5.142184","119.457997"
"7371091002005003","7371091002","005","003","JL.ANGKASA III",,"-5.141101","-19.457174"
"7371091002005004","7371091002","005","004",,,".","."
"7371091002005005","7371091002","005","005",,,".","."
"7371091002005006","7371091002","005","006",,,".","."
"7371091002005007","7371091002","005","007",,,".","."
"7371091002005008","7371091002","005","008","JL.ANGKASA",,"-5.140125","119.456258"
"7371091002005009","7371091002","005","009","JL.ANGKASA III NO.4",,"-5.140699","119.455622"
"7371091002006001","7371091002","006","001","JL.INSPEKSI KANAL",,"-5.136999","119.447612"
"7371091002006002","7371091002","006","002","JL.URIP SUMOHARJO",,"-5.139134","119.452545"
"7371091002006003","7371091002","006","003","JL.URIP SUMOHARJO",,"-5.137292","119.450534"
"7371091002006004","7371091002","006","004","JL.ANGKASA",,"-5.137298","119.455763"
"7371091002007001","7371091002","007","001","JL.BELAWAYA NO.8",,"-5.139065","119.467780"
"7371091002007002","7371091002","007","002",,,".","."
"7371091002007003","7371091002","007","003","JL.P.KEMERDEKAAN",,"-5.136584","194.467413"
"7371091002007004","7371091002","007","004",,,".","."
"7371091002007005","7371091002","007","005","JL.KESADARAN IV","LORONG 5","-5.136009","119.465546"
"7371091002007006","7371091002","007","006","JL.KESADARAN IV",,"-5.135378","119.465653"
"7371091002007007","7371091002","007","007","JL.KESADARAN IV","LORONG 9","-5.134284","119.465500"
"7371091003001001","7371091003","001","001",,,".","."
"7371091003001002","7371091003","001","002","JL. CAMBAJAWAYA & JL. PACCINANG III",,"-5.147305","119.467795"
"7371091003001003","7371091003","001","003",,,".","."
"7371091003001004","7371091003","001","004","JL. PACCINANG III & JL. PACCINANG IV",,"-5.148194","119.469062"
"7371091003002001","7371091003","002","001",,,".","."
"7371091003002002","7371091003","002","002","JL. PACCINANG III & JL. PACCINANG IV",,"-5.148701","119.469734"
"7371091003002003","7371091003","002","003","JL DR. LEIMNA",,"-5.149740","119.470579"
"7371091003003001","7371091003","003","001","JL. PACCINANG RAYA & JL. PACCINANG RAYA V",,"-5.149587","119.468685"
"7371091003003002","7371091003","003","002",,,".","."
"7371091003003003","7371091003","003","003","JL. PACCINANG RAYA & JL. PACCINANG RAYA V",,"-5.149464","119.469899"
"7371091003003004","7371091003","003","004","JL. PACCINANG RAYA & JL. PACCINANG RAYA V & JL. CAMBAJAWAYA",,"-5.148991","119.467476"
"7371091003004001","7371091003","004","001","JL DR. LEIMNA & JL. URIP SUMOHARJO",,"-5.146359","119.472398"
"7371091003004002","7371091003","004","002","JL DR. LEIMNA",,"-5.148997","119.472332"
"7371091003004003","7371091003","004","003","JL DR. LEIMNA",,"-5.148297","119.470313"
"7371091003005001","7371091003","005","001","JL DR. LEIMNA & JL. INSPEKSI PAM",,"-5.148877","119.474092"
"7371091003005002","7371091003","005","002","JL DR. LEIMNA",,"-5.148386","119.475422"
"7371091003005003","7371091003","005","003","JL. KOMP. IDI","LORONG 1 & LORONG 2","-5.149305","119.478716"
"7371091003005004","7371091003","005","004","JL DR. LEIMNA & JL. KOMP. IDI",,"-5.150529","119.477742"
"7371091003006001","7371091003","006","001","JL. ANTANG RAYA & JL. PANDANG 1 & JL. PHINISI 1 & JL. GARDENIA RAYA","LORONG 6B","-5.151826","119.479464"
"7371091003006002","7371091003","006","002",,,".","."
"7371091003006003","7371091003","006","003","JL. KOMP. IDI","LORONG 6","-5.150159","119.481181"
"7371091003006004","7371091003","006","004","JL. KOMP. IDI","LORONG 7 & LORONG 8","-5.149155","119.482462"
"7371091003006005","7371091003","006","005","JL. PHINISI I & JL. PHINISI III","LORONG 6B","-5.151431","119.481650"
"7371091003007001","7371091003","007","001","JL. SERMANI I",,"-5.147382","119.464215"
"7371091003007002","7371091003","007","002",,,".","."
"7371091003007003","7371091003","007","003","JL. SERMANI & JL. SERMANI II & JL. SERMANI III & JL. SERMANI IV",,"-5.147959","119.464007"
"7371091003007004","7371091003","007","004","JL. SERMANI & JL. SERMANI IV & JL. SERMANI V",,"-5.148621","119.464018"
"7371091003007005","7371091003","007","005","JL. SERMANI & JL. SERMANI V",,"-5.149025","119.463597"
"7371091003008001","7371091003","008","001","JL. URIP SUMOHARJO & JL. CAMPAGAYYA",,"-5.145066","119.463383"
"7371091003009001","7371091003","009","001","JL. TAMAN MAKAM PAHLAWAN & JL. DEPOSITO",,"-5.149422","119.461699"
"7371091003009002","7371091003","009","002","JL. TASKA & JL. SERMANI",,"-5.148946","119.462033"
"7371091003009003","7371091003","009","003","JL. TAMAN MAKAM PAHLAWAN",,"-5.148736","119.461206"
"7371091003009004","7371091003","009","004","JL. TAMAN MAKAM PAHLAWAN & JL. URIP SUMOHARJO",,"-5.147112","119.461577"
"7371091003009005","7371091003","009","005","JL. SERMANI & JL. CAMPAGAYYA",,"-5.147751","119.462712"
"7371091003010001","7371091003","010","001",,,".","."
"7371091003010002","7371091003","010","002",,,".","."
"7371091003010003","7371091003","010","003",,,".","."
"7371091003010004","7371091003","010","004","JL. SERMANI & JL. CAMBA JAWAYA",,"-5.148814","119.465643"
"7371091003010005","7371091003","010","005","JL. CAMBAJAWAYA & JL. URIP SUMOHARJO",,"-5.146864","119.467658"
"7371091003010006","7371091003","010","006","JL. SERMANI & JL. URIP SUMOHARJO",,"-5.147510","119.465947"
"7371091003010007","7371091003","010","007","JL. SERMANI V & JL. CAMBA JAWAYA",,"-5.149455","119.464155"
"7371091003011001","7371091003","011","001","JL. URIP SUMOHARJO",,"-5.142850","119.470318"
"7371121001006001","7371121001","006","001","JL.AMD",,"-5.168742","119.492602"
"7371091003011002","7371091003","011","002","JL. URIP SUMOHARJO",,"-5.142724","119.469910"
"7371091003011003","7371091003","011","003",,,".","."
"7371091003011004","7371091003","011","004","JL. BILAWAIYA",,"-5.142037","119.469494"
"7371091003011005","7371091003","011","005","JL. URIP SUMOHARJO",,"-5.141946","119.470383"
"7371091003011006","7371091003","011","006","JL. BILAWAIYA",,"-5.141241","119.470278"
"7371091003011007","7371091003","011","007","JL. URIP SUMOHARJO",,"-5.143201","119.470570"
"7371091004001001","7371091004","001","001","JL.PAMPANG RAYA","LORONG BUNTU","-5.137069","119.443219"
"7371091004001002","7371091004","001","002","JL.PAMPANG RAYA & JL.URIP SUMOHARJO",,"-5.135454","119.443048"
"7371091004001003","7371091004","001","003",,,".","."
"7371091004001004","7371091004","001","004","JL.INSPEKSI KANAL",,"-5.136001","119.446220"
"7371091004001005","7371091004","001","005",,,".","."
"7371091004001006","7371091004","001","006","JL.INSPEKSI KANAL",,"-5.134947","119.447942"
"7371091004001007","7371091004","001","007",,,".","."
"7371091004001008","7371091004","001","008","JL.INSPEKSI KANAL & JL.PAMPANG IV & JL.PAMPANG V & JL.ANGKASA I",,"-5.133948","119.450264"
"7371091004002001","7371091004","002","001","JL.PAMPANG I & JL.PAMPANG II",,"-5.134308","119.447490"
"7371091004002002","7371091004","002","002","JL.PAMPANG IV & JL.PAMPANG V & JL.ANGKASA I","LORONG 1A","-5.135604","119.450614"
"7371091004002003","7371091004","002","003",,,".","."
"7371091004002004","7371091004","002","004","JL.PAMPANG IV",,"-5.133987","119.453801"
"7371091004002005","7371091004","002","005","JL.INSPEKSI KANAL",,"-5.130838","119.453126"
"7371091004003001","7371091004","003","001","JL.PAMPANG II","LORONG V","-5.133083","119.447103"
"7371091004003002","7371091004","003","002",,,"-5.128136","119.450627"
"7371091004003003","7371091004","003","003",,,".","."
"7371091004003004","7371091004","003","004",,,"-5.131201","119.450708"
"7371091004004001","7371091004","004","001","JL.PAMPANG II","LORONG IV & LORONG V","-5.132838","119.446607"
"7371091004004002","7371091004","004","002","JL.PAMPANG I & JL.PAMPANG II",,"-5.134399","119.446286"
"7371091004004003","7371091004","004","003",,,".","."
"7371091004004004","7371091004","004","004","JL.PAMPANG RAYA & JL.PAMPANG II",,"-5.132710","119.443443"
"7371091004004005","7371091004","004","005","JL.KP.BARU","LORONG 2","-5.131721","119.444786"
"7371091004004006","7371091004","004","006","JL.PAMPANG II","LORONG II & LORONG IV","-5.132088","119.445650"
"7371091004005001","7371091004","005","001","JL.PAMPANG RAYA",,"-5.134652","119.443325"
"7371091004006001","7371091004","006","001",,,".","."
"7371091004006002","7371091004","006","002","JL.PAMPANG RAYA",,"-5.133840","119.443369"
"7371091004007001","7371091004","007","001",,,".","."
"7371091004007002","7371091004","007","002",,,".","."
"7371091004007003","7371091004","007","003",,,".","."
"7371091004007004","7371091004","007","004","JL.PAMPANG RAYA",,"-5.134427","119.441815"
"7371091004007005","7371091004","007","005","JL.PAMPANG RAYA",,"-5.135191","119.441619"
"7371091004008001","7371091004","008","001","JL.BARAWAJA BARAT",,"-5.131723","119.439908"
"7371091004008002","7371091004","008","002","JL.BARAWAJA",,"-5.131486","119.442166"
"7371091004008003","7371091004","008","003",,,".","."
"7371091004008004","7371091004","008","004","JL.BARAWAJA II & JL.KP.BARU","LORONG 9 & LORONG 10 & LORONG GARDEN","-5.129884","119.443399"
"7371091004008005","7371091004","008","005","JL.KP.BARU","LORONG GARDEN","-5.127377","119.446145"
"7371091004008006","7371091004","008","006","JL.KP.BARU","LORONG 1 & LORONG 1A & LORONG 4","-5.129083","119.447479"
"7371091005001001","7371091005","001","001","JL.URIP SUMOHARJO & JL.BTN TONASA & JL.RACING CENTRE",,"-5.142294","119.450918"
"7371091005001002","7371091005","001","002","JL.JL.BTN TONASA & JL.RACING CENTRE",,"-5.143197","119.450531"
"7371091005001003","7371091005","001","003","JL.RACING CENTRE",,"-5.144216","119.450125"
"7371091005001004","7371091005","001","004","JL.RACING CENTRE & JL.MUSTIKA MULIA 1",,"-5.144393","119.449406"
"7371091005002001","7371091005","002","001","JL.URIP SUMOHARJO & JL.MESJID BAITURRAHMAN & JL.RACING CENTER","LORONG 1","-5.141643","119.454058"
"7371091005002002","7371091005","002","002","JL.RACING CENTRE & JL.URIP SUMOHARJO",,"-5.141593","119.453210"
"7371091005002003","7371091005","002","003","JL.RACING CENTRE & JL.MESJID BAITURRAHMAN","LORONG 2","-5.142648","119.453155"
"7371091005002004","7371091005","002","004","JL.MESJID BAITURRAHMAN & JL.RACING CENTER & JL.PROF.ABDURAHMAN BASALAMAH",,"-5.143772","119.452963"
"7371091005002005","7371091005","002","005","JL.MESJID BAITURRAHMAN & JL.PENJERNIHAN VI",,"-5.145221","119.452997"
"7371091005002006","7371091005","002","006","JL.MESJID BAITURRAHMAN & JL.PROF.ABDURAHMAN BASALAMAH & JL.RACING CENTRE",,"-5.146767","119.451666"
"7371091005002007","7371091005","002","007","JL.RACING CENTRE & JL.PROF.ABDURAHMAN BASALAMAH & JL.RACING CENTRE IV",,"-5.146432","119.449620"
"7371091005002008","7371091005","002","008","JL.BAITULRAHMAN & JL.PROF.ABDURAHMAN BASALAMAH",,"-5.150462","119.450254"
"7371091005002009","7371091005","002","009","JL.HJ.SARIPA RAYA & JL.BAITURRAHMAN",,"-5.150594","119.451635"
"7371091005003001","7371091005","003","001","JL.PENJERNIHAN VI & JL.MESJID BAITURRAHMAN & JL.ATHIRAH RAYA & JL.H.ATHIRAH II & JLSARIPAH II",,"-5.149526","119.451768"
"7371091005003002","7371091005","003","002","JL.MESJID ATHIRAH & JL.ATHIRAH 1 & JL.ATHIRAH RAYA & JL.MESJID BAITURRAHMAN",,"-5.147507","119.451411"
"7371091005003003","7371091005","003","003","JL.MESJID ATHIRAH & JL.ATHIRAH 1",,"-5.148832","119.451270"
"7371091005003004","7371091005","003","004","JL.SUNGAI SADDANG BARU & JL.PROF.ABDURAHMAN BASALAMAH & JL.H.ATHIRAH III & JL.H.ATHIRAH IV",,"-5.149183","119.449572"
"7371091005003005","7371091005","003","005","JL.PENJERNIHAN & JL.H.ATHIRAH II & JL.SARIPAH II & JL.SARIPAH III",,"-5.148668","119.452269"
"7371091005003006","7371091005","003","006","JL.PENJERNIHAN & JL.PENJERNIHAN RAYA & JL.PENJERNIHAN 2 & JL.PENJERNIHAN 3 & JL.SARIPAH III & JL.HJ.SARIPAH RAYA",,"-5.149762","119.453760"
"7371091005004001","7371091005","004","001","JL.ANTARIKSA & JL.AKUNTAN & JL.PENJERNIHAN RAYA",,"-5.145819","119.455937"
"7371091005004002","7371091005","004","002","JL.AKUNTAN & JL.PENJERNIHAN RAYA",,"-5.145356","119.454789"
"7371091005004003","7371091005","004","003","JL.AKUNTAN & JL.PENJERNIHAN RAYA",,"-5.145650","119.454367"
"7371091005005001","7371091005","005","001","JL.URIP SUMOHARJO & JL.ASPOL PANAIKANG",,"-5.142765","119.457116"
"7371091005005002","7371091005","005","002","JL.ASPOL PANAIKANG",,"-5.143265","119.456343"
"7371091005005003","7371091005","005","003","JL.URIP SUMOHARJO & JL.ASPOL PANAIKANG",,"-5.144060","119.456741"
"7371091005005004","7371091005","005","004",,,".","."
"7371091005005005","7371091005","005","005","JL.ASPOL PANAIKANG",,"-5.143663","119.457525"
"7371091005005006","7371091005","005","006","JL.ASPOL PANAIKANG",,"-5.145010","119.456023"
"7371091005006001","7371091005","006","001","JL.DIRGANTARA",,"-5.143435","119.458176"
"7371091005006002","7371091005","006","002","JL.DIRGATARA & JL.DIRGANTARA 3",,"-5.143567","119.458964"
"7371091005006003","7371091005","006","003","JL.DIRGANTARA 3",,"-5.144239","119.458639"
"7371091005006004","7371091005","006","004","JL.DIRGANTARA 2",,"-5.143608","119.458280"
"7371091005007001","7371091005","007","001","JL.RACING CENTRE & JL.RACING CENTRE IV","BLOK D","-5.148207","119.450117"
"7371091005007002","7371091005","007","002","JL.PROF.ABDURAHMAN BASALAMAH & JL.RACING CENTRE",,"-5.147931","119.448863"
"7371091005007003","7371091005","007","003","JL.INSPEKSI KANAL & JL.RACING CENTRE","LORONG 7B & LORONG 7D","-5.149294","119.448262"
"7371091005008001","7371091005","008","001","JL.URIP SUMOHARJO & JL.ANTARIKSA",,"-5.142302","119.455707"
"7371091005008002","7371091005","008","002","JL.ANTARIKSA & JL.PENJERNIHAN RAYA",,"-5.143308","119.455030"
"7371091005008003","7371091005","008","003","JL.PENJERNIHAN RAYA & JL.KOMPLEKS PAM & JL.PENJERNIHAN IV",,"-5.146879","119.454270"
"7371091005008004","7371091005","008","004","JL.PENJERNIHAN RAYA",,"-5.148789","119.455154"
"7371091005009001","7371091005","009","001",".JL.URIP SUMOHARJO","LORONG H.BETA","-5.141963","119.451946"
"7371091005009002","7371091005","009","002","JL.URIP SUMOHARJO",,"-5.140811","119.449710"
"7371091005009003","7371091005","009","003","JL.RACING SINRI JALA & JL.RACING CENTRE & JL.URIP SUMOHARJO",,"-5.140023","119.446650"
"7371091005009004","7371091005","009","004","JL.PROF.ABDURRAHMAN BASALAMAH II",,"-5.147040","119.446195"
"7371091005009005","7371091005","009","005","JL.RACING CENTRE & JL.PROF.ABDURRAHMAN BASALAMAH",,"-5.143674","119.452010"
"7371091005009006","7371091005","009","006","JL.RACING CENTRE & JL.RACING CENTRE IV",,"-5.146315","119.448322"
"7371091006001001","7371091006","001","001","JL.A.P.PETTARANI & JL.GOTONG ROYONG","MELIA I & MELIA II & MELIA III","-5.144737","119.943876"
"7371091006001002","7371091006","001","002","JL.GOTONG ROYONG 5",,"-5.145002","119.435248"
"7371091006001003","7371091006","001","003","JL.BAKTI & JL.BAKTI V",,"-5.146290","119.434717"
"7371091006001004","7371091006","001","004","JL.BAKTI II & JL.BAKTI III",,"-5.146674","119.434906"
"7371091006001005","7371091006","001","005","JL.GOTONG ROYONG",,"-5.144095","119.436390"
"7371091006001006","7371091006","001","006","JL.GOTONG ROYONG 4 & JL.BAKTI & JL.GOTONG ROYONG 3 & JL.GOTONG ROYONG 2",,"-5.144710","119.436901"
"7371091006001007","7371091006","001","007","JL.A.P.PETTARANI & JL.KLP.TIGA & JL.BAKTI 1 & JL.KELAPA TIGZ",,"-5.147063","119.436760"
"7371091006001008","7371091006","001","008","JL.GOTONG ROYONG",,"-5.144116","119.435253"
"7371091006002001","7371091006","002","001","JL.A.P.PETTARANI I & JL.A.P.PETTARANI II",,"-5.143799","119.439370"
"7371091006002002","7371091006","002","002","JL.A.P.PETTARANI",,"-5.145258","119.438773"
"7371091006002003","7371091006","002","003","JL.A.P.PETTARANI IV & JL.A.P.PETTARANI V & JL.A.P.PETTARANI VI",,"-5.145845","119.438908"
"7371091006002004","7371091006","002","004","JL.A.P.PETTARANI VI & JL.A.P.PETTARANI VII",,"-5.145264","119.439570"
"7371091006002005","7371091006","002","005","JL.A.P.PETTARANI VI & JL.A.P.PETTARANI VII",,"-5.144215","119.439977"
"7371091006002006","7371091006","002","006","JL.ANDI PANGERAN PETTARANI & JL.A.P.PETTARANI
 ","LORONG 1 & LORONG 4","-5.144527","119.440623"
"7371091006002007","7371091006","002","007","JL.A.P.PETTARANI II & JL.A.P.PETTARANI VIII","LORONG 1 & LORONG 3 & LORONG 5","-5.145355","119.440714"
"7371091006002008","7371091006","002","008","JL.A.P.PETTARANI III & JL.A.P.PETTARANI VI",,"-5.146832","119.440418"
"7371091006002009","7371091006","002","009","JL.A.P.PETTARANI VI & JL.A.P.PETTARANI VIII",,"-5.146957","119.441932"
"7371091006003001","7371091006","003","001","JL.A.P.PETTARANI III & JL.MASALE",,"-5.147042","119.438815"
"7371091006003002","7371091006","003","002","JL.MASALE & JL.MASALE 4",,"-5.148260","119.438981"
"7371091006003003","7371091006","003","003",,,".","."
"7371091006003004","7371091006","003","004","JL.A.P.PETTARANI III & JL.MASAE & JL.MASALE 1",,"-5.148410","119.440944"
"7371091006003005","7371091006","003","005","JL.A.P.PETTARANI III & JL.A.P.PETTARANI VI","LORONG 6","-5.147576","119.441320"
"7371091006003006","7371091006","003","006","JL.MASALE 1 & JL.A.P.PETTARANI III & JL.ABDULLAH DAENG SIRUA 1",,"-5.148885","119.441529"
"7371091006004001","7371091006","004","001","JL.USMAN DG NGALLE & JL.ABDULLAH DAENG SIRUA 2","LORONG 3","-5.149559","119.442940"
"7371091006004002","7371091006","004","002","JL.ABDULLAH DAENG SIRUA 1 & JL.USMAN DG NGALLE",,"-5.148565","119.442410"
"7371091006004003","7371091006","004","003","JL.A.P.PETTARANI III & JL.USMAN DG NGALLE & JL.ABDULLAH DAENG SIRUA 2",,"-5.148715","119.443097"
"7371091006004004","7371091006","004","004","JL.A.P.PETTARANI III","LORONG 6","-5.147609","119.442528"
"7371091006004005","7371091006","004","005","JL.HAYA DG.KOYO & JL.A.P.PETTARANI III",,"-5.147801","119.443445"
"7371091006004006","7371091006","004","006","JLABDULLAH DAENG SIRUA 2 & JL.HAYA DG.KOYO","LORONG 2 & LORONG 3","-5.148047","119.444432"
"7371091006005001","7371091006","005","001","JL.A.P.PETTARANI II & JL.A.P.PETTARANI III","LORONG 7","-5.146781","119.442651"
"7371091006005002","7371091006","005","002","JL.HAYA DG.KOYO & JL.A.P.PETTARANI II","LORONG 9 & LORONG 9A & LORONG 11","-5.146610","119.443569"
"7371091006005003","7371091006","005","003","JL.A.P.PETTARANI II","LORONG 13","-5.146871","119.444781"
"7371091006005004","7371091006","005","004","JL.SUKARIA RAYA & JL.ANDI PANGERAN PETTARANI 2I",,"-5.145317","119.445414"
"7371091006005005","7371091006","005","005","JL.SUKARIA RAYA & JL.SUKARIA 7 & JL.ANDI PANGERAN PETTARANI II",,"-5.145450","119.444534"
"7371091006005006","7371091006","005","006","JL.SUKARIA RAYA & JL.ANDI PANGERAN PETTARANI II","LORONG 8","-5.144724","119.442968"
"7371091006005007","7371091006","005","007","JL.ANDI PANGERAN PETTARANI II",,"-5.145958","119.442566"
"7371091006005008","7371091006","005","008","JL.SUKARIA RAYA & JL.ANDI PANGERAN PETTRANI 2 & JL.M.SALEH YUSUF",,"-5.145723","119.446444"
"7371091006006001","7371091006","006","001","JL.SUKAMANA & JL.SUKA BUMI",,"-5.142542","119.439948"
"7371091006006002","7371091006","006","002","JL.SUKA BUMI & JL.SUKAMANA",,"-5.142153","119.440448"
"7371091006006003","7371091006","006","003","JL.SUKA BUMI",,"-5.141264","119.441114"
"7371091006006004","7371091006","006","004","JL.SUKAMAJU RAYA & JL.SUKAMAJU I & JL.SUKAMANA",,"-5.139960","119.442425"
"7371091006006005","7371091006","006","005","JL.SUKAMAJU III & JL.SUKAMANA",,"-5.139491","119.443043"
"7371091006006006","7371091006","006","006","JL.SUKA MULIA & JL.SUKA MAJU RAYA & JL.SUKARIA 1B",,"-5.141497","119.441747"
"7371091006006007","7371091006","006","007","JL.SUKARIA 1 & JL.SUKARIA 1A & JL.SUKARIA RAYA & JL.SUKA MULIA",,"-5.142890","119.441329"
"7371091006006008","7371091006","006","008","JL.SUKARIA 2",,"-5.141932","119.442277"
"7371091006006009","7371091006","006","009","JL.SUKARIA 2",,"-5.143597","119.442171"
"7371091006006010","7371091006","006","010","JL.SUKAMANA & JL.SUKAMAJU III & JL.SUKAMAJU RAYA",,"-5.140015","119.443640"
"7371091006006011","7371091006","006","011","JL.SUKARIA 2 & JL.SUKARIA 3 & JL.SUKARIA 4 & JL.SUKARIA 5",,"-5.143190","119.442810"
"7371091006007001","7371091006","007","001","JL.SUKARIA 8 & JL.SUKARIA 9 & JL.SUKARIA 10",,"-5.144170","119.944197"
"7371091006007002","7371091006","007","002","JL.SUKAMAJU RAYA & JL.SUKARIA 6 & JL.SUKARIA 7",,"-5.142710","119.444106"
"7371091006007003","7371091006","007","003","JL.M.SALEH YUSUF & JL.SUKAMAJU RAYA",,"-5.140975","119.444529"
"7371091006007004","7371091006","007","004","JL.SUKAMAJU RAYA & JL.M.SALEH YUSUF",,"-5.141293","119.446073"
"7371091006007005","7371091006","007","005","JL.SUKARIA 8 & JL.SUKARIA 9",,"-5.142276","119.445211"
"7371091006007006","7371091006","007","006","JL.SUKARIA 11",,"-5.142746","119.446167"
"7371091006007007","7371091006","007","007","JL.SUKARIA 9 & JL.SUKARIAN 10",,"-5.144020","119.445001"
"7371091006007008","7371091006","007","008","JL.SUKARIA 13 & JL.SUKARIA 18",,"-5.143197","119.447209"
"7371091006007009","7371091006","007","009","JL.SUKARIA RAYA & JL.SUKARIA 16 & JL.SUKARIA 18",,"-5.144356","119.447282"
"7371091006008001","7371091006","008","001","JL.ABDULLAH DAENG SIRUA 2","LORONG 1","-5.150492","119.444244"
"7371091006008002","7371091006","008","002","JL.ABDULLAH DAENG SIRUA 2","LORONG 1 & LORONG 2","-5.149736","119.444637"
"7371101003011002","7371101003","011","002","JL. ANDI MAPPAODANG",,"-5.172203","119.414742"
"7371091006008003","7371091006","008","003","JL.ABDULLAH DAENG SIRUA 2","LORONG 2 & LORONG 5","-5.149156","119.445649"
"7371091006008004","7371091006","008","004","JL.SUKARIA & JL.ABDULLAH DAENG SIRUA","LORONG 7 & LORONG 9","-5.150699","119.447053"
"7371091006008005","7371091006","008","005","JL.INSPEKSI KANAL & JL.ABDULLAH DAENG SIRUA & JL.SUKARIA","LORONG 11","-5.150896","119.448510"
"7371091007001001","7371091007","001","001","JL.PANAKKUKANG BOULEVARD & JL.AP.PETTARANI PENGAYOMAN & JL.PENGAYOMAN",,"-5.157041","119.438972"
"7371091007001002","7371091007","001","002","JL.BOULEVARD & JL.PANAKKUKANG & JL.PENGAYOMAN",,"-5.157298","119.440034"
"7371091007002001","7371091007","002","001","JL.PENGAYOMAN & JL.BOUGENVILLE & JL.BOULEVARD",,"-5.158193","119.446616"
"7371091007002002","7371091007","002","002","JL.TULIP & JL.ASOKA BLK",,"-5.157998","119.443572"
"7371091007002003","7371091007","002","003","JL.ASPKA & JL.BOULEVARD",,"-5.156545","119.442081"
"7371091007003001","7371091007","003","001","JL.HERTASNING & JL.PENGAYOMAN F XXI & JL.PENGAYOMAN & JL.NEW BOUGENVILE",,"-5.159708","119.440021"
"7371091007003002","7371091007","003","002","JL.HERTASNING UTARA 3 & JL.HERTASNING UTARA 2 & JL.LETJEN HERTASNING & JL.SETAPAK PENGAYOMAN",,"-5.160646","119.440815"
"7371091007003003","7371091007","003","003","JL.PENGAYOMAN & JL.LETJEN HERTASNING & JL.BAU MANGGA & JL.ADIYAKSA",,"-5.162227","119.442520"
"7371091007003004","7371091007","003","004","JL.BAU MANGGA & JL.MAWAR & JL.PENGAYOMAN",,"-5.160667","119.443658"
"7371091007003005","7371091007","003","005","JL.PENGAYOMAN PINTU II & JL.PENGAYOMAN & JL.BOUNGENVILLE",,"-5.160315","119.441619"
"7371091007003006","7371091007","003","006","JL.BAU MANGGA & JL.ADIYAKSA & JL.PENGAYOMAN",,"-5.159706","119.445943"
"7371091007004001","7371091007","004","001","JL.BOULEVARD & JL.ANCE DAENG NGOYO","LORONG 2 & LORONG 1A & LORONG 1C","-5.155452","119.443702"
"7371091007004002","7371091007","004","002","JL.ANCE DAENG NGOYO & JL.ABDULLAH DAENG SIRUA","LORONG 6","-5.152511","119.443625"
"7371091007004003","7371091007","004","003","JL.ABDULLAH DAENG SIRUA","LORONG 8","-5.151964","119.446014"
"7371091007004004","7371091007","004","004","JL.ABDULLAH DAENG SIRUA & JL.ADYAKSA BARU","LORONG 12","-5.152202","119.447704"
"7371091007004005","7371091007","004","005","JL.ADYAKSA BARU I","LORONG 4A & LORONG 4C & LORONG 6","-5.153587","119.447345"
"7371091007004006","7371091007","004","006","JL.JASPER II & JL.BOULEVARD",,"-5.156267","119.447084"
"7371091007004007","7371091007","004","007","JL.BOULEVARD",,"-5.155562","119.446881"
"7371091007004008","7371091007","004","008","JL.BOULEVARD","BLOK D & BLOK F & LORONG 8 & BLOK A & BLOK B","-5.154825","119.445325"
"7371091007004009","7371091007","004","009","JL.BOULEVARD","BLOK H & J & BLOK G","-5.153318","119.444477"
"7371091007004010","7371091007","004","010","JL.BOULEVARD","BLOK P","-5.152062","119.444848"
"7371091007005001","7371091007","005","001","JL.ABDULLAH DAENG SIRUA",,"-5.150531","119.442783"
"7371091007005002","7371091007","005","002","JL.ANCE DAENG NGOYO & JL.BUMI KARSA","LORONG 2 & LORONG BUNTU & LORONG 5","-5.151253","119.442820"
"7371091007005003","7371091007","005","003","JL.ANCE DG NGOYO & JL.TOPAZ RAYA & JL.BOULEVARD & JL.AP.PETTARANI",,"-5.154500","119.442200"
"7371091007006001","7371091007","006","001","JL.ABDULLAH DAENG SIRUA & JL.SWADAYA","LORONG 1","-5.149211","119.439362"
"7371091007006002","7371091007","006","002","JL.SWADAYA & JL.ABDULLAH DAENG SIRUA",,"-5.149888","119.441165"
"7371091007006003","7371091007","006","003","JL.A.P.PETTARANI & JL.SWADAYA & JL.BUMI KARSA & JL.ABDULLAH DAENG SIRUA",,"-5.150329","119.440470"
"7371091007006004","7371091007","006","004","JL.PELITA RAYA & JL.A.P.PETTARANI","LORONG III","-5.148710","119.436779"
"7371091007007001","7371091007","007","001","JL.TOPAZ RAYA & JL.BUMI KARSA & JL.A.P.PETTARANI",,"-5.152016","119.440646"
"7371091007007002","7371091007","007","002","JL.BUMI KARSA & JL.A.P.PETTARANI","LORONG 3 & LORONG A.P.PETTARANI 1 & LORONG 1","-5.-5","119.439155"
"7371111011003002","7371111011","003","002","JL. BTN PEPABRI",,"-5.090278","119.534883"
"7371091007007003","7371091007","007","003","JL.BOULEVARD & JL.TOPAZ RAYA","LORONG 2","-5.154025","119.439166"
"7371091008001001","7371091008","001","001","JL.ABDULLAH DAENG SIRUA",,"-5.151557","119.451942"
"7371091008001002","7371091008","001","002","JL.ABDULLAH DAENG SIRUA",,"-5.152130","119.451177"
"7371091008001003","7371091008","001","003","JL.ABDULLAH DAENG SIRUA",,"-5.151140","119.451510"
"7371091008001004","7371091008","001","004","JL.ABDULLAH DAENG SIRUA",,"-5.152227","119.452185"
"7371091008001005","7371091008","001","005","JL.ABDULLAH DAENG SIRUA",,"-5.152163","119.452875"
"7371091008001006","7371091008","001","006","JL.ABDULLAH DAENG SIRUA",,"-5.153266","119.453480"
"7371091008001007","7371091008","001","007","JL.ABDULLAH DAENG SIRUA",,"-5.153541","119.451731"
"7371091008002001","7371091008","002","001","JL.PANDANG RAYA",,"-5.156029","119.451743"
"7371091008002002","7371091008","002","002","JL.ADYAKSA BARU & JL.PANDANG RAYA BARAT",,"-5.155547","119.449030"
"7371091008002003","7371091008","002","003","JL.ADYAKSA BARU & JL.ABDULLAH DAENG SIRUA","LORONG 5","-5.153564","119.449520"
"7371091008003001","7371091008","003","001","JL.PANDANG & JL.PANDANG I",,"-5.159124","119.451751"
"7371091008003002","7371091008","003","002","JL.PANDANG RAYA & JL.PANDANG V & JL.PANDANG III",,"-5.158740","119.451218"
"7371091008003003","7371091008","003","003","JL.PENGAYOMAN & JL.PANDANG & JL.PANDANG II",,"-5.160392","119.450851"
"7371091008003004","7371091008","003","004","JL.MIRAH SERUNI & JL.PENGAYOMAN",,"-5.159787","119.449995"
"7371091008003005","7371091008","003","005","JL.MIRAH SERUNI & JL.PENGAYOMAN",,"-5.159007","119.448936"
"7371091008004001","7371091008","004","001","JL.ADYAKSA & JL.ADYAKSA II & JL.LETJEN HERTASNING & JL.TODDOPULI II",,"-5.162511","119.445667"
"7371091008004002","7371091008","004","002","JL.ADYAKSA V & JL.ADYAKSA II & JL.ADYAKSA III & JL.ADYAKSA IV",,"-5.161706","119.446700"
"7371091008004003","7371091008","004","003","JL.ADYAKSA III & JL.ADYAKSA VI & JL.ADYAKSA VII & JL.ADYAKSA VIII",,"-5.161246","119.447073"
"7371091008004004","7371091008","004","004","JL.ADYAKSA II & JL.ADYAKSA IV & JL.ADYAKSA IX",,"-5.162139","119.447434"
"7371091008004005","7371091008","004","005","JL.ADYAKSA & JL.ADYAKSA VIII & JL.PENGAYOMAN",,"-5.160610","119.448026"
"7371091008004006","7371091008","004","006","JL.TODDOPULI III",,"-5.163739","119.447449"
"7371091008005001","7371091008","005","001","JL.TODDOPULI IV","SETAPAK 6","-5.162873","119.450586"
"7371091008005002","7371091008","005","002","JL.TODDOPULI IV","SETAPAK 3","-5.163404","119.451048"
"7371091008005003","7371091008","005","003","JL.TODDOPULI IV","SETAPAK 1","-5.163695","119.451440"
"7371091008005004","7371091008","005","004","JL.TODDOPULI IV","JL.SETAPAK 12 & JL.SETAPAK 14 & JL.SETAPAK 16","-5.163253","119.451881"
"7371091008005005","7371091008","005","005","JL.TODDOPULI IV & JL.PENGAYOMAN & JL.TODDOPULI RAYA",,"-5.162393","119.452135"
"7371091008005006","7371091008","005","006","JL.PENGAYOMAN",,"-5.162094","119.450920"
"7371091008006001","7371091008","006","001","JL.TODDOPULI RAYA",,"-5.164731","119.450516"
"7371091008006002","7371091008","006","002","JL.TODDOPULI IV","SETAPAK 4","-5.164580","119.450200"
"7371091008006003","7371091008","006","003","JL.TODDOPULI III & JL.TODDOPULI IV","SETAPAK III & SETAPAK IV & LORONG SEHAT","-5.163791","119.449593"
"7371091008006004","7371091008","006","004","JL.TODDOPULI III & JL.TODDOPULI IV","SETAPAK 4","-5.163297","119.449668"
"7371091008006005","7371091008","006","005","JL.TODDOPULI III & JL.TODDOPULI IV","SETAPAK 10 & SETAPAK 3 & SETAPAK 8","-5.163129","119.449878"
"7371091008006006","7371091008","006","006",,,".","."
"7371091008006007","7371091008","006","007","JL.TODDOPULI III","SETAPAK 1","-5.162525","119.448544"
"7371091008006008","7371091008","006","008","JL.TODDOPULI III & JL.ADYAKSA IX",,"-5.163151","119.447875"
"7371091008006009","7371091008","006","009","JL.TODDOPULI II & JL.TODDOPULI III",,"-5.164616","119.448887"
"7371091008006010","7371091008","006","010","JL.TODDOPULI II & JL.TODDOPULI RAYA",,"-5.165435","119.449787"
"7371091008006011","7371091008","006","011","JL.TODDOPULI II","SETAPAK 5","-5.164354","119.449343"
"7371091008007001","7371091008","007","001","JL.TODDOPULI II","SETAPAK 9","-5.164658","119.448461"
"7371091008007002","7371091008","007","002",,,".","."
"7371091008007003","7371091008","007","003","JL.LETJEN HERTASNING & JL.TODDOPULI RAYA & JL.TODDOPULI II",,"-5.165046","119.447457"
"7371091008007004","7371091008","007","004","JL.TODDOPULI II","SETAPAK 6","-5.165391","119.448549"
"7371091009001001","7371091009","001","001","JL.URIP SUMOHARJO","LORONG 4","-5.134869","119.435432"
"7371091009001002","7371091009","001","002","JL.URIP SUMOHARJO","LORONG 6","-5.135208","119.436596"
"7371091009001003","7371091009","001","003","JL.URIP SUMOHARJO & JL.URIP SUMOHARJO 4",,"-5.134798","119.438621"
"7371091009001004","7371091009","001","004","JL.URIP SUMOHARJO","LORONG 4","-5.134138","119.436364"
"7371091009002001","7371091009","002","001","JL.URIP SUMOHARJO & JL.ADIPURA RAYA","LORONG 3","-5.133532","119.434347"
"7371091009002002","7371091009","002","002","JL.URIP SUMOHARJO","LORONG 4","-5.132758","119.436332"
"7371091009003001","7371091009","003","001","JL.URIP SUMOHARJO","LORONG 4","-5.132614","119.437002"
"7371091009003002","7371091009","003","002","JL.ADIPURA RAYA & JL.ADIPURA I",,"-5.132277","119.438360"
"7371091009003003","7371091009","003","003","JL.ADIPURA 1C",,"-5.131022","119.437810"
"7371091009003004","7371091009","003","004","JL.ADIPURA I & JL.DARUL MAARIF & JL.BARAWAJA BARAT & JL.ADIPURA II","LORONG 3C & LORONG MELATI","-5.130452","119.439824"
"7371091009004001","7371091009","004","001","JL.URIP SUMOHARJO & JL.ADIPURA I","LORONG 3 & LORONG 4","-5.131399","119.436795"
"7371091009004002","7371091009","004","002","JL.URIP SUMOHARJO III & JL.ADIPURA 1 & JL.ADIPURA 1B",,"-5.130771","119.436160"
"7371091009004003","7371091009","004","003","JL.ADIPURA 1C",,"-5.130605","119.437201"
"7371091009004004","7371091009","004","004","JL.ADIPURA II & JL.URIP SUMOHARJO","LORONG 3","-5.130050","119.437329"
"7371091009004005","7371091009","004","005",,,".","."
"7371091009004006","7371091009","004","006","JL.ADIPURA I & JL.ADIPURA II",,"-5.130082","119.436331"
"7371091009005001","7371091009","005","001","JL.ADIPURA RAYA & JL.URIP SUMOHARJO","LORONG 2","-5.131944","119.433613"
"7371091009005002","7371091009","005","002","JL.URIP SUMOHARJO","LORONG 2","-5.132933","119.432396"
"7371091009005003","7371091009","005","003","JL.URIP SUMOHARJO","LORONG 1","-5.322705","119.432344"
"7371091009006001","7371091009","006","001","JL.URIP SUMOHARJO","LORONG 1","-5.133815","119.431499"
"7371091009006002","7371091009","006","002","JL.URIP SUMOHARJO","LORONG 1","-5.132643","119.432042"
"7371091009006003","7371091009","006","003","JL.URIP SUMOHARJO","LORONG 1","-5.131859","119.432288"
"7371091009007001","7371091009","007","001","JL.MOH.JUFRI 7 & JL.DATUK RIBANDING",,"-5.129902","119.433340"
"7371091009007002","7371091009","007","002","JL.URIP SUMOHARJO","LORONG 1","-5.132361","119.431749"
"7371091009007003","7371091009","007","003","JL.URIP SUMOHARJO",,"-5.132985","119.431637"
"7371091009007004","7371091009","007","004","JL.URIP SUMOHARJO","LORONG","-5.133582","119.431654"
"7371091009008001","7371091009","008","001","JLBARAWAJA & JL.URIP SUMOHARJO",,"-5.136261","119.440726"
"7371091009008002","7371091009","008","002","JL.BARAWAJA",,"-5.134645","119.440762"
"7371091009008003","7371091009","008","003","JL.BARAWAJA","LORONG 2","-5.133387","119.440975"
"7371091010001001","7371091010","001","001","JL.KARANTINA & JL.PERKEBUNAN & JL.URIP SUMOHARJO",,"-5.135819","119.432957"
"7371091010001002","7371091010","001","002","JL.PERKEBUNAN I & JL.KARANTINA",,"-5.136446","119.433862"
"7371091010001003","7371091010","001","003","JL.PERKEBUNAN & JL.PERKEBUNAN I & JL.PERKEBUNAN II",,"-5.136764","119.434505"
"7371091010002001","7371091010","002","001","JL.REHABILITASI CACAT & JL.MACCINI RAYA",,"-5.137593","119.437254"
"7371091010002002","7371091010","002","002","JL.GAJAH MADA",,"-5.137723","119.435461"
"7371091010002003","7371091010","002","003","JL.URIP SUMOHARJO & JL.GAJAH MADA",,"-5.136387","119.435772"
"7371091010003001","7371091010","003","001","JL.A.P PETTARANI & JL.SEJIWA",,"-5.140192","119.437936"
"7371091010003002","7371091010","003","002","JL.A.P PETTARANI & JL.MACCINI RAYA",,"-5.138205","119.439181"
"7371091010003003","7371091010","003","003","JL.A.P PETTARANI & JL.URIP SUMOHARJO & JL.MACCINI RAYA",,"-5.136901","119.438505"
"7371091010004001","7371091010","004","001","JL.URIP SUMOHARJO",,"-5.138428","119.443874"
"7371091010004002","7371091010","004","002","JL.A.P PETTARANI",,"-5.138608","119.441831"
"7371091010004003","7371091010","004","003","JL.A.P PETTARANI",,"-5.141466","119.439742"
"7371091010005001","7371091010","005","001","JL. SUKA BUMI",,"-5.141758","119.440505"
"7371091010005002","7371091010","005","002","JL. SUKA BUMI",,"-5.141707","119.440805"
"7371091010005003","7371091010","005","003","JL.SUKA BUMI",,"-5.140874","119.441189"
"7371091011001001","7371091011","001","001","JL.DIRGANTARA",,"-5.144385","119.458335"
"7371091011001002","7371091011","001","002","JL.DIRGANTARA 7",,"-5.146055","119.457057"
"7371091011001003","7371091011","001","003","JL.DIRGANTARA",,"-5.146636","119.456465"
"7371091011001004","7371091011","001","004","JL.DIRGANTARA 9",,"-5.147344","119.455949"
"7371091011001005","7371091011","001","005","JL.DIRGANTARA 9",,"-5.148388","119.455611"
"7371091011001006","7371091011","001","006","JL.DILGANTARA 8",,"-5.149205","119.455746"
"7371091011001007","7371091011","001","007","JL.SAKURA & JL.DIRGANTARA 2",,"-5.143984","119.459382"
"7371091011001008","7371091011","001","008","JL. SAKURA & JL.TAMAN MAKAM PAHLAWAN",,"-5.146068","119.458792"
"7371091011001009","7371091011","001","009",,,".","."
"7371091011001010","7371091011","001","010","JL.ABDULLAH DAENG SIRUA & JL.JANGGO PAROPO & JL.DIRGANTARA","LORONG 12","-5.148632","119.458094"
"7371091011002001","7371091011","002","001","JL.TAMAN MAKAM PAHLAWAN",,"-5.145216","119.459219"
"7371091011002002","7371091011","002","002",,,".","."
"7371091011002003","7371091011","002","003",,,".","."
"7371091011002004","7371091011","002","004","JL.TAMAN MAKAM PAHLAWAN",,"-5.148686","119.460186"
"7371091011002005","7371091011","002","005","JL.TAMAN MAKAM PAHLAWAN",,"-5.145106","119.460283"
"7371091011003001","7371091011","003","001","JL.PAROPO 3 & JL.PAROPO 3A & JL.PAROPO 3B",,"-5.150429","119.456122"
"7371091011003002","7371091011","003","002","JL.PAROPO 3 & JL.PAROPO 2A & JL.PAROPO 3A",,"-5.150149","119.456491"
"7371091011003003","7371091011","003","003",,,".","."
"7371091011003004","7371091011","003","004",,,".","."
"7371091011003005","7371091011","003","005","JL. ABDULLAH DAENG SIRUA & JL.PAROPO 2",,"-5.149814","119.457009"
"7371091011004001","7371091011","004","001","JL.PAROPO 3 & JL.PAROPO 2",,"-5.151190","119.456177"
"7371091011004002","7371091011","004","002","JL.PAROPO VIII",,"-5.152002","119.455424"
"7371091011004003","7371091011","004","003","JL.PAROPO 2 & JL.PAROPO VII","LORONG 1","-5.151249","119.456561"
"7371091011004004","7371091011","004","004","JL.PAROPO VIII",,"-5.151947","119.456118"
"7371091011005001","7371091011","005","001","JL.PEJUANG 3 & JL.PEJUANG RAYA & JL.ABDULLAH DAENG SIRUA & JL. BABUSSALAM",,"-5.149932","119.459786"
"7371091011005002","7371091011","005","002","JL.BABUSSALAM RAYA & JL.BABUSSALAM 1 & JL.BABUSSALAM 2",,"-5.150752","119.459811"
"7371091011005003","7371091011","005","003",,,".","."
"7371091011005004","7371091011","005","004","JL. PAROPO 1 & JL.PEJUANG 3",,"-5.150166","119.458080"
"7371091011005005","7371091011","005","005","JL.BABUSSALAM 3 & JL.BABUSSALAM 4 & JL.PEJUANG RAYA",,"-5.150461","119.458629"
"7371091011006001","7371091011","006","001",,,".","."
"7371091011006002","7371091011","006","002","JL.ABDULLAH DAENG SIRUA","LORONG 1 & LORONG 5 & LORONG 4","-5.152010","119.457416"
"7371091011006003","7371091011","006","003","JL.KOMPLEKS PAROPO INDAH",,"-5.152947","119.457573"
"7371091011007001","7371091011","007","001","JL.PEJUANG RAYA & JL.BATUA RAYA & JL.BABUSSALAM 1 & JL.BABUSSALAM 2","LORONG MANDENGEN","-5.152235","119.458591"
"7371091011007002","7371091011","007","002","JL.BATUA RAYA 5","LORONG 3 & LORONG 2 & LORONG 5","-5.153865","119.457159"
"7371091011007003","7371091011","007","003","JL.BATUA RAYA VI & JL.BATUA RAYA VIII","LORONG 1","-5.155260","119.457975"
"7371091011007004","7371091011","007","004","JL.BATUA RAYA & JL.BATUA RAYA X B & JL.BATUA RAYA XI A",,"-5.159982","119.459014"
"7371121001006002","7371121001","006","002","JL.KAJENJENG RAYA",,"-5.169344","119.493344"
"7371091011007005","7371091011","007","005","JL.INSPEKSI KANAL BATUA RAYA & JL.TODDOPULI RAYA TIMUR",,"-5.160327","119.457526"
"7371091011007006","7371091011","007","006","JL.BATUA RAYA & JL.BATUA RAYA VII",,"-5.156367","119.457808"
"7371091011008001","7371091011","008","001","JL.ANGGREK RAYA & JL.MELATI RAYA & JL.BOUGENVILLE RAYA",,"-5.161443","119.455401"
"7371091011008002","7371091011","008","002","JL.MELATI RAYA & JL.ANGGREK RAYA & JL.BOUGENVILLE RAYA",,"-5.160528","119.455950"
"7371091011008003","7371091011","008","003","JL.BOUG I & JL.ANGGREK IV & JL.ANGGREK III & JL.ANGGREK RAYA",,"-5.159185","119.455881"
"7371091011008004","7371091011","008","004","JL.ANGGREK RAYA & JL.ANGGREK VI & JL.TODDOPULI RAYA & JL.MERANTI",,"-5.159489","119.454631"
"7371091011008005","7371091011","008","005","JL.TODDOPULI RAYA & JL.AKASIA & JL.PANGAYOMAN",,"-5.162367","119.453103"
"7371091011009001","7371091011","009","001","JL.CEMARA & JL.JATI & JL.PINUS & JL.RASAMALA & JL.PANDANG",,"-5.160603","119.451667"
"7371091011009002","7371091011","009","002","JL.PANDANG I",,"-5.159456","119.452044"
"7371091011009003","7371091011","009","003","JL.PANDANG 5 & JLPANDANG 1 & JL.CENDANA",,"-5.159058","119.452316"
"7371091011009004","7371091011","009","004","JL.MERANTI",,"-5.158142","119.453025"
"7371091011009005","7371091011","009","005","JL.MERANTI I & JL.MERANTI IA & JL.MERANTI IB & JL.MERANTI IC & JL.MERANTI ID",,"-5.157623","119.453878"
"7371091011009006","7371091011","009","006","JL.KETAPANG & JL.MERANTI 2",,"-5.158366","119.455181"
"7371091011010001","7371091011","010","001","JL.HOLLYWOOD",,"-5.157463","119.456451"
"7371091011010002","7371091011","010","002","JL. ABDULLAH DAENG SIRUA",,"-5.153133","119.455763"
"7371101001001001","7371101001","001","001","JL.PAJUKUKANG 26",,"-5.211875","119.385989"
"7371101001001002","7371101001","001","002","JL.PAJAKUKANG",,"-5.521136","119.938725"
"7371101001001005","7371101001","001","005","JL.PAJAKUKANG",,"-5.210592","199.386748"
"7371101001001007","7371101001","001","007","JL.PAJAKUKANG",,"-5.210048","199.386185"
"7371101001002001","7371101001","002","001","JL.PERJANJIAN BONGAYA 11",,"-5.209165","119.387652"
"7371101001002002","7371101001","002","002","JL.PERJANJIAN BONGAYA NO.3",,"-5.520886","119.939126"
"7371101001002003","7371101001","002","003","JL.PERMANDIAN ALAM",,"-5.520559","119.938734"
"7371101001002005","7371101001","002","005","JL. PERMANDIAN ALAM",,"-5.205908","199.386551"
"7371101001002006","7371101001","002","006","JL. PERMANDIAN ALAM",,"-5.520686","199.938646"
"7371101001003001","7371101001","003","001","JL.PERMANDIAN ALAM",,"-5.200569","119.384255"
"7371101001003002","7371101001","003","002","JL.PERMANDIAN ALAM 11",,"-5.520362","119.387594"
"7371101001003003","7371101001","003","003","JL.PERMANDIAN ALAM",,"-5.520372","119.193883"
"7371101001003004","7371101001","003","004","JL.PERMANDIAN ALAM",,"-5.201736","119.938824"
"7371101001004001","7371101001","004","001","JL. PERMANDIAN ALAM NO. 34",,"-5.217131","199.391298"
"7371101001004002","7371101001","004","002","JL. PAJAKUKANG 55",,"-5.215118","199.386662"
"7371101001004003","7371101001","004","003","PAJAKUKANG 55",,"-5.214997","199.386656"
"7371101001004004","7371101001","004","004","JL. PAJAKUKANG N0.102",,"-5.214919","199.385783"
"7371101001004005","7371101001","004","005","JL.PAJAKUKANG NO. 55",,"-5.213853","199.386911"
"7371101001005001","7371101001","005","001","JL. ABDUL KUDDUS",,"-5.521359","199.939298"
"7371101001005002","7371101001","005","002","JL. ABDUL KUDDUS & JL. ABDUL RAHMAN",,"-5.212874","199.393230"
"7371101001005003","7371101001","005","003","JL. ABDUL KUDDUS 38",,"-5.214132","199.392654"
"7371101001005004","7371101001","005","004","JL. BASO DG NGEWA",,"-5.215251","199.390979"
"7371101003010006","7371101003","010","006","JL. ANDI MAPPAODANG",,"-5.178772","119.413751"
"7371101001005005","7371101001","005","005","JL. VILLA DISCOVERY 2",,"-5.216451","199.390524"
"7371101001006001","7371101001","006","001","JL. BONTO BIRAENG",,"-5.202602","199.400506"
"7371101001006002","7371101001","006","002","JL. ANDI PATURUNGI",,"-5.204043","199.406913"
"7371101001006003","7371101001","006","003","JL. PERMANDIAN ALAM",,"-5.199955","199.400825"
"7371101001006004","7371101001","006","004","JL. BONTO BIRAENG",,"-5.201549","199.398663"
"7371101001006005","7371101001","006","005","JL. BONTO BIRAENG",,"-5.199672","199.400289"
"7371101001006006","7371101001","006","006","JL. BONTO BIRAENG",,"-5.202231","199.398435"
"7371101001006007","7371101001","006","007","JL. BONTO BIRAENG",,"-5.203572","199.401529"
"7371101001007001","7371101001","007","001","JL.TOMPO SAPPA",,"-5.522429","119.939935"
"7371101001007002","7371101001","007","002","JL. POROS BAROMBONG",,"-5.522337","119.939905"
"7371101001007003","7371101001","007","003","JL. TOMPO SAPPA",,"-5.222076","199.402189"
"7371101001007004","7371101001","007","004","JL. KAMPUNG PARANG",,"-5.522262","199.940233"
"7371101001007005","7371101001","007","005","JL. TOMPO SAPPA",,"-5.222659","199.403272"
"7371101001007006","7371101001","007","006","JL. POROS AENE TOWA",,"-5.522100","199.939609"
"7371101001007007","7371101001","007","007","JL. ANDI MAPPAINGA & JL. ANDI MAPPAINGA 4",,"-5.215771","199.401480"
"7371101001008001","7371101001","008","001","JL.HASAN DG.KIO",,"-5.228600","119.401294"
"7371101001008002","7371101001","008","002","JL. HASAN DG. KIO",,"-5.522833","199.940279"
"7371101001008004","7371101001","008","004","JL. MOH. TAHIR",,"-5.522762","199.940109"
"7371101001008005","7371101001","008","005","JL. MOH. TAHIR",,"-5.225385","199.402449"
"7371101001009001","7371101001","009","001","JL. ANDI PATURUNGI",,"-5.212161","199.402736"
"7371101001009002","7371101001","009","002","JL. ANDI PATURUNGI",,"-5.211872","199.405296"
"7371101001009003","7371101001","009","003","JL. ANDI PATURUNGI",,"-5.208601","199.410316"
"7371101001009004","7371101001","009","004","JL. ANDI PATURUNGI",,"-5.205691","199.410394"
"7371101001009005","7371101001","009","005","JL. ANDI MAPPAINGA",,"-5.521303","199.939824"
"7371101001009006","7371101001","009","006","JL. ANDI MAPPAINGA",,"-5.521031","199.939698"
"7371101001009007","7371101001","009","007","JL. ANDI PATURUNGI",,"-5.211784","199.401621"
"7371101001010001","7371101001","010","001","JL. PERMANDIAN ALAM",,"-5.196233","199.386030"
"7371101001010002","7371101001","010","002","JL. PERMANDIAN ALAM",,"-5.199163","199.389134"
"7371101001010003","7371101001","010","003","JL. PA'LANNASSANG",,"-5.195424","199.388838"
"7371101001011003","7371101001","011","003","JL. SOULTHANA",,"-5.210168","199.388990"
"7371101001011004","7371101001","011","004","JL. SOULTHANA","LORONG 1","-5.209609","199.389338"
"7371101001012001","7371101001","012","001","JL. ANDI PATURUNGI & JL. SERUNI & JL. ANGREK",,"-5.214634","199.402273"
"7371101001012002","7371101001","012","002","JL. SERUNI & JL. ANGREK & JL. TERATAI",,"-5.213867","199.403428"
"7371101001012004","7371101001","012","004","JL. WIDURI",,"-5.214510","199.406416"
"7371111011003003","7371111011","003","003","JL. BTN PEPABRI",,"-5.089705","119.535826"
"7371101001013001","7371101001","013","001","JL. KOMP. TANJUNG ALYA REGENCY",,"-5.198238","199.394991"
"7371101001013002","7371101001","013","002","JL. KOMP. TANJUNG ALYA REGENCY",,"-5.198198","199.394040"
"7371121001006003","7371121001","006","003",,,".","."
"7371121001006004","7371121001","006","004",,,".","."
"7371101001013003","7371101001","013","003","JL. PERUMAHAN TANJUNG ALYA","LORONG 1","-5.519668","199.939484"
"7371101002001001","7371101002","001","001","JL. CENDRAWAASIH",,"-5.178018","119.409528"
"7371101002001003","7371101002","001","003","JL. CENDRAWASIH",,"-5.179473","199.408982"
"7371101002001004","7371101002","001","004","JJL. TANJUNG MALAKA",,"-5.181268","199.409696"
"7371101002001006","7371101002","001","006","JL. MANUNGGAL",,"-5.178772","199.404772"
"7371101002001007","7371101002","001","007","JL. TJ MALAKA",,"-5.179264","199.408586"
"7371101002001009","7371101002","001","009","JL. BAJI RUPA",,"-5.180580","119.409184"
"7371101002002002","7371101002","002","002","JL. TJ. MALAKA",,"-5.179804","199.408947"
"7371101002002003","7371101002","002","003","JL. CENDRAWASIH","LORONG 14","-5.176728","119.409053"
"7371101002002004","7371101002","002","004","JL. TLK BATUR",,"-5.176887","119.408379"
"7371101002003003","7371101002","003","003","JL. DG PASAWI",,"-5.177965","199.404515"
"7371101002003004","7371101002","003","004","JL. DG PASAWI",,"-5.176845","199.405173"
"7371101002003010","7371101002","003","010","JL.DG PASAWI",,"-5.177903","199.403830"
"7371101002003012","7371101002","003","012","JL. DG PASAWI",,"-5.178502","199.404388"
"7371101002004004","7371101002","004","004","JL. CENDRAWASIH",,"-5.175326","199.408270"
"7371101002004007","7371101002","004","007","JL. CENDRAWASIH",,"-5.174612","199.407533"
"7371101002004009","7371101002","004","009","JL. CENDRAWASIH",,"-5.175602","199.408456"
"7371101002005001","7371101002","005","001","JL. TJ ALANG",,"-5.172309","199.403834"
"7371101002005002","7371101002","005","002","JL. TELANGA",,"-5.171796","199.402265"
"7371101002005004","7371101002","005","004","JL. TELAGA RAYA",,"-5.172433","199.400277"
"7371101002005005","7371101002","005","005","JL. DANAU TJ BUNGA",,"-5.174854","199.400822"
"7371101002006001","7371101002","006","001","JL. MANUNGGAL","LORONG 1","-5.169332","199.404454"
"7371101002006002","7371101002","006","002","JL. NURI BARU",,"-5.168932","199.406259"
"7371101002006003","7371101002","006","003","JL. ABDULLAH",,"-5.168388","199.405884"
"7371101002006004","7371101002","006","004","JL. MANUNGGAL",,"-5.168107","199.406117"
"7371101002006007","7371101002","006","007","JL. MACCINI",,"-5.167626","199.405886"
"7371101002006008","7371101002","006","008","JL. MACCINI",,"-5.167655","199.406214"
"7371101002006010","7371101002","006","010","JL. MACCINI",,"-5.166248","199.403585"
"7371101002006011","7371101002","006","011","JL, METRO TANJUNG BUNGA",,"-5.161251","199.398974"
"7371101002007001","7371101002","007","001","JL. TANJUNG ALANG 2",,"-5.174006","199.406950"
"7371101002007002","7371101002","007","002","JL. DG PASAWI",,"-5.174287","119.405926"
"7371101002007004","7371101002","007","004","JL. TANJUNG DAPURA",,"-5.173309","199.405249"
"7371101002007006","7371101002","007","006","JL. DEPASAWI",,"-5.172892","199.405234"
"7371101002007007","7371101002","007","007","JL. DEPASAWI",,"-5.173895","199.402825"
"7371101002008004","7371101002","008","004","JL. DANAU TJ BUNGA",,"-5.178947","199.404800"
"7371101002008005","7371101002","008","005","JL. GUSUNG TOA",,"-5.178740","199.408151"
"7371101002008006","7371101002","008","006","JL. GUSUNG TOA",,"-5.178905","199.406254"
"7371111011003004","7371111011","003","004",,,".","."
"7371101002009001","7371101002","009","001","JL. TELAGA AYU",,"-5.171989","199.398884"
"7371101002009002","7371101002","009","002","JL. TELAGA ASRI",,"-5.173574","199.400513"
"7371101002009003","7371101002","009","003","JL. TELAGA UTAMA",,"-5.171020","119.400552"
"7371101003001001","7371101003","001","001","JL. MUH TAHIR","LORONG 5","-5.179546","199.416955"
"7371101003001002","7371101003","001","002","JL. ANDI MALLOMBASSANG",,"-5.178619","199.416521"
"7371101003001003","7371101003","001","003","JL. MUH TAHIR",,"-5.174845","199.412127"
"7371101003001004","7371101003","001","004","JL. MUH TAHIR",,"-5.175360","199.417557"
"7371101003002001","7371101003","002","001","JL. KUMALA",,"-5.177028","199.416070"
"7371101003002002","7371101003","002","002","JL. MUH TAHIR",,"-5.175810","199.416962"
"7371101003002003","7371101003","002","003","JL. KUMALA",,"-5.175601","199.416873"
"7371101003002004","7371101003","002","004","JL. MUH TAHIR",,"-5.175240","199.417579"
"7371101003002005","7371101003","002","005","JL. KUMALA",,"-5.173385","119.418217"
"7371101003003001","7371101003","003","001","JL MUH TAHIR",,"-5.174216","119.417669"
"7371101003003002","7371101003","003","002","JL. MUH TAHIR",,"-5.173473","119.417568"
"7371101003003003","7371101003","003","003","JL. ANDI TONRO",,"-5.175616","199.420489"
"7371101003003004","7371101003","003","004","JL. ANDI TONRO","LORONG 1","-5.175890","199.419295"
"7371101003004001","7371101003","004","001","JL. LETJEN MAPPAODANG",,"-5.172187","119.416781"
"7371101003004002","7371101003","004","002","JL. LETJEN MAPPAODANG",,"-5.163187","119.414881"
"7371101003004003","7371101003","004","003","JL. LETJEN MAPPAODANG",,"-5.135187","199.346781"
"7371101003004004","7371101003","004","004","JL. LETJEN MAPPAODANG",,"-5.172474","119.416745"
"7371101003005001","7371101003","005","001","JL. ANDI TONRO",,"-5.172016","119.418530"
"7371101003005002","7371101003","005","002","JL. ANDI TONRO",,"-5.172113","119.418041"
"7371101003005003","7371101003","005","003","JL. ANDI TONRO",,"-5.101166","119.415704"
"7371101003005004","7371101003","005","004","JL. ANDI TONRO",,"-5.172201","119.418539"
"7371101003006001","7371101003","006","001","JL. ANDI TONRO",,"-5.152653","119.199695"
"7371101003006002","7371101003","006","002","'JL. ANDI TONRO",,"-5.172537","119.419493"
"7371101003006003","7371101003","006","003","'JL. ANDI TONRO",,"-5.172337","119.419946"
"7371101003006004","7371101003","006","004","'JL. ANDI TONRO",,"-5.172527","119.419946"
"7371101003008001","7371101003","008","001","JL. DG NGEPE",,"-5.177529","119.414185"
"7371101003008002","7371101003","008","002","JL. DG NGEPE",,"-5.173738","119.414188"
"7371101003008003","7371101003","008","003","JL. DG NGEPE",,"-5.177529","119.414152"
"7371101003009001","7371101003","009","001","JL. KUMALA",,"-5.175509","199.416457"
"7371101003009002","7371101003","009","002","JL. KUMALA",,"-5.178712","199.564436"
"7371101003010001","7371101003","010","001","JL. ANDI MAPPAODANG",,"-5.176042","119.415112"
"7371101003010002","7371101003","010","002","JL. ANDI MAPPAODANG",,"-5.170662","119.152751"
"7371101003010003","7371101003","010","003","JL. ANDI MAPPAODANG",,"-5.174877","119.415513"
"7371101003010004","7371101003","010","004","JL. ANDI MAPPAODANG",,"-5.172181","119.412869"
"7371101003010005","7371101003","010","005","JL. ANDI MAPPAODANG",,"-5.142662","119.401112"
"7371101003011001","7371101003","011","001","JL. ANDI MAPPAODANG",,"-5.497203","119.415742"
"7371101003011003","7371101003","011","003","JL. ANDI MAPPAODANG",,"-5.177803","119.415842"
"7371101003011004","7371101003","011","004","JL. BAJI GAU",,"-5.172407","119.414738"
"7371101003011005","7371101003","011","005","JL. ANDI MAPPAODANG",,"-5.171714","119.414648"
"7371101003012001","7371101003","012","001","JL. BAJI GAU",,"-5.171629","199.414176"
"7371101003012002","7371101003","012","002","JL. BAJI GAU",,"-5.151692","199.414276"
"7371101003012003","7371101003","012","003","JL. BAJI GAU",,"-5.173592","199.094188"
"7371101003012004","7371101003","012","004","JL. BAJI GAU",,"-5.171782","199.415456"
"7371101003012006","7371101003","012","006","JL. BAJI GAU",,"-5.171692","199.414188"
"7371101003013001","7371101003","013","001","JL. MUH TAHIR",,"-5.176945","119.419713"
"7371101003013002","7371101003","013","002","JL. MUH TAHIR",,"-5.176559","119.114745"
"7371101003013003","7371101003","013","003","JL. MUH TAHIR",,"-5.176459","119.419107"
"7371101003013004","7371101003","013","004","JL. MUH TAHIR",,"-5.176977","119.419710"
"7371101003014001","7371101003","014","001","JL.MUH. TAHIR",,"-5.167282","199.233118"
"7371101003014002","7371101003","014","002","JL.MUH. TAHIR",,"-5.178567","199.417348"
"7371101003014003","7371101003","014","003","JL.MUH. TAHIR",,"-5.173830","199.253417"
"7371101003014004","7371101003","014","004","JL.MUH. TAHIR","LORONG 5","-5.178839","199.417417"
"7371101004001001","7371101004","001","001","JL. SULTAN ALAUDDIN",,"-5.187546","199.440765"
"7371101004001002","7371101004","001","002","JL. DG TATA LAMA",,"-5.189506","199.440181"
"7371101004001003","7371101004","001","003","JL. MALENGKERI RAYA","LORONG 2","-5.188646","199.438852"
"7371101004002001","7371101004","002","001","JL. MALENGKERI","LORONG 3","-5.188160","119.437596"
"7371101004002002","7371101004","002","002","JL. MALENGKERI 1","LORONG 3","-5.187685","199.437836"
"7371101004002003","7371101004","002","003","JL. MALENGKERI",,"-5.186828","199.437483"
"7371101004002004","7371101004","002","004","JL. MALENGKERI 1","LORONG 3","-5.187376","119.436650"
"7371101004002005","7371101004","002","005","JL. MUHAJIRIN 2",,"-5.186242","199.433756"
"7371101004002006","7371101004","002","006","JL. MALENGKERI RAYA",,"-5.874702","119.433266"
"7371101004002007","7371101004","002","007","JL. MALENGKERI",,"-5.188705","199.435616"
"7371101004003001","7371101004","003","001","JL. TRAKTOR",,"-5.184731","199.431092"
"7371101004003002","7371101004","003","002","JL. BULDOZER",,"-5.184073","199.432390"
"7371101004003003","7371101004","003","003","JL. MUHAJIRIN",,"-5.184605","199.434010"
"7371101004003004","7371101004","003","004","JL. MUHAJIRIN","LORONG 3","-5.186021","199.431063"
"7371101004004001","7371101004","004","001","JL. MALENGKERI RAYA",,"-5.187072","119.431652"
"7371101004004002","7371101004","004","002","JL. MALENGKERI RAYA",,"-5.188095","199.430921"
"7371101004004003","7371101004","004","003","JL. MUHAJIRIN",,"-5.186557","199.432121"
"7371101004005001","7371101004","005","001","JL. SULTAN ALAUDDIN",,"-5.184996","199.438200"
"7371101004005002","7371101004","005","002","JL. MALENGKERI","LORONG 1","-5.184869","119.437106"
"7371101004005003","7371101004","005","003","JL. MALENGKERI",,"-5.185928","199.437475"
"7371101004005005","7371101004","005","005","JL. SULTAN ALAUDDIN 3","LORONG 3","-5.185713","119.438951"
"7371101004005006","7371101004","005","006","JL. SULTAN ALAUDDIN",,"-5.185845","199.440135"
"7371101004006001","7371101004","006","001","JL. SULTAN ALAUDDIN",,"-5.177572","199.437372"
"7371101004006002","7371101004","006","002","JL. SULTAN ALAUDDIN",,"-5.178650","199.438906"
"7371101004006003","7371101004","006","003","JL. SULTAN ALAUDDIN",,"-5.179945","199.438585"
"7371101004006004","7371101004","006","004","JL. SULTAN ALAUDDIN",,"-5.179509","199.439081"
"7371101004006005","7371101004","006","005","JL. RESIDENT 2",,"-5.181605","199.439274"
"7371101004006006","7371101004","006","006","JL. SULTAN ALAUDDIN 3",,"-5.185262","199.440109"
"7371101004007002","7371101004","007","002","JL. SULTAN ALAUDDIN",,"-5.185353","199.440123"
"7371101004007003","7371101004","007","003","JL. MANURUKI",,"-5.181462","199.440278"
"7371101004008001","7371101004","008","001","JL. MANURUKI",,"-5.187261","199.442993"
"7371101004008002","7371101004","008","002","JL. SULTAN ALAUDDIN",,"-5.180060","199.423829"
"7371101004008003","7371101004","008","003","JL. SULTAN ALAUDDIN",,"-5.185223","199.442839"
"7371101004009001","7371101004","009","001","JL. MANURUKI",,"-5.185298","199.442383"
"7371101004009002","7371101004","009","002","JL. MANURUKI",,"-5.183679","199.438191"
"7371101004009003","7371101004","009","003","JL. SULTAN ALAUDDIN",,"-5.183872","199.441283"
"7371101004010001","7371101004","010","001","JL. SULTAN ALAUDDIN",,"-5.181293","199.441839"
"7371101004010003","7371101004","010","003","JL. MANURUKI",,"-5.180392","199.441281"
"7371101004010004","7371101004","010","004","JL. SULTAN ALAUDDIN",,"-5.182639","199.443639"
"7371101004010005","7371101004","010","005","JL. SULTAN ALAUDDIN",,"-5.829032","199.443823"
"7371101004010006","7371101004","010","006","JL. SULTAN ALAUDDIN",,"-5.182639","199.427291"
"7371101004011002","7371101004","011","002","JL. MANURUKI",,"-5.182639","199.442818"
"7371101004011003","7371101004","011","003","JL. MANURUKI",,"-5.180382","199.440291"
"7371101004012001","7371101004","012","001","JL. MANURUKI",,"-5.182638","199.440123"
"7371101004012002","7371101004","012","002","JL. MANURUKI",,"-5.182834","199.448201"
"7371101004013001","7371101004","013","001","JL. SULTAN ALAUDDIN",,"-5.182837","199.440927"
"7371101004013002","7371101004","013","002","JL. SULTAN ALAUDDIN",,"-5.182839","199.442827"
"7371101004013003","7371101004","013","003","JL. MANURUKI",,"-5.182830","199.441282"
"7371101004013004","7371101004","013","004","JL. SULTAN ALAUDDIN",,"-5.182938","199.227921"
"7371101005001001","7371101005","001","001","JL. ANDI MANGERANGI & JL. ANDI MAPPAODANG",,"-5.168689","199.418353"
"7371101005001002","7371101005","001","002","JL. ANDI MANGERANGI",,"-5.168356","199.418816"
"7371101005002001","7371101005","002","001","JL. ANDI MAPPAODANG",,"-5.169053","119.417848"
"7371101005002002","7371101005","002","002","JL. KUMALA",,"-5.169498","119.418802"
"7371101005002003","7371101005","002","003","JL. KUMALA",,"-5.171025","119.418164"
"7371101005003001","7371101005","003","001","JL. ANDI MAPPAODANG",,"-5.169632","199.416370"
"7371101005003002","7371101005","003","002","JL. ANDI MAPPAODANG",,"-5.170740","199.416570"
"7371101005003003","7371101005","003","003","JL. LETJEN MAPPAODANG",,"-5.171170","119.416181"
"7371101005004001","7371101005","004","001","JL. ANDI MANGERANGI 1","LORONG 9","-5.168721","119.415793"
"7371101005004003","7371101005","004","003","JL. ANDI MANGERANGI","LORONG 9","-5.168684","119.416321"
"7371101005004004","7371101005","004","004","JL. ANDI MANGERANGI","LORONG 7","-5.168891","199.416678"
"7371101005004005","7371101005","004","005","JL. LETJEN MAPPAODANG",,"-5.169969","119.416735"
"7371101005004006","7371101005","004","006","JL. ANDI MANGERANGI 1","LORONG 3","-5.169442","119.415284"
"7371101011007007","7371101011","007","007","JL.BONTODURI 6","LORONG 4 DALAM","-5.176223","119.423112"
"7371101005005001","7371101005","005","001","JL. ANDI MAPPAODANG","LORONG 2","-5.167104","119.418336"
"7371101005005002","7371101005","005","002","JL. ANDI MANGERANGI",,"-5.168368","119.417601"
"7371101005005003","7371101005","005","003","JL. ANDI MAPPAODANG",,"-5.167384","199.418095"
"7371101005005004","7371101005","005","004","JL. ANDI MANGERANGI",,"-5.168124","119.416632"
"7371101005005005","7371101005","005","005","JL. ANDI MANGERANGI",,"-5.167993","119.415958"
"7371111011003005","7371111011","003","005","JL. BTN PEPABRI",,"-5.090565","119.536188"
"7371101005006003","7371101005","006","003","JL. ANDI MANGERANGI","LORONG 4","-5.166604","199.415524"
"7371101005006004","7371101005","006","004","JL.ANDI MANGERANGI",,"-5.167120","199.415818"
"7371101005007001","7371101005","007","001","JL. ANDI MANGERANGI 3",,"-5.165850","199.414957"
"7371101005007003","7371101005","007","003","JL. ANDI MANGERANGI 3",,"-5.166282","119.415228"
"7371101005007004","7371101005","007","004","JL. ANDI MANGERANGI 3","LORONG 5","-5.165912","119.415538"
"7371101005007005","7371101005","007","005","JL. LETJEN MAPPAODANG 2","LORONG 4","-5.166431","119.415953"
"7371101005008001","7371101005","008","001","JL. BAJI ATI 1",,"-5.165494","119.413944"
"7371101005008002","7371101005","008","002","JL.BAJI ATI 1",,"-5.165620","119.413629"
"7371101005008003","7371101005","008","003","JL. BAJI ATI",,"-5.166166","119.413580"
"7371101005009001","7371101005","009","001","JL. BAJI ATEKA",,"-5.166986","119.413515"
"7371101005009002","7371101005","009","002","JL. BAJI ATEKA",,"-5.167075","119.413944"
"7371101005009003","7371101005","009","003","JL. ANDI MANGERANGI 3","LORONG 6","-5.166735","119.414656"
"7371101005009004","7371101005","009","004","JL. BAJI ATEKA 2",,"-5.166665","199.413828"
"7371101005010001","7371101005","010","001","JL. ANDI MANGERANGI 7","LORONG 7","-5.168566","119.415186"
"7371101005010003","7371101005","010","003","JL. ANDI MANGERANGI","LORONG 3","-5.168703","199.414720"
"7371101005010004","7371101005","010","004","JL. BAJI ATEKA
",,"-5.168884","199.413506"
"7371101005011001","7371101005","011","001","JL. PEMUDA & JL. ANDI MANGERANGI 2
",,"-5.169557","199.413115"
"7371101005011002","7371101005","011","002","JL. BAJI IMAN",,"-5.170759","199.414017"
"7371101005011003","7371101005","011","003","JL. BAJI GAU & JL. BAJI GAU 4
","LORONG 3","-5.170737","119.414363"
"7371101005012001","7371101005","012","001","JL. BAJI GAU 2",,"-5.170877","199.413091"
"7371101005012002","7371101005","012","002","JL. BAJI GAU 2",,"-5.171851","119.413065"
"7371101005012003","7371101005","012","003","JL. BAJI GAU 2",,"-5.176046","199.412182"
"7371101006001001","7371101006","001","001","JL. BAJI RUPA",,"-5.179780","199.410227"
"7371101006001002","7371101006","001","002","JL. TANGGUL PATOMPO
",,"-5.180493","119.410709"
"7371101006001003","7371101006","001","003","JL. TANGGUL PATOMPO
 ",,"-5.180916","119.409181"
"7371101006001004","7371101006","001","004","JL. BAJI RUPA & JL. ABUNAWAS DG. RANI
",,"-5.180243","199.408461"
"7371101006002001","7371101006","002","001","JL. DANGKO & JL. BALANG BARU
",,"-5.181846","199.411318"
"7371101006002002","7371101006","002","002","JL. BALANG BARU & JL. DANGKO & JL. DANGKO 1
",,"-5.181989","199.413210"
"73711010060020003","7371101006","002","0003","JL. DANGKO & JL. BALANG BARU 1
 ",,"-5.182065","199.412309"
"7371101006002005","7371101006","002","005","JL. BALANG BARU",,"-5.182712","119.411185"
"7371101006003001","7371101006","003","001","JL. LET. JEND. MAPPAODDANG
 ",,"-5.178187","199.413093"
"7371101006003002","7371101006","003","002","JL. BAJI GAU 2 & JL. BAJI DAKKA
",,"-5.177075","119.412422"
"7371101006003003","7371101006","003","003","JL. ANDI MAPPAODANG & JL. DG. NGEPPE
",,"-5.179267","119.412301"
"7371101006003004","7371101006","003","004","JL. BAJI DAKKA 3
 ",,"-5.178781","199.411668"
"7371101006003005","7371101006","003","005","JL. DANGKO
",,"-5.180411","199.412018"
"7371101006004001","7371101006","004","001","JL. ABD. KADIR
","LORONG 31","-5.180935","199.415822"
"7371101006004002","7371101006","004","002","JL. DANGKO
",,"-5.181501","119.414962"
"7371101006004003","7371101006","004","003","JL. ABD. KADIR NO. 30
",,"-5.180269","119.413773"
"7371101006004004","7371101006","004","004","JL. ABD. KADIR N0.44
 ",,"-5.181345","199.414299"
"7371101006004006","7371101006","004","006","JL. DANGKO
",,"-5.179672","119.414079"
"7371101006004007","7371101006","004","007","JL. DANGKO
 ",,"-5.180477","199.414728"
"7371101006004008","7371101006","004","008","JL.DANGKO
",,"-5.180099","119.414411"
"7371101006004009","7371101006","004","009","JL. DG. NGEPE N0.14
",,"-5.179910","119.415467"
"7371101006005001","7371101006","005","001","JL. ABD. KADIR
 ","LORONG 1 & LORONG3","-5.184419","199.413383"
"7371101006005002","7371101006","005","002","JL. ABD. KADIR & JL. DG. TATA 3
 ",,"-5.186623","199.412928"
"7371101006005004","7371101006","005","004","JL. ABD. KADIR 2
 ","LORONG 7","-5.184260","119.412338"
"7371101006005005","7371101006","005","005","JL. ABD. KADIR 2
 ","LORONG 2","-5.183622","119.413452"
"7371101006005006","7371101006","005","006","JL. ABD. KADIR
 ",,"-5.183827","199.414523"
"7371101006005007","7371101006","005","007","JL. ABD. KADIR
",,"-5.182510","199.414559"
"7371101006006001","7371101006","006","001","JL. ABD. KADIR
 ",,"-5.183649","199.415902"
"7371101006006002","7371101006","006","002","JL. ABD. KADIR & JL. DG. NGEPE
","LORONG 1 & LORONG 2
 ","-5.181338","199.417145"
"7371101006006003","7371101006","006","003","JL. MUH. TAHIR
","LORONG 5","-5.179833","119.417449"
"7371101006006004","7371101006","006","004","JL. MUH. TAHIR NO.7
 ",,"-5.180146","119.418567"
"7371101006006005","7371101006","006","005","JL. DG. NGEPE
","LORONG 2","-5.181668","199.417577"
"7371101006006006","7371101006","006","006","JL. PURI TATA INDAH
 ",,"-5.182190","119.417851"
"7371101006006007","7371101006","006","007","JL. DG. TATA 1
 ",,"-5.180146","119.418567"
"7371101006007001","7371101006","007","001","JL. ABD. KADIR 
",,"-5.184483","119.414895"
"7371101006007002","7371101006","007","002","JL. ABD. KADIR
",,"-5.185500","199.414661"
"7371101006007003","7371101006","007","003","JL. ABD. KADIR
 ",,"-5.185441","199.416380"
"7371101006007004","7371101006","007","004","JL. ABD. KADIR
 ",,"-5.184947","199.417044"
"7371101006008001","7371101006","008","001","JL. ABD. KADIR 3
 ",,"-5.187682","199.415612"
"7371101006008003","7371101006","008","003","JL. BTN HARTACO INDAH
 ",,"-5.187442","199.414467"
"7371101006008004","7371101006","008","004","JL. ABD. KADIR
 ",,"-5.187296","199.413629"
"7371101006008005","7371101006","008","005","JL. ABD. KADIR
 ",,"-5.188654","119.414240"
"7371101006009001","7371101006","009","001","JL. BALANG BARU 2",,"-5.183620","199.412233"
"7371101006009002","7371101006","009","002","JL. BALANG BARU 2
",,"-5.183747","119.411344"
"7371101006009003","7371101006","009","003","JL. BALANG BARU 3
",,"-5.183195","199.410027"
"7371101006009004","7371101006","009","004","JL. BALANG BARU
",,"-5.182014","199.409134"
"7371101006009005","7371101006","009","005","JL. DANAU TJ BUNGA
 ",,"-5.182251","119.408925"
"7371101006009006","7371101006","009","006","JL. BALANG BARU 3
",,"-5.183043","199.409739"
"7371101006010001","7371101006","010","001","JL. BTN HARTACO INDAH
",,"-5.187083","119.416153"
"7371101006010002","7371101006","010","002","JL. BTN HARTACO INDAH
",,"-5.187057","199.415750"
"7371101006010003","7371101006","010","003","JL. ABD. KADIR
",,"-5.186633","119.415123"
"7371101006010004","7371101006","010","004","JL. ABD. KADIR
",,"-5.186393","199.415106"
"7371101007001001","7371101007","001","001","JL. BONTO MANAI",,"-5.167524","119.429773"
"7371101007001002","7371101007","001","002","JL. BONTO SUNGGU",,"-5.168372","119.432682"
"7371101007001003","7371101007","001","003","JL. PETTARANI",,"-5.168937","199.777092"
"7371101007002001","7371101007","002","001","JL. SULTAN ALAUDDIN",,"-5.990496","199.324408"
"7371101007002002","7371101007","002","002","JL. SULTAN ALAUDDIN",,"-5.163727","199.736577"
"7371101007002003","7371101007","002","003","JL. SULTAN ALAUDDIN",,"-5.117537","199.839003"
"7371101007002004","7371101007","002","004","JL. BONTO DURI JAYA",,"-5.046956","199.332771"
"7371101007002005","7371101007","002","005","JL. BAJI GAU",,"-5.483993","199.651054"
"7371101007003001","7371101007","003","001","JL. SULTAN ALAUDDIN",,"-5.174726","199.431067"
"7371101007003002","7371101007","003","002","JL. MANURUKI RAYA",,"-5.175540","199.430382"
"7371101007003003","7371101007","003","003","JL. MANURUKI",,"-5.176370","199.431343"
"7371101007003004","7371101007","003","004","JL. SULTAN ALAUDDIN 4",,"-5.174467","119.431581"
"7371101007004001","7371101007","004","001","JL. BONTO DURI 6",,"-5.176841","199.424920"
"7371101007004002","7371101007","004","002","JL. MANURUKI 9","LORONG 4","-5.176851","199.425323"
"7371101007004003","7371101007","004","003","JL. MANURUKI 9",,"-5.173839","199.430098"
"7371101007004004","7371101007","004","004","JL. MANURUKI",,"-5.271881","199.329209"
"7371101007004005","7371101007","004","005","JL. BONTO DURI 6",,"-5.173492","199.346152"
"7371101007005001","7371101007","005","001","JL MANURUKI",,"-5.293930","199.362718"
"7371101007005002","7371101007","005","002","JL MANURUKI",,"-5.102832","199.392302"
"7371101007006001","7371101007","006","001","JL MANURUKI",,"-5.281910","199.382012"
"7371101007006002","7371101007","006","002","JL MANURUKI",,"-5.281282","199.202031"
"7371101007006003","7371101007","006","003","JL MANURUKI",,"-5.172930","199.820234"
"7371101007006004","7371101007","006","004","JL MANURUKI",,"-5.192138","199.303011"
"7371101007006005","7371101007","006","005","JL MANURUKI",,"-5.102931","199.382034"
"7371101007007001","7371101007","007","001","JL MANURUKI",,"-5.192371","199.190291"
"7371101007007002","7371101007","007","002","JL MANURUKI",,"-5.189203","199.281913"
"7371101007007003","7371101007","007","003","JL MANURUKI",,"-5.182910","199.202188"
"7371101007008001","7371101007","008","001","JL. MANURUKI 9",,"-5.656008","199.326608"
"7371101007008002","7371101007","008","002","JL. MANURUKI",,"-5.450079","199.760321"
"7371101007008003","7371101007","008","003","JL. MANURUKI",,"-5.212230","199.426008"
"7371101008001001","7371101008","001","001","JL. KUMALA 2",,"-5.167452","199.636780"
"7371101008001002","7371101008","001","002","JL. KUMALA",,"-5.145682","199.117383"
"7371101008001003","7371101008","001","003","JL. KUMALA",,"-5.516422","199.335261"
"7371101008001004","7371101008","001","004","JL. KUMALA",,"-5.162352","199.117383"
"7371101008002001","7371101008","002","001","JL. KUMALA",,"-5.347682","199.115372"
"7371101008002002","7371101008","002","002","JL. KUMALA",,"-5.456382","199.117383"
"7371101008002003","7371101008","002","003","JL. KUMALA",,"-5.165322","199.117383"
"7371101008002004","7371101008","002","004","JL. KUMALA",,"-5.372832","199.117383"
"7371101008003001","7371101008","003","001","JL. ALAUDDIN","LORONG 1","-5.167682","119.421330"
"7371101008003002","7371101008","003","002","JL. ALAUDDIN",,"-5.127682","199.117383"
"7371101008003003","7371101008","003","003","JL. ALAUDDIN",,"-5.376288","199.117383"
"7371101008004-","7371101008","004","-","JL. SULTAN ALAUDDIN",,"-5.329982","199.117383"
"7371101008005001","7371101008","005","001","JL. SULTAN ALAUDDIN 1",,"-5.837222","199.117383"
"7371101008005002","7371101008","005","002","JL. SULTAN ALAUDDIN",,"-5.402982","199.225525"
"7371101008005003","7371101008","005","003","JL. SULTAN ALAUDDIN",,"-5.563482","199.117383"
"7371101008005004","7371101008","005","004","JL. SULTAN ALAUDDIN",,"-5.176182","199.117383"
"7371101008005005","7371101008","005","005","JL. SULTAN ALAUDDIN 1",,"-5.986782","199.266629"
"7371101009004003","7371101009","004","003","JL. MUSLIM DG TUTU",,"-5.190318","199.421321"
"7371101008006001","7371101008","006","001","JL. BONTONOMPO",,"-5.164322","199.117383"
"7371101008006002","7371101008","006","002","JL. BONTONOMPO",,"-5.673682","199.117383"
"7371101008006003","7371101008","006","003","JL. BONTONOMPO",,"-5.533682","199.117383"
"7371101008007001","7371101008","007","001","JL. BONTO DURI",,"-5.657738","199.117383"
"7371101008007002","7371101008","007","002","JL. ANDI TONRO",,"-5.267632","199.117383"
"7371101008007003","7371101008","007","003","JL. ANDI TONRO 5",,"-5.155682","199.117383"
"7371101008007004","7371101008","007","004","JL. ANDI TONRO",,"-5.355382","199.117383"
"7371101008007005","7371101008","007","005","JL. ANDI TONRO",,"-5.908882","199.117383"
"7371101008008001","7371101008","008","001","JL. BONTO DURI",,"-5.147682","199.348292"
"7371101008008002","7371101008","008","002","JL. ANDI TONRO 4","LORONG 5","-5.192382","199.117383"
"7371101008008003","7371101008","008","003","JL. ANDI TONRO",,"-5.807682","199.117383"
"7371101008008004","7371101008","008","004","JL. ANDI TONRO 5","LORONG 1","-5.109682","199.117383"
"7371101008008005","7371101008","008","005","JL. ANDI TONRO",,"-5.167002","199.117383"
"7371101008008006","7371101008","008","006","JL. ANDI TONRO",,"-5.233682","199.117383"
"7371101008008007","7371101008","008","007","JL. ANDI TONRO",,"-5.120602","199.117383"
"7371101008009001","7371101008","009","001","JL. ANDI TONRO",,"-5.100339","199.117383"
"7371101008009002","7371101008","009","002","JL. ANDI TONRO",,"-5.168780","199.117383"
"7371101008009003","7371101008","009","003","JL. ANDI TONRO",,"-5.893002","199.117383"
"7371101008010001","7371101008","010","001","JL. BONTO DURI 1",,"-5.203883","199.117383"
"7371101008010002","7371101008","010","002","JL. BONTO DURI",,"-5.283102","199.117383"
"7371101008010003","7371101008","010","003","JL. SULTAN ALAUDDIN",,"-5.883407","199.117383"
"7371101008010004","7371101008","010","004","JL. SULTAN ALAUDDIN",,"-5.340029","199.117383"
"7371101008010005","7371101008","010","005","JL. BONTO DURI",,"-5.288201","199.117383"
"7371101009001001","7371101009","001","001","JL. HARTACO INDAH",,"-5.184260","119.420914"
"7371101009001002","7371101009","001","002","JL. DG TATA",,"-5.182881","119.419355"
"7371101009001003","7371101009","001","003","JL. HARTACO INDAH",,"-5.183631","199.419845"
"7371101009002001","7371101009","002","001","JL. DG TATA 2",,"-5.186038","199.424116"
"7371101009002002","7371101009","002","002","JL. DG TATA 3",,"-5.187763","199.425191"
"7371101009002003","7371101009","002","003","JL. DG TATA 4",,"-5.187944","119.426640"
"7371101009002004","7371101009","002","004","JL. DG TATA",,"-5.189956","199.427798"
"7371101009002005","7371101009","002","005","JL. VILLA PERMATA HARAPAN",,"-5.188974","199.429805"
"7371101009002006","7371101009","002","006","JL. MALENGKERI",,"-5.187561","199.428402"
"7371101009002008","7371101009","002","008","JL. DG TATA 2",,"-5.186977","199.423859"
"7371101009002010","7371101009","002","010","JL. MALENGKERI RAYA",,"-5.187006","199.430741"
"7371101009003001","7371101009","003","001","JL. DG TATA 4","LORONG 2","-5.190725","199.425465"
"7371101009003002","7371101009","003","002","JL. DG TATA",,"-5.192307","199.425951"
"7371101009003003","7371101009","003","003","JL. DG TATA","LORONG 4","-5.192357","199.423528"
"7371101009003004","7371101009","003","004","JL. DG TATA",,"-5.190349","199.426766"
"7371101009003005","7371101009","003","005","JL. DG TATA","LORONG 6 & LORONG 7","-5.190646","199.422326"
"7371101009003006","7371101009","003","006","JL. DG TATA 3","LORONG 1","-5.188752","119.424306"
"7371101009004001","7371101009","004","001","JL. DG TATA 3",,"-5.191380","199.418590"
"7371101009004002","7371101009","004","002","JL. DG MUDA",,"-5.190079","119.419427"
"7371101009004004","7371101009","004","004","JL. DG TATA 3",,"-5.191716","199.418109"
"7371101009004005","7371101009","004","005","JL. DG TATA 3",,"-5.191716","199.418109"
"73711010090046","7371101009","004","6","JL. DG KULING",,"-5.189043","199.420196"
"7371101009005001","7371101009","005","001","JL. DG TATA KOMP HARTACO",,"-5.185829","199.421591"
"7371101009005003","7371101009","005","003","JL. BTN HARTACO","LORONG 1","-5.187658","199.422986"
"7371101009006001","7371101009","006","001","JL. HARTACO INDAH",,"-5.184547","199.417967"
"7371101009006003","7371101009","006","003","JL. HARTACO INDAH",,"-5.184362","199.418339"
"7371101009006004","7371101009","006","004","JL. HARTACO INDAH",,"-5.184786","199.418513"
"7371101009006006","7371101009","006","006","JL. HARTACO INDAH",,"-5.185352","199.419111"
"7371101009006007","7371101009","006","007","JL. HARTACO INDAH",,"-5.185157","199.419540"
"7371101009006008","7371101009","006","008","JL. HARTACO INDAH",,"-5.185352","119.419619"
"7371101009006011","7371101009","006","011","JL. BTN HARTACO INDAH",,"-5.184712","199.420058"
"7371101009006012","7371101009","006","012","JL. HARTACO",,"-5.185655","199.417412"
"7371101009007001","7371101009","007","001","JL. ABD KADIR",,"-5.188709","199.414686"
"7371101009007002","7371101009","007","002","JL. HARTACO INDAH",,"-5.190163","199.414806"
"7371101009007003","7371101009","007","003","JL. HARTACO INDAH",,"-5.188580","199.415257"
"7371101009007004","7371101009","007","004","JL. DG NGADDE",,"-5.188893","199.416358"
"7371101009007005","7371101009","007","005","JL. DG NGADDE",,"-5.187580","199.416855"
"7371101009007009","7371101009","007","009","JL. DG MUDA",,"-5.190958","199.418454"
"7371101009007010","7371101009","007","010","JL. DG NGADE",,"-5.189458","199.418245"
"7371101009007011","7371101009","007","011","JL. DG TATA 3","LORONG 99","-5.191007","119.416734"
"7371101009008002","7371101009","008","002","JL. HARTACO",,"-5.187080","199.420500"
"7371101009008003","7371101009","008","003","JL. TATA KOMP. HARTACO",,"-5.186821","119.420268"
"7371101009008005","7371101009","008","005","JL. HARTACO",,"-5.187301","119.421411"
"7371101009008006","7371101009","008","006","JL. HARTACO INDAH",,"-5.186548","199.421235"
"7371101009008007","7371101009","008","007","JL. DG TATA",,"-5.185963","199.421598"
"7371101009009001","7371101009","009","001","JL. DG TATA",,"-5.186919","119.421411"
"7371101009009002","7371101009","009","002","JL. HARTACO INDAH",,"-5.186759","199.418171"
"7371101009009004","7371101009","009","004","JL. DG TATA",,"-5.187623","199.417183"
"7371101009009007","7371101009","009","007","JL. HARTACO INDAH",,"-5.188355","199.419923"
"7371101009009008","7371101009","009","008","JL. DG TATA BTN HARTACO INDAH",,"-5.186954","199.416748"
"7371101009009009","7371101009","009","009","JL. HARTACO INDAH",,"-5.187848","199.418396"
"7371101010001001","7371101010","001","001","JL. GONTANG RAYA",,"-5.185451","199.407669"
"7371101010001002","7371101010","001","002","JL. GONTANG RAYA",,"-5.184308","199.407432"
"7371101010001003","7371101010","001","003","JL. GONTANG RAYA",,"-5.185090","199.405210"
"7371101010002001","7371101010","002","001","JL. DANAU TJ. BUNGA SELATAN & JL. GONTANG BARAT",,"-5.180805","199.402370"
"7371101010002002","7371101010","002","002","JL. GONTANG BARAT & JL. GN LOMPOBATTANG",,"-5.181019","199.399582"
"7371101010002003","7371101010","002","003","JL. GONTANG BARAT & JL. GUNUNG AGUNG",,"-5.182636","199.399707"
"7371101010003001","7371101010","003","001","JL. GONTANG RAYA & JL. METROPOLITAN RAYA & JL. METROPOLITAN UTARA & JL. GREEN GARDEN UTARA",,"-5.184825","199.397460"
"7371101010003002","7371101010","003","002","JL. GONTANG RAYA & JL. GUNUNG AGUNG & JL. GONTANG BARAT",,"-5.184218","199.398921"
"7371101010003003","7371101010","003","003","JL. GONTANG RAYA & JL. GONTANG BARAT & JL. ORCHARD PARK",,"-5.185252","199.400815"
"7371111004011002","7371111004","011","002",,,".","."
"7371101010004001","7371101010","004","001","JL. METRO TANJUNG BUNGA",,"-5.191020","199.386985"
"7371101010004002","7371101010","004","002","JL. H. IBRAHIM SULTAN DG TUTU",,"-5.190756","199.391013"
"7371101010004003","7371101010","004","003","JL. H. IBRAHIM SULTAN DG TUTU",,"-5.189704","199.392562"
"7371101010004004","7371101010","004","004","JL. CYPRES AVENUE & JL. ELYSIUM PARK & JL. COSTA BRAVA & JL. METRO TJ BUNGA",,"-5.187627","199.390186"
"7371101010004005","7371101010","004","005","JL. COSTA BLANCA",,"-5.185718","199.391286"
"7371101010005001","7371101010","005","001","JL. GONTANG RAYA & JL. SAMALONA",,"-5.186677","199.395366"
"7371101010005002","7371101010","005","002","JL. JALANG BAYANG & JL. COSTA BLANCA & JL. TANJUNG BAYAM",,"-5.184853","199.391514"
"7371101010005003","7371101010","005","003","JL. GUNUNG KINIBALU & JL. PINUS & JL. GUNUNG KERINCI",,"-5.179848","199.391968"
"7371101010005004","7371101010","005","004","JL. METRO TANJUNG BUNGA & JL. PERMANDIAN TANJUNG BAYANG
",,"-5.185491","199.388633"
"7371101010006001","7371101010","006","001","JL. MUTIARA PELANGI & JL. MUTIARA ASRI & JL. METRO TANJUNG BUNGA & …..",,"-5.177028","199.389367"
"7371101010006002","7371101010","006","002","JL. METRO TANJUNG BUNGA & JL. KAWASAN WISATA ANGIN MAMIRI & ….. & …..",,"-5.180986","199.389746"
"7371101010006003","7371101010","006","003","JL. METRO TANJUNG BUNGA & JL. BOULEVARD GOLD COAST & ….. & …..",,"-5.173694","199.389280"
"7371101010007001","7371101010","007","001","JL. DANAU TOBA & JL. DANAU BATUR & JL. DANAU LIMBOTO & JL. DANAU INDAH",,"-5.183471","199.395127"
"7371101010007002","7371101010","007","002","JL. DANAU TOWUTI & JL. DANAU SENTANI & JL. DANAU INDAH & JL. DANAU MAHALONA",,"-5.181969","199.395538"
"7371101010007003","7371101010","007","003","JL. DANAU LIMBOTO & JL. DANAU MAHALONA & JL. DANAU POSO
",,"-5.182018","199.396957"
"7371101010007004","7371101010","007","004","JL. GUNUNG AGUNG & JL. MEDITERRANEAN INDAH & JL. MEDITERRANEAN RAYA
",,"-5.179437","199.397777"
"7371101010008001","7371101010","008","001","JL. EBONI & JL. GUNUNG KERINCI & JL. ANGSANA & JL. MAHONI",,"-5.175838","199.392943"
"7371101010008002","7371101010","008","002","JL. MENTENG & JL. JOHAR & JL. RASAMALA & JL. CENDANA",,"-5.174281","199.391612"
"7371101010008003","7371101010","008","003","JL. DANAU TJ BUNGA SELATAN & JL. TIRTA WANGI & JL. TIRTA ABADI & JL. TIRTA KENCANA",,"-5.171265","199.392736"
"7371101010008004","7371101010","008","004","JL. GUNUNG AGUNG & JL. GUNUNG KERINCI & JL. GUNUNG KANDORA & JL. MASAMBA",,"-5.177874","199.395618"
"7371101011001001","7371101011","001","001","JL.ANDI TONRO V","LORONG 5","-5.176216","119.421089"
"7371101011001002","7371101011","001","002",,,".","."
"7371101011001003","7371101011","001","003","JL.ANDI TONRO IV",,"-5.176978","119.421208"
"7371101011001004","7371101011","001","004",,,".","."
"7371101011001005","7371101011","001","005","JL.BONTO DURI 8 & JL.ANDI TONRO IV",,"-5.177232","119.421797"
"7371101011001006","7371101011","001","006","JL.DG TATA I & JL.BONTO DURI 10",,"-5.177713","119.420323"
"7371101011002001","7371101011","002","001","JL.DG.TATA I",,"-5.179098","119.421623"
"7371101011002002","7371101011","002","002","JL.DG.TATA I","BLOK IV","-5.179577","119.421068"
"7371101011002003","7371101011","002","003","JL.DG.TATA I",,"-5.179806","119.420295"
"7371101011002004","7371101011","002","004","JL.DG TATA KOM.HARTACO INDAH",,"-5.180684","119.419992"
"7371101011002005","7371101011","002","005","JL.DG TATA KOMP.HARTACO INDAH KOMP.SLB","LORONG SLB","-5.181146","119.420924"
"7371101011002006","7371101011","002","006","JL.BONTO DURI 10","LORONG 4","-5.178137","119.420374"
"7371101011002007","7371101011","002","007","JL.DG TATA I","BLOK IV","-5.180413","119.423523"
"7371101011002008","7371101011","002","008","JL.DAENG TATA RAYA NO.34 & JL.PERMATA IV",,"-5.182766","119.420752"
"7371101011003001","7371101011","003","001","JL.DG.TATA I","BLOK IV C & LORONG 1","-5.179790","119.425125"
"7371101011003002","7371101011","003","002","JL.DG.TATA I","BLOK IV","-5.180350","119.422306"
"7371101011003003","7371101011","003","003","JL.DG.TATA I","LORONG 2","-5.183471","119.424427"
"7371101011003004","7371101011","003","004","JL.DG.TATA I","BLOK 2","-5.182118","119.423860"
"7371101011003005","7371101011","003","005","JL.DAENG TATA RAYA & JL.PERMATA I & JL.PERMATA IV & JL.PERMATA VI & JL.PERMATA VIII",,"-5.182830","119.423054"
"7371101011004001","7371101011","004","001","JL.DG.TATA 1","BLOK NO.B24/2","-5.182273","119.426133"
"7371101011004002","7371101011","004","002","JL.DG.TATA I & JL.TABARIA",,"-5.183616","119.425857"
"7371101011004003","7371101011","004","003","JL.DG.TATA 1",,"-5.183707","119.427072"
"7371101011004004","7371101011","004","004","JL.DG.TATA 1","BLOK G1","-5.182961","119.427210"
"7371101011005001","7371101011","005","001","JL.DG.TATA 1",,"-5.183194","119.428346"
"7371101011005002","7371101011","005","002","JL.DG.TATA 1","BLOK G2 & G3 & BLOK G4 & G5","-5.182773","119.428410"
"7371101011005003","7371101011","005","003","JL.DG.TATA 1","BLOK G7 & G8","-5.183632","119.428010"
"7371101011005004","7371101011","005","004","JL.DG.TATA 1 & BTN TABARIA","BLOK G10","-5.183899","119.428757"
"7371101011005005","7371101011","005","005","JL.DG.TATA 1","BLOK G11","-5.183925","119.429311"
"7371101011005006","7371101011","005","006","JL.MALLENGKERI RAYA",,"-5.185473","119.429715"
"7371101011006001","7371101011","006","001","JL.BONTODURI IV",,"-5.176423","119.426079"
"7371101011006002","7371101011","006","002","JL.BONTODURI 5 1 & 11",,"-5.517552","119.425821"
"7371101011006003","7371101011","006","003","JL.BONTODURI 6",,"-5.175750","119.425387"
"7371101011006004","7371101011","006","004","JL.BONTODURI 6","LORONG 1 & 2","-5.175392","119.424954"
"7371101011006005","7371101011","006","005","JL.BONTODURI 6","LORONG 4","-5.176254","119.424730"
"7371101011007001","7371101011","007","001","JL.BONTO DURI 6 & JL.DG.TATA 1","LORONG 7 & BLOK V","-5.178840","119.425559"
"7371101011007002","7371101011","007","002","JL.DG.TATA 1","BLOK V & BLOK IV F","-5.178039","119.423528"
"7371101011007003","7371101011","007","003","JL.DG.TATA 1","BLOK IV E","-5.179483","119.423685"
"7371101011007004","7371101011","007","004","JL.BONTODURI 9",,"-5.178222","119.422091"
"7371101011007005","7371101011","007","005","JL.BONTODURI 8",,"-5.177542","-19.422604"
"7371101011007006","7371101011","007","006","JL.BONTODURI 8","LORONG JAMPEA","-5.176800","119.422815"
"7371101011007008","7371101011","007","008","JL.BONTODURI 10","LORONG 2 11","-5.178061","119.421374"
"7371111001001001","7371111001","001","001",,,".","."
"7371111001001002","7371111001","001","002","JL PERUM YAYASAN GUBERNUR",,"-5.120830","119.526655"
"7371111001001003","7371111001","001","003","JL PANDANG UTAMA V",,"-5.119452","119.527571"
"7371111001001004","7371111001","001","004","JL RUDAL RAYA",,"-5.120262","119.527799"
"7371111001001005","7371111001","001","005","JL PANDANG UTAMA V",,"-5.118869","119.527421"
"7371111001001006","7371111001","001","006","JL PANDANG UTAMA V",,"-5.118063","119.527240"
"7371111001001007","7371111001","001","007","JL PANDANG UTAMA V",,"-5.118226","119.526446"
"7371111001001008","7371111001","001","008","JL PERUM YAYASAN GUBERNU & JL PANDANG UTAMA V",,"-5.119123","119.526203"
"7371111001001009","7371111001","001","009","JL PERUM YAYASAN GUBERNUR",,"-5.118687","119.523494"
"7371111001001010","7371111001","001","010","JL PERUM YAYASAN GUBERNUR & JL SAKINAH BARU",,"-5.120067","119.523805"
"7371111001002001","7371111001","002","001","JL PERUM YAYASAN GUBERNUR & JL PACCERAKKANG",,"-5.121194","119.523797"
"7371111001002002","7371111001","002","002","JL PACCERAKKANG",,"-5.122957","119.524436"
"7371111001002003","7371111001","002","003","JL PACCERAKKANG","LORONG SEJAHTERA","-5.127995","119.522209"
"7371111001002004","7371111001","002","004","JL POROS MANGGA TIGA & JL PACCERAKKANG",,"-5.124460","119.524536"
"7371111001002005","7371111001","002","005","JL POROS MANGGA TIGA",,"-5.125536","119.525525"
"7371111001002006","7371111001","002","006",,"LORONG SEJAHTERA","-5.127364","119.525190"
"7371111001002007","7371111001","002","007",,"BLOK A","-5.119858","119.519470"
"7371111001002008","7371111001","002","008","JL PACCERAKKANG",,"-5.126059","119.522798"
"7371111001003001","7371111001","003","001","JL SAKINAH BARU UTARA",,"-5.122704","119.534987"
"7371111001003002","7371111001","003","002","JL TAMALABBA MANGGA TIGA",,"-5.122625","119.527464"
"7371111001003003","7371111001","003","003","JL SAKINAH LAMA SELATAN",,"-5.121812","119.525989"
"7371111001003004","7371111001","003","004","JL POROS MANGGA TIGA & JL HARUM MANIS",,"-5.125294","119.529602"
"7371111001003005","7371111001","003","005","JL BUKAMATA I","LORONG 1","-5.125269","119.528353"
"7371111001003006","7371111001","003","006","JL BUKAMATA I & JL POROS MANGGA TIGA",,"-5.124014","119.527599"
"7371111001003007","7371111001","003","007","JL BUKAMATA I",,"-5.255002","119.526953"
"7371111001003008","7371111001","003","008","JL SAKINAH BARU",,"-5.122105","119.531344"
"7371111001003009","7371111001","003","009","JL SAKINAH BARU & JL SAKINAH BARU UTARA",,"-5.122661","119.531322"
"7371111001004001","7371111001","004","001","JL BUKAMATA I",,"-5.127973","119.530377"
"7371111001004002","7371111001","004","002","JL BUKAMATA I & JL BUKAMATA RAYA",,"-5.128313","119.529075"
"7371111001004003","7371111001","004","003","JL BUKAMATA I & JL BUKAMATA RAYA",,"-5.127371","119.527929"
"7371111001004004","7371111001","004","004","JL BUKAMATA RAYA",,"-5.128432","119.526044"
"7371111001004005","7371111001","004","005","JL BUKAMATA RAYA",,"-5.130351","119.525623"
"7371111001005001","7371111001","005","001",,,".","."
"7371111001005002","7371111001","005","002","JL POROS MANGGA TIGA",,"-5.124522","119.530062"
"7371111001005003","7371111001","005","003","JL SAKINAH BARU",,"-5.123565","119.531806"
"7371111001005004","7371111001","005","004","JL POROS MANGGA TIGA",,"-5.124374","119.532534"
"7371111001005005","7371111001","005","005","JL POROS MANGGA TIGA",,"-5.124613","119.534126"
"7371111001006001","7371111001","006","001",,,".","."
"7371111001006002","7371111001","006","002","KOMP.MANGGA TIGA PERMAI & JL FETRAN",,"-5.125973","119.533988"
"7371111001006003","7371111001","006","003","KOMP.MANGGA TIGA PERMAI & JL FETRAN",,".","."
"7371111001006005","7371111001","006","005","JL FETRAN",,"-5.127021","119.533047"
"7371111001007001","7371111001","007","001","JL POROS MANGGA TIGA & JL HARUM MANIS",,"-5.125240","119.530206"
"7371111001007002","7371111001","007","002",,,"-5.126704","119.530375"
"7371111001007003","7371111001","007","003","KOMP.MANGGA TIGA PERMAI",,"-5.125684","119.531691"
"7371111002001001","7371111002","001","001",,,"-5.104034","119.511715"
"7371111002001002","7371111002","001","002",,,".","."
"7371111002001003","7371111002","001","003","JL POROS MAKASSAR & MAROS & JL PACCERAKKANG",,"-5.112433","119.512069"
"7371111002001004","7371111002","001","004","JL DAYA RAYA","LORONG ANGGREK & LORONG 1","-5.111760","119.512592"
"7371111002001005","7371111002","001","005","JL DAYA RAYA",,"-5.110641","119.513612"
"7371111002002001","7371111002","002","001","JL PEMUDA & JL POROS MAKASSAR & MAROS",,"-5.106811","119.510581"
"7371111002002002","7371111002","002","002","JL PEMUDA & JL POROS MAKASSAR & MAROS & JL KIMA VI",,"-5.095809","119.505131"
"7371111002002003","7371111002","002","003","JL POROS MAKASSAR & MAROS","LORONG BUNGUNG LOMPOA","-5.106337","119.510570"
"7371111002002004","7371111002","002","004","JL KIMA VI & JL KIMA 5 & JL KIMA III",,"-5.104369","119.501519"
"7371111002002005","7371111002","002","005","JL POROS MAKASSAR & MAROS & JL MUDA & MUDI","LORONG BUNGUNG LOMPOA","-5.108427","119.510663"
"7371111002003001","7371111002","003","001","JL KIMA 5 & JL KIMA RAYA I & JL POROS MAKASSAR & MAROS & JL TERMINAL",,"-5.107513","119.500993"
"7371111002003002","7371111002","003","002","JL POROS MAKASSAR & MAROS & JL DAYA RAYA",,"-5.110786","119.511529"
"7371111002003003","7371111002","003","003","JL POROS MAKASSAR & MAROS & JL MUDA & MUDI",,"-5.109782","119.510935"
"7371111002003004","7371111002","003","004","JL POROS MAKASSAR & MAROS & JL TERMINAL",,"-5.110937","119.510267"
"7371111002004001","7371111002","004","001","JL POROS MAKASSAR & MAROS & JL BALANG TURUNGAN & JL PACCERAKKANG",,"-5.114564","119.511557"
"7371111002004002","7371111002","004","002","JL PACCERAKKANG & JL PAJJAIANG","LORONG 1","-5.112658","119.513757"
"7371111002004003","7371111002","004","003","JL POROS MAKASSAR & MAROS & JL BALANG TURUNGAN",,"-5.115128","119.512707"
"7371111002004004","7371111002","004","004","JL PACCERAKKANG & JL BARANG TURUNGAN",,"-5.113419","119.513104"
"7371111002005001","7371111002","005","001","JL POROS MAKASSAR & MAROS & JL KAPASA RAYA",,"-5.113197","119.510607"
"7371111002005002","7371111002","005","002","JL KIMA RAYA I & JL KIMA & JL KAPASA RAYA",,"-5.110118","119.500132"
"7371111002005003","7371111002","005","003","JL KIMA & JL BONTOLOE BARU & JL NIAGA DAYA & JL PARUMPA",,"-5.114274","119.505227"
"7371111002005004","7371111002","005","004","JL BONTOLOE BARU & JL PARUMPA & JL NIAGA BARU",,"-5.116851","119.507261"
"7371111002005005","7371111002","005","005","JL POROS MAKASSAR & MAROS",,"-5.114746","119.511151"
"7371111002006001","7371111002","006","001","JL POROS MAKASSAR & MAROS & JL SANRANGAN",,"-5.105902","119.514661"
"7371111002006002","7371111002","006","002","JL KASWARI",,"-5.108733","119.513272"
"7371111002006003","7371111002","006","003","JL KASWARI & JL NGLIYEP & JL PLOSO",,"-5.106847","119.514910"
"7371111002007001","7371111002","007","001",,,".","."
"7371111002007002","7371111002","007","002",,,".","."
"7371111002007003","7371111002","007","003","JL PAJJAIANG & JL PACCERAKKANG",,"-5.112903","119.514447"
"7371111002007004","7371111002","007","004","JL PAJAIANG","LORONG 1","-5.112065","119.514070"
"7371111002007005","7371111002","007","005","JL PLOSO",,"-5.109855","119.515607"
"7371111002007006","7371111002","007","006","JL PLOSO",,"-5.109162","119.515536"
"7371111002008001","7371111002","008","001","JL PACCERAKKANG & JL BALANG TURUNGAN","LORONG 3","-5.112456","119.515264"
"7371111002008002","7371111002","008","002","JL BALANG TURUNGAN","LORONG 3","-5.114161","119.516969"
"7371111002008003","7371111002","008","003","JL POROS MAKASSAR & MAROS & JL BALANG TURUNGAN",,"-5.115543","119.515792"
"7371111002009","7371111002","009",,,,".","."
"7371111002010001","7371111002","010","001","JL PEMUDA",,"-5.108204","119.508979"
"7371111002010002","7371111002","010","002","JL KIMA III",,"-5.107983","119.507200"
"7371111002010003","7371111002","010","003",,,"-5.109127","119.509008"
"7371111003001001","7371111003","001","001","JL PAI RAYA II & JL POROS MAKASSAR & MAROS",,"-5.078348","119.521866"
"7371111003001002","7371111003","001","002","JL PAI RAYA II",,"-5.076975","119.518992"
"7371111003001003","7371111003","001","003","JL POROS MAKASSAR & MAROS","LORONG III","-5.077407","119.522689"
"7371111003001004","7371111003","001","004",,"LORONG III","-5.079606","119.524081"
"7371111003002001","7371111003","002","001","JL POROS MAKASSAR & MAROS",,"-5.082838","119.520014"
"7371111003002002","7371111003","002","002",,,"-5.084935","119.511904"
"7371111003002003","7371111003","002","003",,,"-5.080026","119.513049"
"7371111003002004","7371111003","002","004","JL H. ABDUL DJABBAR ASHIRY",,"-5.083069","119.515659"
"7371111003002005","7371111003","002","005","JL H. ABDUL DJABBAR ASHIRY",,"-5.087180","119.513639"
"7371111003002006","7371111003","002","006","JL H. ABDUL DJABBAR ASHIRY",,"-5.086717","119.515815"
"7371111003002007","7371111003","002","007","JL H. ABDUL DJABBAR ASHIRY",,"-5.082492","119.514106"
"7371111003003001","7371111003","003","001","JL GOA RIA 3 & JL MELATI",,"-5.082941","119.526074"
"7371111003003002","7371111003","003","002","JL MAWAR",,"-5.084063","119.526794"
"7371111003003003","7371111003","003","003",,,".","."
"7371111003003004","7371111003","003","004","JL SEROJA & JL GOA RIA 3 & JL CITRA SUDIANG INDAH",,"-5.082312","119.525092"
"7371111003004001","7371111003","004","001","JL TAMANG SUDIANG INDAH",,"-5.088233","119.525822"
"7371111003004002","7371111003","004","002","ANGKASA PURA I",,"-5.088664","119.526115"
"7371111003005001","7371111003","005","001","JL PERINTIS KEMERDEKAAN",,"-5.090599","119.517664"
"7371111003005002","7371111003","005","002","JL PERINTIS KEMERDEKAAN & JL TAMAN SUDIANG INDAH",,"-5.508814","119.520301"
"7371111003005003","7371111003","005","003","JL BATUTAMBUNG",,"-5.089926","119.520242"
"7371111003005004","7371111003","005","004","JL BATUTAMBUNG",,"-5.090022","119.521419"
"7371111003005005","7371111003","005","005","JL BATUTAMBUNG",,"-5.092081","119.951997"
"7371111003005006","7371111003","005","006","JL PERINTIS KEMERDEKAAN",,"-5.084279","119.520776"
"7371111003005007","7371111003","005","007","JL BATUTAMBUNG",,"-5.091608","119.522165"
"7371111003005008","7371111003","005","008",,,"-5.092425","119.523170"
"7371111003006001","7371111003","006","001","JL POROS MAKASSAR & MAROS & JL DAENG MATOA",,"-5.092682","119.512629"
"7371111003006002","7371111003","006","002","JL BATANA BIRA 4 & JL BATANA BIRA",,"-5.088800","119.511796"
"7371111003006003","7371111003","006","003","JL BATANA BIRA 4 & JL BATANA BIRA",,"-5.092776","119.509251"
"7371111003006004","7371111003","006","004","JL BATANA BIRA & JL BATANA BIRA VI",,"-5.089703","119.505561"
"7371111003006005","7371111003","006","005","JL BATANA BIRA",,"-5.087018","119.509336"
"7371111003006006","7371111003","006","006","JL BATANA BIRA & JL BATANA BIRA VI & JL BATANA BIRA 4",,"-5.091416","119.508031"
"7371111003006007","7371111003","006","007","JL POROS MAKASSAR & MAROS & JL DAENG MATOA",,"-5.097620","119.511008"
"7371111003006008","7371111003","006","008",,,"-5.081180","119.506441"
"7371111003007001","7371111003","007","001",,,".","."
"7371111003007002","7371111003","007","002",,,"0.0","119.518806"
"7371111003007003","7371111003","007","003","BTN BULUROKENG PERMAI",,"-5.094379","119.521013"
"7371111003007004","7371111003","007","004","BTN BULUROKENG PERMAI",,"-5.095093","119.519392"
"7371111003008001","7371111003","008","001","JL POROS MAKASSAR & MAROS",,"-5.094221","119.513856"
"7371111003008004","7371111003","008","004","JL DG RAMANG",,"-5.098005","119.514663"
"7371111003008005","7371111003","008","005","JL DG RAMANG",,"-5.096294","119.518848"
"7371111003008006","7371111003","008","006","JL DG RAMANG",,"-5.097881","119.517741"
"7371111003008007","7371111003","008","007","JL DG RAMANG",,"-5.095566","119.517337"
"7371111003008008","7371111003","008","008","JL DG RAMANG",,"-5.098752","119.519310"
"7371111003009001","7371111003","009","001",,,".","."
"7371111003009002","7371111003","009","002","JL ANTIK",,"-5.086911","119.527531"
"7371111003009003","7371111003","009","003","JL TAMAN SUDIANG INDAH",,"-5.087942","119.526707"
"7371111003009004","7371111003","009","004",,,".","."
"7371111003009005","7371111003","009","005",,,".","."
"7371111003009006","7371111003","009","006",,,".","."
"7371111003009007","7371111003","009","007","JL CITRA SUDIANG INDAH",,"-5.086259","119.524525"
"7371111003010001","7371111003","010","001",,,".","."
"7371111003010003","7371111003","010","003",,,"-5.090958","119.525249"
"7371111003011001","7371111003","011","001",,,"-5.099654","119.517473"
"7371111003011002","7371111003","011","002","JL. PERINTIS KEMERDEKAAN & JL. GRIYA PRIMA TONASA & JL. TONASA V",,"-5.099890","119.513107"
"7371111003011003","7371111003","011","003","JL. POROS BARRU & MAKASSAR & JL. TONASA V & JL. GRIYA PRIMA TONASA",,"-5.099699","119.513144"
"7371111003011004","7371111003","011","004","JL. SANRANGAN",,"-5.103264","119.517135"
"7371111003012001","7371111003","012","001","JL. POROS BARRU & MAKASSAR",,"-5.079950","119.522454"
"7371111003012002","7371111003","012","002",,,".","."
"7371111003012003","7371111003","012","003",,,".","."
"7371111003012004","7371111003","012","004",,,".","."
"7371111003012005","7371111003","012","005","JL. CITRA SUDIANG",,"-5.087004","119.524101"
"7371111003013001","7371111003","013","001","JL. PERINTIS KEMERDEKAAN",,"-5.092249","119.515953"
"7371111003013002","7371111003","013","002",,,".","."
"7371111003013003","7371111003","013","003","JL. POROS BULUROKENG",,"-5.093286","119.516029"
"7371111003014001","7371111003","014","001","tidak ada RT pada data maps BPS",,".","."
"7371111003014002","7371111003","014","002","JL NUSA & JL TAMAN SUDIANG INDAH",,"-5.086253","119.527129"
"7371111003014003","7371111003","014","003","JL GOA RIA 5",,"-5.086234","119.526094"
"7371111003014004","7371111003","014","004","JL NUSA",,"-5.085150","119.527111"
"7371111004001001","7371111004","001","001","JL. IR SUTAMI & JL. SALODONG",,"-5.081070","119.495547"
"7371111004001002","7371111004","001","002","JL. IR SUTAMI & JL. SALODONG I",,"-5.082598","119.494310"
"7371111004001003","7371111004","001","003","JL. SALODONG",,"-5.081786","119.493283"
"7371111004001004","7371111004","001","004","JL. SALODONG II",,"-5.080708","119.493758"
"7371111004001005","7371111004","001","005","JL. IR SUTAMI & JL. SALODONG II",,"-5.079382","119.493739"
"7371111004001006","7371111004","001","006","JL. SALODONG",,"-5.078811","119.490734"
"7371111004001007","7371111004","001","007","JL. SALODONG",,"-5.076036","119.487736"
"7371111004002001","7371111004","002","001","JL. IR SUTAMI & JL. BORONG JATIA",,"-5.082210","119.498287"
"7371111004002002","7371111004","002","002",,,"…….…………..","……….………….."
"7371111004002003","7371111004","002","003","JL. IR SUTAMI & JL. SUKA DG LURANG II",,"-5.082453","119.500581"
"7371111004002004","7371111004","002","004","JL. IR. SUTAMI & JL. SUKA DG. LURANG II & JL. BANGUNG SOLONG",,"-5.081422","119.501459"
"7371111004002005","7371111004","002","005","JL. ABD. KARIM",,"-5.082793","119.502142"
"7371111004003001","7371111004","003","001","JL. IR. SUTAMI & JL. PAHLAWAN",,"-5.080630","119.498959"
"7371111004003002","7371111004","003","002","JL. IR. SUTAMI & JL. PAHLAWAN & JL. BONTOMANAI I",,"-5.081084","119.498105"
"7371111004003003","7371111004","003","003","JL. IR. SUTAMI & JL. BONTOLEMPANGAN RAYA & JL. BONTOMANAI I",,"-5.079863","119.498939"
"7371111004003004","7371111004","003","004","JL. PAHLAWAN",,"-5.080098","119.497579"
"7371111004004001","7371111004","004","001","JL. IR SUTAMI & JL. BONTOLEMPANGAN RAYA & JL. BONTOMANAI 1 & 3",,"-5.079446","119.500022"
"7371111004004002","7371111004","004","002","JL. IR SUTAMI & JL. BONTOMANAI 1 & JL. BONTOMANAI 2",,"-5.080055","119.500966"
"7371111004004003","7371111004","004","003","JL. VILA MUTIARA & JL. MUTIARA BOULEVAR",,"-5.078875","119.503026"
"7371111004004004","7371111004","004","004","JL. VILA MUTIARA & JL. MUTIARA BOULEVAR",,"-5.070523","119.496667"
"7371111004004005","7371111004","004","005","JL. VILA MUTIARA & JL. MUTIARA BOULEVAR & JL. MUTIARA ELOK",,"-5.075119","119.498004"
"7371111004004006","7371111004","004","006","JL. VILA MUTIARA & JL. MUTIARA BOULEVAR & JL. MUTIARA ELOK & JL. BONTOMANAI III",,"-5.075899","119.498859"
"7371111004006001","7371111004","006","001",,,".","."
"7371111004006002","7371111004","006","002","JL. MOH YUSUF & JL. CADDIKA",,"-5.075408","119.506399"
"7371111004006003","7371111004","006","003","JL. MOH YUSUF & JL. CADDIKA",,"-5.075564","119.505321"
"7371111004006004","7371111004","006","004","JL. MOH YUSUF & JL. CADDIKA",,"-5.075997","119.504943"
"7371111004007001","7371111004","007","001","JL. MOH YUSUF",,"-5.076284","119.507136"
"7371111004007002","7371111004","007","002","JL. MOH YUSUF & JL. IR SUTAMI",,"-5.077059","119.507657"
"7371111004007003","7371111004","007","003","JL. MOH YUSUF & JL. IR SUTAMI",,"-5.077855","119.507142"
"7371111004007004","7371111004","007","004","JL. IR SUTAMI",,"-5.076642","119.511208"
"7371111004008001","7371111004","008","001","JL. BERDIKARI RAYA",,"-5.077887","119.497769"
"7371111004008002","7371111004","008","002","JL. BERDIKARI RAYA & JL. PAHLAWAN",,"-5.077556","119.496176"
"7371111004009001","7371111004","009","001","JL. MUTIARA BOULEVAR & JL. VILA MUTIARA ASRI & JL. MUTIARA ASRI 2 & JL. MUTIARA ASRI 3",,"-5.073920","119.496511"
"7371111004009002","7371111004","009","002","JL. MUTIARA ASRI UTAMA & JL. VILA MUTIARA ASRI & JL. MUTIARA ASRI 4 & 8",,"-5.075074","119.496797"
"7371111004010001","7371111004","010","001","JL. MUTIARA BOULEVAR & JL. MUTIARA BIRU UTAMA",,"-5.073502","119.494891"
"7371111004010002","7371111004","010","002","JL. MUTIARA BOULEVAR & JL. MUTIARA BIRU UTAMA",,"-5.073288","119.493971"
"7371111004010003","7371111004","010","003",,,".","."
"7371111004010004","7371111004","010","004","JL. MUTIARA BOULEVAR & JL. MUTIARA BIRU UTAMA",,"-5.074180","119.493633"
"7371111004011001","7371111004","011","001","JL. MUTIARA HIJAU 1 & 6",,"-5.072582","119.489759"
"7371111004011003","7371111004","011","003","JL. MUTIARA HIJAU",,"-5.071540","119.490493"
"7371111004011004","7371111004","011","004","JL. MUTIARA BOULEVAR & JL. MUTIARA HIJAU UTAMA",,"-5.071732","119.492140"
"7371111004011005","7371111004","011","005","JL. MUTIARA HIJAU & JL. MURTIARA GARDEN 5 & 8",,"-5.073105","119.490836"
"7371111004011006","7371111004","011","006","JL. MUTIARA HIJAU & JL. MURTIARA GARDEN 1 & 5",,"-5.073559","119.491753"
"7371111004012001","7371111004","012","001","JL. MUTIARA BOULEVAR & JL. MUTIARA JELITA UTAMA",,"-5.075028","119.490635"
"7371111004012002","7371111004","012","002",,,".","."
"7371111004012003","7371111004","012","003","JL. MUTIARA JELITA IX & JL. MUTIARA KIRANA II",,"-5.076332","119.489407"
"7371111004013001","7371111004","013","001","JL. MUTIARA BOULEVAR & JL.PAHLAWAN",,"-5.076095","119.491647"
"7371111004013002","7371111004","013","002",,,".","."
"7371111004013003","7371111004","013","003",,,".","."
"7371111004013004","7371111004","013","004","JL. MUTIARA LESTARI",,"-5.078467","119.493466"
"7371111004013005","7371111004","013","005","JL. MUTIARA BOULEVAR & JL.MUTIARA KIRANA UTAMA",,"-5.075592","119.491245"
"7371111004013006","7371111004","013","006","JL.MUTIARA KIRANA UTAMA",,"-5.076629","119.490580"
"7371111004013007","7371111004","013","007","JL. MUTIARA LESTARI & JL.MUTIARA KIRANA UTAMA",,"-5.077137","119.491352"
"7371111004014001","7371111004","014","001","JL. MUTIARA BOULEVAR & JL. MUTIARA INDAH",,"-5.074299","119.489510"
"7371111004014002","7371111004","014","002","JL. MUTIARA INDAH",,"-5.073788","119.488727"
"7371111004014003","7371111004","014","003","JL. MUTIARA INDAH",,"-5.073342","119.487968"
"7371111005001001","7371111005","001","001",,,".","."
"7371111005001002","7371111005","001","002","JL. UNDERPASS SIMPANG MANDAI & JL. KEMAJUAN & JL. BAHAGIA & JL. IR. SUTAMI","LORONG 1","-5.071897","119.522764"
"7371111005001003","7371111005","001","003","JL. UNDERPASS SIMPANG MANDAI & JL. BAHAGIA & JL. IR. SUTAMI","LORONG 1 & LORONG 2","-5.073286","119.521974"
"7371111005001004","7371111005","001","004","JL. POROS PATTENE & JL. IR. SUTAMI",,"-5.070785","119.516588"
"7371111005002001","7371111005","002","001","JL. DAYA MAROS",,"-5.064952","119.524618"
"7371111005002002","7371111005","002","002","JL. IR SUTAMI",,"-5.067597","119.523575"
"7371111005002003","7371111005","002","003","JL. IR SUTAMI & JL. POROSPATTENE",,"-5.069410","119.522209"
"7371111005002004","7371111005","002","004","JL. POROS PATTENNE",,"-5.070460","119.519291"
"7371111005002005","7371111005","002","005",,,"-5.066570","119.518830"
"7371111005003001","7371111005","003","001","JL. PERINTIS KEMERDEKAAN & JL. IR SUTAMI & JL. PENDIDIKAN",,"-5.070481","119.523617"
"7371111005003002","7371111005","003","002","JL. POROS BANDARA BARU",,"-5.069562","119.528230"
"7371111005003003","7371111005","003","003","JL. ARUNG TEKO",,"-5.071074","119.527238"
"7371111005003004","7371111005","003","004","JL. ARUNG TEKO",,"-5.073244","119.527238"
"7371111005003005","7371111005","003","005","JL. POROS BANTINGMURUNG & JL. POROS BANDARA BARU",,"-5.065709","119.527238"
"7371111005003006","7371111005","003","006","JL. ARUNG TEKO",,"-5.070187","119.527238"
"7371111005003007","7371111005","003","007","JL. ARUNG TEKO",,"-5.072624","119.527238"
"7371111005004001","7371111005","004","001",,,".","."
"7371111005004002","7371111005","004","002","JL. POROS BARRU & MAKASSAR & JL. ARUNG BIRU",,"-5.614765","119.525069"
"7371111005004003","7371111005","004","003",,,"-5.074344","119.526678"
"7371111005004004","7371111005","004","004","JL. BUMI PERAMATA SUDIANG",,"-5.076407","119.526614"
"7371111005004005","7371111005","004","005",,,".","."
"7371111005004006","7371111005","004","006","JL. MANYIKKOAYA",,"-5.078843","119.529587"
"7371111005004007","7371111005","004","007",,,"-5.078069","119.527962"
"7371111005005001","7371111005","005","001",,,".","."
"7371111005005002","7371111005","005","002","JL. PAI & JL. PELITA I",,"-5.073700","119.529534"
"7371111005005003","7371111005","005","003","JL. PELITA I & JL. PELITA 3 & JL. PAI",,"-5.072856","119.531132"
"7371111005006001","7371111005","006","001",,,".","."
"7371111005006002","7371111005","006","002","JL. GOA RIA
 JL. PERINTIS KEMERDEKAAN & JL. BUMI PERMATA SUDIANG",,"-5.076220","119.523161"
"7371111005007001","7371111005","007","001","JL. GOA RIA & JL. PERINTIS KEMERDEKAAN",,"-5.076874","119.523207"
"7371111005007002","7371111005","007","002","JL. GOA RIA",,"-5.079653","119.525187"
"7371111005007004","7371111005","007","004","JL. ATUNG TEKO & JL. ASRAMA H. SUDIANG",,"-5.082476","119.530341"
"7371111005008001","7371111005","008","001","JL. MELATI",,"-5.086184","119.531535"
"7371111005008002","7371111005","008","002","JL. H POROS ASRAMA H",,"-5.087703","119.538185"
"7371111005008003","7371111005","008","003","JL. ATUNG TEKO & JL. ASRAMA H. SUDIANG",,"-5.084344","119.531172"
"7371111005009001","7371111005","009","001","JL. ARUNG TEKO & JL. ASRAMA H. SUDIANG",,"-5.083115","119.531108"
"7371111005009002","7371111005","009","002","JL. ATUNG TEKO & JL. ASRAMA H. SUDIANG",,"-5.084254","119.529825"
"7371111005009003","7371111005","009","003","JL. ATUNG TEKO & JL. ASRAMA H. SUDIANG",,"-5.084074","119.530775"
"7371111005009004","7371111005","009","004",,,".","."
"7371111005009005","7371111005","009","005",,,".","."
"7371111005009006","7371111005","009","006","JL. BAKUNG 1 & JL. ASRAMA H. SUDIANG",,"-5.086122","119.537606"
"7371111005010001","7371111005","010","001","JL. BUMI PERMATA SUDIANG",,"-5.079622","119.528755"
"7371111005010002","7371111005","010","002",,,"-5.078864","119.529411"
"7371111005010003","7371111005","010","003",,,".","."
"7371111005010004","7371111005","010","004",,,"-5.078950","119.526880"
"7371111005010005","7371111005","010","005",,,".","."
"7371111005010006","7371111005","010","006",,,"-5.077473","119.525520"
"7371111005010007","7371111005","010","007",,,"-5.076467","119.524070"
"7371111005010008","7371111005","010","008","JL. BUMI PERMATA SUDIANG",,"-5.079317","119.527497"
"7371111005010009","7371111005","010","009",,,".","."
"7371111005010010","7371111005","010","010",,,".","."
"7371111005010011","7371111005","010","011",,,"-5.081764","119.527412"
"7371111005011001","7371111005","011","001","JL. PD. ASRI III","LORONG A & LORONG 2","-5.087630","119.539668"
"7371111005011002","7371111005","011","002","JL. PD. ASRI III","LORONG 2","-5.085938","119.540870"
"7371111005011003","7371111005","011","003","JL. PD. ASRI III","LORONG B2","-5.085072","119.540867"
"7371111005011004","7371111005","011","004","JL. PD. ASRI III",,"-5.084435","119.540835"
"7371111005012001","7371111005","012","001","JL. RAYA PUTRI PATTENE",,"-5.065357","119.514866"
"7371111005012002","7371111005","012","002","JL. POROS PATTENE & JL. RAYA PUTRI PATTENE",,"-5.064693","119.517853"
"7371111005012003","7371111005","012","003","JL. RAYA PUTRI PATTENE",,"-5.063712","119.516194"
"7371111006001001","7371111006","001","001","JL. DG. RAMANG & JL. PROF. FACHRUDIN","LORONG 9 & GANG I & GANG II & GANG III & GANG IV & GANG V","-5.100588","119.522158"
"7371111006001002","7371111006","001","002","JL DG. RAMANG & JL. PAJJAIANG",,"-5.102625","119.527928"
"7371111006001003","7371111006","001","003","JL. PAJJAIANG",,"-5.104478","119.524610"
"7371111006001004","7371111006","001","004","JL. PAJJAIANG & JL. PAJJAIANG KAMP. GOR & JL. MANNURUKI DAYA",,"-5.109094","119.525908"
"7371111006001005","7371111006","001","005","JL. DG. RAMANG",,"-5.103035","119.524899"
"7371111006001006","7371111006","001","006","JL. PROF. FACHRUDIN",,"-5.102482","119.521396"
"7371111006002001","7371111006","002","001","JL. MANNURUKI",,"-5.115491","119.529448"
"7371111006002002","7371111006","002","002","JL. MANNURUKI & JL MANNURUKI III
 ",,"-5.117938","119.534839"
"7371111006002003","7371111006","002","003","JL. MANNURUKI",,"-5.114732","119.532296"
"7371111006002004","7371111006","002","004","JL. MANNURUKI",,"-5.114396","119.529087"
"7371111006002005","7371111006","002","005","JL. MANNURUKI",,"-5.116518","119.532142"
"7371111006002006","7371111006","002","006","JL. TORPEDO II & JL. LAPIAN",,"-5.119051","119.530930"
"7371111006002007","7371111006","002","007","JL. MANNURUKI",,"-5.113750","119.530522"
"7371111006003001","7371111006","003","001",,,".","."
"7371111006003002","7371111006","003","002","JL.TOYOTA & JL. PAJJAIANG",,"-5.106063","119.521713"
"7371111006003003","7371111006","003","003","JL. PAJJAIANG",,"-5.108029","119.519858"
"7371111006003004","7371111006","003","004",,,".","."
"7371111006003007","7371111006","003","007","JL.TOYOTA & JL. PAJJAIANG",,"-5.105384","119.522320"
"7371111006004001","7371111006","004","001","JL. DARMA UTAMA",,"-5.102565","119.518720"
"7371111006004002","7371111006","004","002",,,".","."
"7371111006004003","7371111006","004","003",,,".","."
"7371111006004004","7371111006","004","004","JL. DWI DARMA",,"-5.103916","119.519175"
"7371111006004005","7371111006","004","005","JL. SANRANGAN",,"-5.103647","119.520033"
"7371111006005001","7371111006","005","001","JL. DARMA UTAMA & SANRANGAN 9 & SANRANGAN 7",,"-5.104364","119.517251"
"7371111006005002","7371111006","005","002","JL. DARMA UTAMA & SANRANGAN",,"-5.104604","119.517917"
"7371111006006001","7371111006","006","001",,,".","."
"7371111006006002","7371111006","006","002","SANRANGAN & SANRANGAN 6",,"-5.107217","119.517177"
"7371111006006003","7371111006","006","003","SANRANGAN & SANRANGAN 6",,"-5.107075","119.517397"
"7371111006007001","7371111006","007","001","JL. RUDAL 7 & JL. RUDAL 9",,"-5.108836","119.523010"
"7371111006007002","7371111006","007","002","JL. RUDAL 8",,"-5.108024","119.522565"
"7371111006007003","7371111006","007","003",,,".","."
"7371111006007004","7371111006","007","004","JL. PAJJAIANG",,"-5.109351","119.520129"
"7371111006008001","7371111006","008","001","JL. POROS HARTACO",,"-5.111487","119.524905"
"7371111006008002","7371111006","008","002","JL. POROS HARTACO",,"-5.110408","119.524349"
"7371111006008003","7371111006","008","003","JL. POROS HARTACO",,"-5.110820","119.523071"
"7371111006008004","7371111006","008","004","JL. POROS HARTACO",,"-5.110137","119.522582"
"7371111006008005","7371111006","008","005","JL. POROS HARTACO",,"-5.111782","119.524331"
"7371111006009001","7371111006","009","001","JL. BUKIT HARTACO",,"-5.115073","119.525730"
"7371111006009002","7371111006","009","002","JL. BUKIT HARTACO",,"-5.114775","119.525314"
"7371111006009003","7371111006","009","003",,,".","."
"7371111006009004","7371111006","009","004","JL. BUKIT HARTACO",,"-5.114323","119.526174"
"7371111006009005","7371111006","009","005","JL. BERUA V",,"-5.113751","119.525399"
"7371111006009006","7371111006","009","006","JL. BUKIT HARTACO & JL. BASOKA III",,"-5.116568","119.527492"
"7371111006009007","7371111006","009","007","JL. POROS HARTACO",,"-5.114712","119.527388"
"7371111006009008","7371111006","009","008",,,".","."
"7371111006009009","7371111006","009","009","JL. POROS HARTACO",,"-5.112095","119.527598"
"7371111006010001","7371111006","010","001","JL. BASOKA III & JL. BASOKA RAYA",,"-5.116947","119.528909"
"7371111006010002","7371111006","010","002","JL. BASOKA RAYA",,"-5.117648","119.528868"
"7371111006010003","7371111006","010","003","JL. BASOKA RAYA & JL. RUDAL 2 & ….. & …..",,"-5.117781","119.529190"
"7371111006010004","7371111006","010","004","JL. TERPEDO RAYA RAYA & JL. RUDAL 2 & JL. RUDAL 3 & JL. RUDAL 4",,"-5.118286","119.529797"
"7371111006010005","7371111006","010","005","JL. TERPEDO RAYA RAYA & JL. RUDAL 2 & JL. RUDAL 4",,"-5.119440","119.529709"
"7371111006011001","7371111006","011","001","JL. MANNURUKI & JL. SARANA INDAH",,"-5.115012","119.534801"
"7371111006011002","7371111006","011","002","JL. MANNURUKI & JL. SARANA INDAH",,"-5.112853","119.535233"
"7371111006011003","7371111006","011","003","JL. MANNURUKI & JL. SARANA INDAH",,"-5.113943","119.535555"
"7371111007001001","7371111007","001","001","JL SALODONG & JL. KP. NELAYANG",,"-5.068334","119.473442"
"7371111007001002","7371111007","001","002","JL SALODONG & JL. KP. NELAYANG",,"-5.069139","119.473744"
"7371111007001003","7371111007","001","003","JL SALODONG & JL. JOLLORO & JL. LEPA & LEPA",,"-5.068118","119.472953"
"7371111007001004","7371111007","001","004","JL SALODONG",,"-5.069400","119.472808"
"7371111007002001","7371111007","002","001","JL. JOLLORO & JL. LEPA & LEPA",,"-5.067834","119.472331"
"7371111007003001","7371111007","003","001","JL SALODONG",,"-5.071890","119.474139"
"7371111007003002","7371111007","003","002","JL SALODONG",,"-5.067511","119.476479"
"7371111007004001","7371111007","004","001","JL SALODONG",,"-5.073546","119.484296"
"7371111007004002","7371111007","004","002","JL SALODONG",,"-5.075249","119.483121"
"7371111007005001","7371111007","005","001","JL SALODONG",,"-5.069065","119.472240"
"7371111007005002","7371111007","005","002",,,".","."
"7371111007005003","7371111007","005","003","JL SALODONG",,"-5.068338","119.471167"
"7371111007005004","7371111007","005","004","JL SALODONG",,"-5.067643","119.471306"
"7371111008001001","7371111008","001","001","JL. MAMUJU RAYA & JL. MAMUJU I & JL. MAMUJU II & JL. PAJJAIANG KOMP. GOR","LORONG 2","-5.105000","119.531953"
"7371111008001002","7371111008","001","002",,,".","."
"7371111008001003","7371111008","001","003","JL. MAMUJU RAYA & JL. MAMUJU V & JL. POROS PERUMNAS SUDIANG & JL. LUWU RAYA",,"-5.107163","119.533003"
"7371111008001004","7371111008","001","004","JL. MAKASSAR I & JL. MAKASSAR IV & JL. MAKASSAR V & JL. POROS PERUMNAS SUDIANG",,"-5.102440","119.531666"
"7371111008002001","7371111008","002","001","JL. LUWU RAYA & JL. TATOR RAYA & JL. TATOR VIII & JL. SIDRAP IV",,"-5.107793","119.533326"
"7371111008002002","7371111008","002","002",,,".","."
"7371111008002003","7371111008","002","003",,,".","."
"7371111008002004","7371111008","002","004","JL. TATOR RAYA & JL. SIDRAP RAYA & JL. SIDRAP & JL. SIDRAPII & JL. SIDRAP III",,"-5.108057","119.534534"
"7371121001006005","7371121001","006","005","JL.KAJENJENG DALAM",,"-5.169625","119.494659"
"7371111008003001","7371111008","003","001","JL. LUWU & JL. SIDRAP RAYA & JL. POROS PERUMNAS SUDIANG & JL. ENREKANG",,"-5.106817","119.534961"
"7371111008003002","7371111008","003","002","JL. POROS PERUMNAS SUDIANG & JL. SOPPENG RAYA & JL SOPPENG I & JL SOPPENG II & JL SOPPENG IV & JL SOPPENG VII & JL. BONE & JL. SIDRAP RAYA",,"-5.107897","119.536464"
"7371111008003003","7371111008","003","003","JL. SOPPENG RAYA & JL. SENGKANG RAYA","BLOK I & BLOK H","-5.109143","119.536133"
"7371111008004001","7371111008","004","001","JL. MAJENE RAYA & JL. MAJENE 1 & 9 & JL POROS PERUMNAS SUDIANG",,"-5.107904","119.538479"
"7371111008004002","7371111008","004","002","JL. BULUKUMBA RAYA",,"-5.109091","119.539133"
"7371111008004003","7371111008","004","003","JL. PERUMNAS SUDIANG RAYA & JL. SENGAKANG RAYA & JL. BONE RAYA & JL. GOWA RAYA",,"-5.109244","119.537695"
"7371111008004004","7371111008","004","004","JL. SENGAKANG RAYA & JL. BONE RAYA & JL. GOWA RAYA",,"-5.109917","119.537449"
"7371111008005001","7371111008","005","001","JL. SELAYAR RAYA & JL. SELAYAR 1 & 14",,"-5.111457","119.541516"
"7371111008005002","7371111008","005","002","JL. SELAYAR RAYA & JL. BULUKUMBA RAYA & JL. BULUKUMBA VII & JL. SELAYAR I",,"-5.111284","119.540346"
"7371111008005003","7371111008","005","003","JL. BULUKUMBA RAYA & JL. JENEPONTO RAYA & JL. JENEPONTO VIII",,"-5.111262","119.539331"
"7371111008005004","7371111008","005","004","JL.BULUKUMBA RAYA & JL. JENEPONTO RAYA & JL. BONE RAYA & JL. TAKALAR",,"-5.110376","119.538446"
"7371111008006001","7371111008","006","001","JL. POROS PERUMNAS SUDIANG & JL. LAIKANG 2 & JL. MAROS 1 & 7",,"-5.101156","119.532864"
"7371111008006002","7371111008","006","002","JL. POROS PERUMNAS SUDIANG & JL. PANGKEP RAYA & JL. PANGKEP 1 & 6",,"-5.103657","119.534453"
"7371111008006003","7371111008","006","003","JL. POLMAS RAYA & JL. POLMAS 1 & 3",,"-5.105975","119.537432"
"7371111008006004","7371111008","006","004",,,".","."
"7371111008006005","7371111008","006","005","JL. POLMAS RAYA & JL. POROS PERUMNAS SUDIANG & JL. MAJENE RAYA & JL PARE & PARE RAYA",,"-5.106848","119.537225"
"7371111008006006","7371111008","006","006","JL. POROS PERUMNAS SUDIANG & JL. BARRU RAYA & JL. PANGKEP RAYA & JL. BARRU 1 & 6 & JL. PINRANG RAYA",,"-5.104728","119.535233"
"7371111008006007","7371111008","006","007",,,".","."
"7371111008006008","7371111008","006","008","JL. PORORS PERUMNAS SUDIANG & JL. MAROS RAYA & JL. MAROS 7 & 11",,"-5.102551","119.533291"
"7371111008007001","7371111008","007","001","JL. PABONGKAYYA & JL. PABONGKAYYA 1 & JL. PAJJAIANG",,"-5.099830","119.535107"
"7371111008007002","7371111008","007","002","JL PAJJAIANG & JL. LAIKANG 2",,"-5.100082","119.534145"
"7371111008007003","7371111008","007","003","JL PAJJAIANG & JL. PAJJAIANG KOMP. GOR & JL. MAKASSAR 1",,"-5.102635","119.530128"
"7371111008007004","7371111008","007","004","JL. PABONGKAYYA",,"-5.106426","119.540286"
"7371111008007005","7371111008","007","005","JL. PABONGKAYYA",,"-5.103549","119.536446"
"7371111008008001","7371111008","008","001","JL. GOA RIA",,"-5.092569","119.529205"
"7371111008008002","7371111008","008","002","JL. GOA RIA",,"-5.097062","119.533287"
"7371111008008003","7371111008","008","003","JL. PAJJAIANG",,"-5.099319","119.533488"
"7371111008008004","7371111008","008","004","JL. GOA RIA",,"-5.093447","119.527783"
"7371111008008005","7371111008","008","005","JL. GOA RIA",,"-5.094631","119.528785"
"7371111008008006","7371111008","008","006","JL. GOA RIA",,"-5.095204","119.531364"
"7371111008009001","7371111008","009","001","JL. GOA RIA",,"-5.088303","119.527915"
"7371111008009002","7371111008","009","002","JL. GOA RIA",,"-5.088584","119.527035"
"7371111008009003","7371111008","009","003","JL. GOA RIA",,"-5.089136","119.526849"
"7371111008009004","7371111008","009","004","JL. GOA RIA",,"-5.089543","119.527824"
"7371111008010001","7371111008","010","001","JL. TAMAN SUDIANG INDAH",,"-5.090520","119.525755"
"7371111008010002","7371111008","010","002","JL. TAMAN SUDIANG INDAH",,"-5.090737","119.526504"
"7371111008010003","7371111008","010","003","JL. TAMAN SUDIANG INDAH",,"-5.092472","119.526469"
"7371111008010005","7371111008","010","005","JL. TAMAN SUDIANG INDAH",,"-5.093088","119.523857"
"7371111008O11001","7371111008","O11","001","JL. BUMI PERMATA SUDIANG 2",,"-5.097101","119.531641"
"7371111008O11002","7371111008","O11","002",,,".","."
"7371111008O11003","7371111008","O11","003",,,".","."
"7371111008O11004","7371111008","O11","004","JL. GOA RIA",,"-5.098148","119.531938"
"7371111008O11005","7371111008","O11","005","JL. BUMI PERMATA SUDIANG 2",,"-5.098479","119.531487"
"7371111008012001","7371111008","012","001","JL. BUMI PERMATA SUDIANG 2",,"-5.097060","119.529601"
"7371111008012002","7371111008","012","002","JL. PERMATA SUDIANG RAYA",,"-5.096331","119.529583"
"7371111008012003","7371111008","012","003","JL. PERMATA SUDIANG RAYA",,"-5.095989","119.528743"
"7371111008012004","7371111008","012","004","JL. PERMATA SUDIANG RAYA",,"-5.097031","119.527002"
"7371111008012005","7371111008","012","005",,,".","."
"7371111008012006","7371111008","012","006","JL. PERMATA SUDIANG RAYA",,"-5.095448","119.525106"
"7371111008012007","7371111008","012","007","JL. PERMATA SUDIANG RAYA",,"-5.096346","119.524725"
"7371111008012008","7371111008","012","008","JL. PERMATA SUDIANG RAYA",,"-5.098473","119.524816"
"7371111008012009","7371111008","012","009",,,".","."
"7371111008012010","7371111008","012","010","JL. PERMATA SUDIANG RAYA",,"-5.098115","119.523829"
"7371111008012011","7371111008","012","011","JL. PERMATA SUDIANG RAYA",,"-5.096699","119.525959"
"7371111008013001","7371111008","013","001","JL. PERMATA SUDIANG RAYA & JL. DG RAMANG",,"-5.098211","119.522483"
"7371111008013002","7371111008","013","002","JL. BUMI SUDIANG RAYA",,"-5.099768","119.528761"
"7371111008013003","7371111008","013","003","JL. BUMI SUDIANG RAYA",,"-5.100740","119.527981"
"7371111008013004","7371111008","013","004",,,".","."
"7371111008013005","7371111008","013","005","JL. BUMI SUDIANG RAYA",,"-5.101178","119.528678"
"7371111009001001","7371111009","001","001","JL TELKOMAS & JL RADIO RAYA & JL RADIO II & JL SATELIT I",,"-5.127449","119.510619"
"7371111009001002","7371111009","001","002","JL TELKOMAS & JL RADIO RAYA & JL RADIO II & JL SATELIT I",,"-5.128457","119.510252"
"7371111009001003","7371111009","001","003","JL PALAPA IV & JL PALAPA RAYA",,"-5.130563","119.509072"
"7371111009001004","7371111009","001","004","JL SATELIT II & JL TELKOMAS",,"-5.129703","119.510472"
"7371111009001005","7371111009","001","005","JL PALAPA RAYA",,"-5.130528","119.509969"
"7371111009001006","7371111009","001","006","JL STO RAYA & JL PALAPA VII & JL PALAPA RAYA & JL PALAPA V",,"-5.131605","119.509436"
"7371111009001007","7371111009","001","007","JL S.T.O III & JL STO RAYA",,"-5.131998","119.508431"
"7371111009001008","7371111009","001","008","JL S.T.O III",,"-5.132960","119.508216"
"7371111009002001","7371111009","002","001","JL REGENCY BAR & JL SATELIT VII",,"-5.131393","119.511335"
"7371111009002002","7371111009","002","002","JL PALAPA RAYA",,"-5.131594","119.510624"
"7371111009002003","7371111009","002","003","JL TELEPON UTARA & JL TELEPON II & JL TELEPON IV & JL TELEPON I",,"-5.132186","119.512669"
"7371111009002004","7371111009","002","004",,,".","."
"7371111009008002","7371111009","008","002","JL KUMALA SARI I","BLOK AC","-5.107987","119.517077"
"7371111009002005","7371111009","002","005","JL TELEPON UTARA & JL TELKOM I & JL TELKOM II
 JL TELEGRAP UTAMA",,"-5.132471","119.509978"
"7371111009002006","7371111009","002","006","JL PALAPA IX",,"-5.133118","119.510238"
"7371111009003001","7371111009","003","001","JL TELKOM I & JL TELEGRAP UTAMA",,"-5.130112","119.512251"
"7371111009003002","7371111009","003","002",,,".","."
"7371111009003003","7371111009","003","003","JL TELEGRAP UTAMA & JL TELEGRAP III & JL TELEGRAP I",,"-5.129597","119.514993"
"7371111009003004","7371111009","003","004","JL TELEGRAP III",,"-5.130078","119.515677"
"7371111009003005","7371111009","003","005","JL TELKOM I & JL TELEPON UTAMA & JL TELKOM II & JL TELEGRAP UTAMA",,"-5.131834","119.514160"
"7371111009003006","7371111009","003","006","JL TELKOM II & JL TELKOM VIII & JL TELKOM V",,"-5.132825","119.515263"
"7371111009003007","7371111009","003","007","JL TELEGRAP III
 JL TELEGRAP UTAMA & JL TELEGRAP IV",,"-5.130543","119.515174"
"7371111009003008","7371111009","003","008","JL TELEGRAP III & JL KEBERSAMAAN 13","BLOK AC","-5.129774","119.516811"
"7371121001007001","7371121001","007","001",,,".","."
"7371111009003009","7371111009","003","009","JL KEBERSAMAAN 13 & JL TELKOM VI",,"-5.132170","119.516860"
"7371111009003010","7371111009","003","010",,,"-5.126866","119.516988"
"7371111009003011","7371111009","003","011","JL TELEGRAP UTAMA & JL TELEGRAP I",,"-5.127626","119.515990"
"7371111009004001","7371111009","004","001","JL SATRIA KASIH","LORONG II & LORONG PEMUDA","-5.121863","119.510188"
"7371111009004002","7371111009","004","002","JL SATRIA KASIH & JL TELEGRAP UTAMA","LORONG V","-5.126654","119.512625"
"7371111009004003","7371111009","004","003",,"LORONG V","-5.123265","119.515805"
"7371111009004004","7371111009","004","004","JL SATRIA KASIH",,"-5.125556","119.509498"
"7371111009004005","7371111009","004","005","JL TELKOMAS",,"-5.124014","119.508466"
"7371111009004006","7371111009","004","006",,,"-5.120282","119.511114"
"7371111009005001","7371111009","005","001","JL BERUA RAYA & JL BERUA 1 & JL KOMP.KNPI",,"-5.115131","119.522742"
"7371111009005002","7371111009","005","002","JL BERUA 1",,"-5.113305","119.521578"
"7371111009005003","7371111009","005","003","JL BERUA RAYA & JL KOMP.KNPI",,"-5.114002","119.523789"
"7371111009005004","7371111009","005","004","JL BERUA RAYA",,"-5.116778","119.525923"
"7371111009006001","7371111009","006","001","JL PACCERAKKANG",,"-5.114470","119.516824"
"7371111009006002","7371111009","006","002","JL BERUA RAYA & JL PACCERAKKANG",,"-5.114517","119.519317"
"7371111009006003","7371111009","006","003",,,"-5.118680","119.512953"
"7371111009006004","7371111009","006","004","JL PACCERAKKANG",,"-5.112804","119.515631"
"7371111009006005","7371111009","006","005",,,"-5.117310","119.516639"
"7371111009006006","7371111009","006","006",,,"-5.120056","119.518671"
"7371111009006007","7371111009","006","007",,,"-5.116997","119.517411"
"7371111009006008","7371111009","006","008","JL BERUA RAYA & JL PACCERAKKANG","LORONG BERUA 3","-5.117901","119.521523"
"7371111009006009","7371111009","006","009","JL PACCERAKKANG","LORONG RAMBUTAN","-5.116665","119.521469"
"7371111009006010","7371111009","006","010","JL BERUA RAYA","LORONG BERUA 3","-5.117655","119.524230"
"7371111009006011","7371111009","006","011",,,"-5.111863","119.520325"
"7371111009007001","7371111009","007","001",,"LORONG 7","-5.110409","119.520000"
"7371111009007002","7371111009","007","002",,"LORONG 7","-5.109769","119.518718"
"7371111009007003","7371111009","007","003",,,"-5.111407","119.517263"
"7371111009008001","7371111009","008","001","JL KUMALA SARI I","LORONG 2 & BLOK AC","-5.109338","119.516868"
"7371111010001001","7371111010","001","001","JL. NUSA HARAPAN PERMAI & JL. BUNTUSU",,"-5.143794","119.517803"
"7371111010001002","7371111010","001","002","JL. NUSA HARAPAN PERMAI & JL. BUNTUSU",,"-5.142653","119.517906"
"7371111010001003","7371111010","001","003",,,"-5.142607","119.519176"
"7371111010002001","7371111010","002","001","JL. NUSA HARAPAN PERMAI",,"-5.144478","119.518500"
"7371111010002002","7371111010","002","002",,,"-5.145186","119.515868"
"7371111010002003","7371111010","002","003","JL. NUSA HARAPAN PERMAI",,"-5.146387","119.519130"
"7371111010002004","7371111010","002","004","JL. NUSA HARAPAN PERMAI",,"-5.147962","119.519190"
"7371111010002005","7371111010","002","005","JL. NUSA HARAPAN PERMAI",,".","."
"7371111010003001","7371111010","003","001","POLITEKNIK PINTU I",,"-5.143350","119.521578"
"7371111010003002","7371111010","003","002","JL. NUSA HARAPAN PERMAI & JL. TAMALANREA RAYA",,"-5.140605","119.519888"
"7371111010003003","7371111010","003","003","JL. POLTEKNIK PINTU I & JL. TAMALANREA RAYA",,"-5.140876","119.521476"
"7371111010004001","7371111010","004","001","JL. KEBERKAHAN I & JL. KEBERKAHAN UTAMA & JL. PACCERAKKANG & JL. BUKATAMA RAYA",,"-5.129574","119.523570"
"7371111010004002","7371111010","004","002","JL. KEBERKAHAN RAYA & KEBERKAHAN UTAMA",,"-5.130021","119.518828"
"7371111010004003","7371111010","004","003","JL. KEBERKAHAN",,"-5.128454","119.523333"
"7371111010004004","7371111010","004","004","JL. KEBERKAHAN BARAT",,"-5.123997","119.519719"
"7371111010005001","7371111010","005","001","JL. KOTIPA RAYA & JL. PACCERAKKANG",,"-5.133793","119.523023"
"7371111010005002","7371111010","005","002","JL. AKASIA 1",,"-5.136031","119.522728"
"7371111010005003","7371111010","005","003","JL. TAMALANREA RAYA & JL. KATIMBANG & JL. PACCERAKKANG",,"-5.127851","119.520009"
"7371111010005004","7371111010","005","004","JL. KATIMBANG & JL. TAMALANREA RATYA",,"-5.126318","119.518142"
"7371111010005005","7371111010","005","005","JL. KESATUAN 25 & JL. KEBERKAHAN I & JL. KESATUAN 31",,"-5.130507","119.519869"
"7371111010005006","7371111010","005","006","JL.PRANGKO RAYA & JL. PRANGKO 1 & JL. CENDANA IX & JL. MARYAM BINTI IMRAN 2",,"-5.135508","119.523901"
"7371111010005007","7371111010","005","007","JL. MARYAM BINTI IMRAN 2 & JL. TAMALANREA RAYA",,"-5.135695","119.524432"
"7371111010005008","7371111010","005","008","JL. KEBERSAMAAN TIMUR & JL. KESATUAN 19","LORONG KARUNIA","-5.134472","119.520049"
"7371111010006001","7371111010","006","001","JL. KOTIPA RAYA & JL. KOTIPA XI",,"-5.132698","-11.528214"
"7371111010006002","7371111010","006","002","JL. KOTIPA RAYA & JL. KOTIPA XI",,"-5.131998","119.527658"
"7371111010006003","7371111010","006","003","JL. KOTIPA RAYA
 ' & JL. KOTIPA RAYA XVI & JL. CENDANA XI
 JL. PACCERAKKANG",,"-5.133442","119.527165"
"7371111010006004","7371111010","006","004","JL. PACCERAKKANG & JL. KOTIPA VI & JL. KOTIPA RAYA",,"-5.130895","119.525105"
"7371111010007001","7371111010","007","001","JL. POROS MONCONGLOE
 ' & JL. TAMALANREA RAYA & JL. CENDANA I & JL. JATI 4",,"-5.139928","119.524946"
"7371111010007002","7371111010","007","002","JL. CENDANA I & JL. JATI 4 & JL. TAMALANREA RAYA & JL. CENDANA 9",,"-5.138653","119.525532"
"7371111010007003","7371111010","007","003","JL. AKASIA 1 & JL. AKASIA 4 & JL. TAMALANREA RAYA",,"-5.137692","119.524818"
"7371111010007004","7371111010","007","004","JL. CENDANA 9 & JL. MAHONI III & JL. TAMALANREA RAYA",,"-5.136504","119.526281"
"7371111011001001","7371111011","001","001","JL. GOA RIA & JL. ASRAMA H. SUDIANG",,"-5.084658","119.528270"
"7371111011001002","7371111011","001","002",,,".","."
"7371111011001003","7371111011","001","003","JL. PD. ASRI 1",,"-5.088228","119.530544"
"7371111011001004","7371111011","001","004","JL. PD. ASRI 1",,"-5.086687","119.530418"
"7371111011001005","7371111011","001","005","JL. PD. ASRI 1 & JL. BAKUNG 3
",,"-5.088450","119.531832"
"7371111011001006","7371111011","001","006",,,".","."
"7371111011001007","7371111011","001","007","JL. GOA RIA",,"-5.086107","119.528377"
"7371111011002001","7371111011","002","001","JL. GOA RIA & JL. BTN PEPABRI",,"-5.090987","119.529491"
"7371111011002002","7371111011","002","002","JL. BTN PEPABRI",,"-5.091856","119.532024"
"7371111011004001","7371111011","004","001","JL. PORROS ASRAMA H.",,"-5.092226","119.537541"
"7371111011004002","7371111011","004","002","JL. POROS ASRAMA H.",,"-5.091799","119.537692"
"7371111011004003","7371111011","004","003","JL. BTN PEPABRI",,"-5.091210","119.535339"
"7371121001007002","7371121001","007","002","JL.MANGGALA DALAM VI",,"-5.169327","119.499152"
"7371121001007003","7371121001","007","003",,,".","."
"7371111011005001","7371111011","005","001","JL. PABONGKAYYA & JL. POROS ASRAMA H.",,"-5.098891","119.535782"
"7371111011005002","7371111011","005","002","JL. BTN PEPABRI","LORONG REWATA II","-5.092971","119.535536"
"7371111011005003","7371111011","005","003","JL. POROS ASRAMA H.",,"-5.096188","119.535735"
"7371111011005004","7371111011","005","004","JL. PABONGKAYYA",,"-5.103348","119.539501"
"7371111011005005","7371111011","005","005","JL. GOA RIA",,"-5.095357","119.532991"
"7371111011005006","7371111011","005","006","JL. POROS ASRAMA H.","LORONG REWATA I","-5.093763","119.537230"
"7371111011005007","7371111011","005","007","JL. GOA RIA",,"-5.095927","119.533486"
"7371111011005008","7371111011","005","008","JL. GOA RIA & JL. BUKIT KATULISTIWA II",,"-5.094079","119.532776"
"7371111011006001","7371111011","006","001","JL. POROS ASRAMA H.",,"-5.089963","119.537406"
"7371111011006002","7371111011","006","002","JL. POROS ASRAMA H.",,"-5.088843","119.536393"
"7371111011006003","7371111011","006","003","JL. POROS ASRAMA H.",,"-5.089355","119.538327"
"7371111011006004","7371111011","006","004",,,".","."
"7371111011006005","7371111011","006","005","JL. POROS ASRAMA H.",,"-5.088166","119.538873"
"7371111011007001","7371111011","007","001","JL. GOA RIA",,"-5.088636","119.528678"
"7371111011007002","7371111011","007","002","JL. GOA RIA",,"-5.089619","119.530139"
"7371111011007003","7371111011","007","003","JL. BAKUNG III & JL. PD ASRI I",,"-5.089772","119.532401"
"7371111011008001","7371111011","008","001","JL. GOA RIA & JL. BTN PEPABRI","LORONG 2","-5.092051","119.529781"
"7371111011008002","7371111011","008","002","JL. GOA RIA & JL. BTN PEPABRI","LORONG 1 & LORONG 2","-5.092660","119.530215"
"7371111011008003","7371111011","008","003","JL. GOA RIA & JL. BTN PEPABRI","LORONG 1","-5.092628","119.531082"
"7371111011009001","7371111011","009","001","JL. BAKUNG III & JL.ASOKA & JL. MELATI & JL. ANGGREK & JL. MAWAR & JL. ASRAMA HAJI SUDIANG",,"-5.085894","119.532507"
"7371111011009002","7371111011","009","002","JL. APEL & JL. NANGKA & JL. ASRAMA HAJI SUDIANG",,"-5.085114","119.530774"
"7371111011009003","7371111011","009","003","JL. ASOKA & JL. MELATI & JL. PD. ASRI II & JL. ASRAMA HAJI SUDIANG",,"-5.086108","119.530500"
"7371111011010001","7371111011","010","001","JL. ASRAMA HAJI SUDIANG",,"-5.086901","119.537272"
"7371111011010002","7371111011","010","002","JL. BAKUNG III & JL. ASRAMA HAJI SUDIANG",,"-5.086357","119.534363"
"7371111011010003","7371111011","010","003","JL. BAKUNG III","LORONG 3","-5.088067","119.533618"
"7371121001001001","7371121001","001","001","JL.PERUMNAS RAYA 40 & 27",,"-5.167738","119.485142"
"7371121001001002","7371121001","001","002","JL.BIRING ROMANG DALAM IV",,"-5.169334","119.485257"
"7371121001001003","7371121001","001","003",,,".","."
"7371121001001004","7371121001","001","004","JL.BIRING ROMANG DALAM 30 & 10",,"-5.169694","119.485697"
"7371121001002001","7371121001","002","001","JL.PARINRING I",,"-5.168341","119.488543"
"7371121001002002","7371121001","002","002",,,".","."
"7371121001002003","7371121001","002","003",,,".","."
"7371121001002004","7371121001","002","004",,,".","."
"7371121001002005","7371121001","002","005","JL.PERUMNAS RAYA",,"-5.168536","119.487752"
"7371121001003001","7371121001","003","001","JL.NIPA & NIPA II",,"-5.166909","119.494215"
"7371121001003002","7371121001","003","002","JL.PERUMNAS RAYA NO.97",,"-5.166280","119.492485"
"7371121001003003","7371121001","003","003",,,".","."
"7371121001003004","7371121001","003","004","JL.NIPA & NIPA III",,"-5.166775","119.494812"
"7371121001003005","7371121001","003","005","JL.AMD",,"-5.165339","119.495266"
"7371121001004001","7371121001","004","001",,,".","."
"7371121001004002","7371121001","004","002",,,".","."
"7371121001004003","7371121001","004","003",,,".","."
"7371121001004004","7371121001","004","004",,,".","."
"7371121001004005","7371121001","004","005","JL.LASULORO RAYA",,"-5.169215","119.489287"
"7371121001004006","7371121001","004","006","JL.LASULORO I",,"-5.169366","119.490104"
"7371121001005001","7371121001","005","001",,,".","."
"7371121001005002","7371121001","005","002","JL.BIRTA",,"-5.167587","119.499136"
"7371121001005003","7371121001","005","003",,,".","."
"7371121001005004","7371121001","005","004",,,".","."
"7371121001007005","7371121001","007","005","JL.MANGGALA RAYA",,"-5.169976","119.498132"
"7371121001007006","7371121001","007","006","JL.MANGGALA RAYA",,"-5.168512","119.498467"
"7371121001008001","7371121001","008","001","JL.BANGKALA DALAM VII",,"-5.168825","119.501056"
"7371121001008002","7371121001","008","002",,,".","."
"7371121001008003","7371121001","008","003","JL.BANGKALA DALAM II",,"-5.168306","119.500308"
"7371121001008004","7371121001","008","004","JL.UJUNG BORI RAYA",,"-5.170136","119.500874"
"7371121001008005","7371121001","008","005","JL.MANGGALA DALAM 11",,"-5.170639","119.499380"
"7371121001008006","7371121001","008","006","JL.UJUNG BORI DALAM I",,"-5.169625","119.500842"
"7371121001009001","7371121001","009","001","JL.MARZUKI DG NOMPO",,"-5.161269","119.500402"
"7371121001009002","7371121001","009","002","JL.NIPA & NIPA",,"-5.162978","119.498334"
"7371121001009003","7371121001","009","003","JL.INSPEKSI PAM TIMUR",,"-5.163862","119.509044"
"7371121001009004","7371121001","009","004","JL.INSPEKSI PAM & JL.DAENG SAPU",,"-5.159434","119.498880"
"7371121001009005","7371121001","009","005","JL.AMD",,"-5.164676","119.497118"
"7371121001009006","7371121001","009","006","JL.NIPA & NIPA 106",,"-5.162936","119.502409"
"7371121001009007","7371121001","009","007","JL.NIPA & NIPA DALAM",,"-5.163868","119.504580"
"7371121001009008","7371121001","009","008","JL.PRAJA RAYA","BLOK A5 & BLOK A6 & BLOK A7 & BLOK A8 BLOK C1 & C13","-5.165804","119.510849"
"7371121001010001","7371121001","010","001","JL.BITOWA RAYA 134 & 137",,"-5.167198","119.491001"
"7371121001010002","7371121001","010","002",,,".","."
"7371121001010003","7371121001","010","003","JL.BITOWA I RAYA",,"-5.167497","119.491566"
"7371121001011001","7371121001","011","001","JL.KECAPING RAYA",,"-5.172593","119.505519"
"7371121001011002","7371121001","011","002","JL.SULING RAYA",,"-5.172295","119.508478"
"7371121001011003","7371121001","011","003",,,".","."
"7371121001011004","7371121001","011","004","JL.BIOLA 13",,"-5.170748","119.509774"
"7371121001011005","7371121001","011","005","JL.BIOLA 20",,"-5.173199","119.510666"
"7371121001011006","7371121001","011","006","JL.BIOLA 29 & JL.BIOLA 30",,"-5.170946","119.511509"
"7371121001012001","7371121001","012","001","JL.PRAJA RAYA",,"-5.164434","119.506505"
"7371121001012002","7371121001","012","002","JL.KOMP PEMDA","BLOK C4","-5.166841","119.506793"
"7371121001012003","7371121001","012","003","JL.TENGAH KOMPLEKS PEMDA",,"-5.167856","119.507067"
"7371121001012004","7371121001","012","004","JL.PERUMAHAGAN PEMDA MANGGALA",,"-5.168160","119.506125"
"7371121002001001","7371121002","001","001","JL.INSPEKSI KANAL TAMANGAPA RAYA & JL.KESEHATAN",,"-5.178454","119.475294"
"7371121002001002","7371121002","001","002","JL.TAMANGAPA RAYA 3",,"-5.173531","119.475404"
"7371121002001003","7371121002","001","003","JL.TAMANGAPA RAYA 3",,"-5.172646","119.474802"
"7371121002001004","7371121002","001","004","JL.TAMANGAPA RAYA 3 & JL.INSPEKSI KANAL TAMANGAPA UTARA",,"-5.177918","119.471795"
"7371121002001005","7371121002","001","005","JL.TAMANGAPA RAYA 3 & JL.ANTAN NUSA IDAMAN",,"-5.174526","119.477627"
"7371121002002001","7371121002","002","001","JL.TAMANGAPA RAYA & JL.ANTANG RAYA",,"-5.173547","119.480005"
"7371121002002002","7371121002","002","002","JL.ANTANG RAYA",,"-5.174231","119.480301"
"7371121002002003","7371121002","002","003","JL.TAMANGAPA RAYA",,"-5.175520","119.480813"
"7371121002002004","7371121002","002","004","JL.TAMANGAPA RAYA & JL.ANTANG RAYA",,"-5.175226","119.480302"
"7371121002002005","7371121002","002","005","JL.TAMANGAPA RAYA 3",,"-5.175274","119.478803"
"7371121002003001","7371121002","003","001",,,".","."
"7371121002003002","7371121002","003","002","JL.TAMANGAPA RAYA NO.124",,"-5.176255","119.481720"
"7371121002003003","7371121002","003","003",,,".","."
"7371121002003004","7371121002","003","004","JL.TAMNAGAPA RAYA",,"-5.176904","119.482997"
"7371121002004001","7371121002","004","001","JL.TAMANGAPA RAYA",,"-5.177067","119.484006"
"7371121002004002","7371121002","004","002","JL.TAMNAGAPA RAYA",,"-5.178333","151.178333"
"7371121002004003","7371121002","004","003","JL.BTN RANGGOONG PERMAI",,"-5.179512","119.482076"
"7371121002004004","7371121002","004","004","JL.BTN RANGGOONG PERMAI",,"-5.179770","119.483906"
"7371121002004005","7371121002","004","005","JL.BTN RANGGO0NG PERMAI",,"-5.178906","119.483316"
"7371121002004006","7371121002","004","006","JL.TAMANGAPA RAYA",,"-5.178339","119.482450"
"7371121002004007","7371121002","004","007","JL.BTN GRIYA RANGGON SAKINAH",,"-5.180572","119.483228"
"7371121002004008","7371121002","004","008","JL.ANTANG RAYA",,"-5.177946","119.486274"
"7371121002005001","7371121002","005","001","JL.BTN MAKKIO BAJI",,"-5.171629","119.478870"
"7371121002005002","7371121002","005","002",,,".","."
"7371121002005003","7371121002","005","003","JL.BTN MAKKIO BAJI BLOK D4 NO.12",,"-5.171044","119.476477"
"7371121002005004","7371121002","005","004","JL.BTN MAKKIO BAJI",,"-5.170801","119.476818"
"7371121002005005","7371121002","005","005",,,".","."
"7371121002005006","7371121002","005","006","JL.TAMANGAPA RAYA II & JL.MAKKIO BAJI N0.1",,"-5.169962","119.477212"
"7371121002005007","7371121002","005","007","JL.MAKKIO BAJI BLOK D3 B4",,"-5.171271","119.477225"
"7371121002005008","7371121002","005","008","JL.TAMANGAPA RAYA II",,"-5.170839","119.478459"
"7371121002006001","7371121002","006","001","JL.WADUK TUNGGU PAMPANG",,"-5.516900","119.473769"
"7371121002006002","7371121002","006","002","JL.MUHAJIRIN RAYA & JL.MUHAJIRIN RAYA 1 & JL.MUHAJIRIN RAYA 3",,"-5.170071","119.473520"
"7371121002006003","7371121002","006","003","JL.MUHAJIRIN RAYA IV & JL.MUHAJIRIN RAYA 7",,"-5.170528","119.472984"
"7371121002006004","7371121002","006","004","JL.WADUK TUNGGU PAMPANG",,"-5.168837","119.472651"
"7371121002006005","7371121002","006","005","JL.WADUK TUNGGU PAMPANG",,"-5.168729","119.472901"
"7371121002007001","7371121002","007","001","JL.TAMNGAPA RAYA 3",,"-5.172911","119.471941"
"7371121002007002","7371121002","007","002","JL.WADUK TUNGGU PAMPANG",,"-5.169857","119.471599"
"7371121002007003","7371121002","007","003","JL.TAMNAGAPA RAYA 3",,"-5.173014","119.471922"
"7371121002007004","7371121002","007","004","JL.TAMNGAPA RAYA 3 & JL.WADUK TUNGGU PAMPANG",,"-5.173354","119.470083"
"7371121002007005","7371121002","007","005","JL.GRAHA LESTAR & JL.INSPEKSI WADUK",,"-5.175197","119.467646"
"7371121002007006","7371121002","007","006","JL.TUN ABDUL RAZAK & JL.INSPEKSI KANAL II",,"-5.173472","119.465312"
"7371121002008001","7371121002","008","001","JL.TAMNGAPA RAYA",,"-5.174600","119.469585"
"7371121002008002","7371121002","008","002","JL.TAMNGAPA RAYA",,"-5.175471","119.470129"
"7371121002008003","7371121002","008","003","JL.TAMAN MAKASSAR INDAH",,"-5.174320","119.471259"
"7371121002008004","7371121002","008","004",,,".","."
"7371121002009001","7371121002","009","001",,,".","."
"7371121002009002","7371121002","009","002","JL.TAMANGAPA RAYA3",,"-5.173309","119.473463"
"7371121002009003","7371121002","009","003","JL.TAMAN MAKASSAR INDAH & JL.TAMNGAPA RAYA",,"-5.176400","119.472794"
"7371121002009004","7371121002","009","004","JL.TAMNGAPA RAYA 3",,"-5.175639","119.472112"
"7371121002010001","7371121002","010","001","JL.PESONA PRIMA GRIYA",,"-5.176905","119.477284"
"7371121002010002","7371121002","010","002","JL.PESONA PRIMA GRIYA NO.30 & JL.TAMANGAPA RAYA 3",,"-5.179003","119.477572"
"7371121002010003","7371121002","010","003",,,".","."
"7371121002010004","7371121002","010","004","JL.PESONA PRIMA GRIYA NO.26",,"-5.179034","119.479540"
"7371121002010005","7371121002","010","005","JL.PESONA PRIMA GRIYA",,"-5.179728","119.478736"
"7371121002010006","7371121002","010","006","JL.TAMANGAPA RAYA",,"-5.178362","119.482506"
"7371121002011001","7371121002","011","001","JL.WADUK TUNGGU PAMPANG",,"-5.168539","119.475672"
"7371121002011002","7371121002","011","002","JL.TAMANGAPA RAYA I",,"-5.169266","119.479460"
"7371121002011003","7371121002","011","003","JL.PERUMAHAN GRIYA ARTHA",,"-5.167760","119.478366"
"7371121003001001","7371121003","001","001","JL.PERUMAHAN ILMA D'MANSION",,"-5.189614","119.494365"
"7371121003001002","7371121003","001","002","JL.ABD.KADIR DG.SURO",,"-5.188613","119.492039"
"7371121003001003","7371121003","001","003","JL.TAMANGAPA RAYA",,"-5.187361","119.492265"
"7371121003001004","7371121003","001","004","JL.TAMANGAPA RAYA",,"-5.185590","119.491400"
"7371121003001005","7371121003","001","005","JL.TAMANGAPA RAYA NO.3",,"-5.190272","119.495719"
"7371121003002001","7371121003","002","001",,,".","."
"7371121003002002","7371121003","002","002","JL.TAMANGAPA RAYA 315B",,"-5.187189","119.490681"
"7371121003002003","7371121003","002","003","JL.ABD.KADIIR DG.SURO",,"-5.188697","119.492301"
"7371121003002004","7371121003","002","004","JL.TAMANGAPA RAYA NO.5",,"-5.186075","119.490539"
"7371121003002005","7371121003","002","005",,,".","."
"7371121003002006","7371121003","002","006",,,".","."
"7371121003002007","7371121003","002","007","JL.GRAND AROEPALA",,"-5.189122","119.489300"
"7371121003003001","7371121003","003","001","JL.TAMANGAPA RAYA",,"-5.182515","119.487496"
"7371121003003002","7371121003","003","002","JL.PARINRING",,"-5.182287","-19.485414"
"7371121003003003","7371121003","003","003","JL.TAMANGAPA RAYA 5",,"-5.185040","119.484992"
"7371121003003004","7371121003","003","004","JL.TAMANGAPA RAYA 5",,"-5.185179","119.486243"
"7371121003003005","7371121003","003","005","JL.TAMANGAPA RAYA 5",,"-5.183769","119.483540"
"7371121003003006","7371121003","003","006","JL.TAMANGAPA RAYA 5",,"-5.183360","119.482555"
"7371121003004001","7371121003","004","001",,,".","."
"7371121003004002","7371121003","004","002","JL.AMD",,"-5.178055","119.488348"
"7371121003004003","7371121003","004","003","JL.AMD",,"-5.172454","119.492342"
"7371121003004004","7371121003","004","004","JL.TAMANGAPA",,"-5.180330","119.489095"
"7371121003005001","7371121003","005","001",,,".","."
"7371121003005002","7371121003","005","002","JL.RAHMATULLAH & JL.KAJE NJENG RAYA",,"-5.184224","119.492400"
"7371121003005003","7371121003","005","003","JL.RAHMATULLAH & JL.RAHMATULLAH 4",,"-5.182572","119.491321"
"7371121003005004","7371121003","005","004","JL.RAHMATULLAH",,"-5.178413","119.494451"
"7371121003005005","7371121003","005","005","JL.RAHMATULLAH",,"-5.182393","119.493057"
"7371121003006001","7371121003","006","001","JL.TAMANGAPA & JL.KECAPIN RAYA",,"-5.185389","119.497368"
"7371121003006002","7371121003","006","002","JL.KAJENJENG RAYA",,"-5.184841","119.496019"
"7371121003006003","7371121003","006","003","JL.H.MAHSUN DG.NOMPO",,"-5.187868","119.495799"
"7371121003006004","7371121003","006","004","JL.TEROMPET NO.19",,"-5.184798","119.511453"
"7371121003007001","7371121003","007","001","JL.TAMANGAPA RAYA","LORONG LONTARA","-5.186687","119.487942"
"7371121003007002","7371121003","007","002","JL.CLUSTER PERMAI & JL.TAMANGAPA RAYA NO.5",,"-5.188593","119.487255"
"7371121003007003","7371121003","007","003","JL.TAMANGAPA RAYA NO.5",,"-5.188627","119.488155"
"7371121004001001","7371121004","001","001","JL.ANTANG RAYA & JL.BARUGA RAYA",,"-5.157105","119.479799"
"7371121004001002","7371121004","001","002","JL.DR. LEIMENA & JL.PANNARA","LORONG 100","-5.155256","119.479247"
"7371121004001003","7371121004","001","003","JL.RAYA BARUGA & JL.PANNARA","LORONG 100 & LORONG 99","-5.155813","119.480719"
"7371121004001004","7371121004","001","004","JL.INSPEKSI PAM & JL.PANNARA",,"-5.155058","119.478116"
"7371121004001005","7371121004","001","005","JL.ANTANG RAYA","LORONG 110","-5.158580","119.477056"
"7371121004001006","7371121004","001","006","JL.MATANO BARA",,"-5.155350","119.484118"
"7371121004001007","7371121004","001","007","JL.RAYA BARUGA & JL.NIPA NIPA & JL.KIRAB REMAJA",,"-5.158901","119.484731"
"7371121004001008","7371121004","001","008","JL.ANTANG RAYA",,"-5.160161","119.476630"
"7371121004002001","7371121004","002","001","JL.RAYA BARUGA & JL.MATANO TIM",,"-5.156324","119.485419"
"7371121004002002","7371121004","002","002","JL.AGUNG & JL.HALIMUN & JL.BATUR & JL.MURIA",,"-5.156278","119.486414"
"7371121004002003","7371121004","002","003","JL.AGUNG & JL.RINJANI & JL.RAYA BARUGA & JL.WIJAYA",,"-5.157014","119.487716"
"7371121004002004","7371121004","002","004","JL.RAYA BARUGA",,"-5.154909","119.489093"
"7371121004002005","7371121004","002","005","JL.KABILA BARAT & JL.DULAMAYO NO.19",,"-5.155103","119.486734"
"7371121004002006","7371121004","002","006","JL.KINTAMANI & JL.PRAPAT & JL.LEMBANG",,"-5.154540","119.487144"
"7371121004002007","7371121004","002","007","JL.KINTAMANI",,"-5.154095","119.485181"
"7371121004002008","7371121004","002","008","JL.BUNAKEN & JL.BIRA",,"-5.152852","119.487000"
"7371121004002009","7371121004","002","009","JL.MENTARANG & JL.BARIT0 & JL.SAMBAS & JL.LAMANDAU & JL.MENDAWAI & JL.KAHAYAN & JL.SAMPIT & JL.KAPUAS UTARA & JL.SEMBAKUNG & JL.MARABAHAN",,"-5.155698","119.490499"
"7371121004002010","7371121004","002","010","JL.KUTACANE SELATAN & JL.TJ.PINANG V & JL.KUTACANE UTARA & JL.KUTACANE 2 & JL.KUTACANE 3 & JL.KUTACANE 4 & JL.KUTACANE 5 & JL.KUTACANE 6",,"-5.156880","119.494635"
"7371121004002011","7371121004","002","011","JL.KAYU AGUNG & JL.KAYU AGUNG 1 & JL.KAYU AGUNG 2 & JL.KAYU AGUNG 3 & JL.KAYU AGUNG 4 & JL.KAYU AGUNG 5",,"-5.159054","119.497146"
"7371121004003001","7371121004","003","001","JL.NIPA & NIPA",,"-5.158537","119.487958"
"7371121004003002","7371121004","003","002","JL.LEUSER",,"-5.158063","119.488498"
"7371121004003003","7371121004","003","003","JL.ANTANG INDAH",,"-5.157101","119.488983"
"7371121004004001","7371121004","004","001","JL.NIPA & NIPA","LORONG 2","-5.159352","119.493163"
"7371121004004002","7371121004","004","002","JL.NIPA & NIPA & PERUMAHAN GRIYA RESKITA","LORONG 4","-5.161712","119.494994"
"7371121004004003","7371121004","004","003","G250L.DG.TAWALLA",,"-5.163768","119.494904"
"7371121004004004","7371121004","004","004","JL.INSPEKSI PAM NIPA & NIPA ULU BALANG",,"-5.164304","194.491630"
"7371121004004005","7371121004","004","005","JL.NIPA & NIPA MALAM & JL.BUNTU DG.NYALA & JL.NIPA & NIPA",,"-5.161593","119.490973"
"7371121004004006","7371121004","004","006",,,".","."
"7371121004004007","7371121004","004","007","JL.DG.TAWALLA",,"-5.161540","119.496030"
"7371121004004008","7371121004","004","008","JL.INSPEKSI PAM NIPA & NIPA",,"-5.163183","119.491333"
"7371121004005001","7371121004","005","001","JL.MOHA LASULORO & JL.MONJONG TARING",,"-5.165490","119.485174"
"7371121004005002","7371121004","005","002","JL.ANTANG RAYA & JL.LOMO RIANTANG","LORONG BUNGUNG LOMPOA","-5.164467","119.476950"
"7371121004005003","7371121004","005","003","JL.ANTANG RAYA",,"-5.165114","119.476373"
"7371121004005004","7371121004","005","004","JL.ANTANG RAYA",,"-5.165454","119.477982"
"7371121004005005","7371121004","005","005","JL.ANTANG RAYA & JL.MOH.PALEO 1",,"-5.162254","119.476739"
"7371121004006001","7371121004","006","001","JL.MOH.PALEO RAYA",,"-5.161290","119.478180"
"7371121004006002","7371121004","006","002","JL.MOH.PALEO 3",,"-5.162729","119.480465"
"7371121004006003","7371121004","006","003","JL.MOHA LASULORO & JL.MOH.PALEO RAYA",,"-5.164171","119.480295"
"7371121004006004","7371121004","006","004","JL.MONJONG TARING & JL.MOHA LASULORO",,"-5.163176","119.482900"
"7371121004007001","7371121004","007","001","JL.BUKIT BATU ANTANG","LORONG 9 & LORONG 11 & LORONG 13","-5.151784","119.484777"
"7371121004007002","7371121004","007","002","JL.BUKIT BATU ANTANG","LORONG 4 & LORONG 8 & LORONG 10","-5.151909","119.484121"
"7371121004007003","7371121004","007","003","JL.BUKIT BATU ANTANG","LORONG 5","-5.151118","119.485924"
"7371121005001001","7371121005","001","001","JL.INSPEKSI PAM","LORONG 5","-5.150728","119.475858"
"7371121005001002","7371121005","001","002","JL.INSPEKSI PAM","LORONG 3","-5.150409","119.474811"
"7371121005001003","7371121005","001","003","JL.INPEKSI PAM","LORONG 2","-5.150031","119.474225"
"7371121005001004","7371121005","001","004","JL.INSPEKSI PAM","LORONG 1","-5.149988","119.473408"
"7371121005001005","7371121005","001","005","JL.INSPEKSI PAM",,"-5.151785","119.473446"
"7371121005001006","7371121005","001","006","JL.INSPEKSI PAM",,"-5.152608","119.477088"
"7371121005001007","7371121005","001","007","JL.INPEKSI PAM",,"-5.151048","119.476820"
"7371121005002001","7371121005","002","001",,,".","."
"7371121005002002","7371121005","002","002","JL.INSPEKSI PAM NO.24",,"-5.150190","119.471543"
"7371121005002003","7371121005","002","003",,,".","."
"7371121005002004","7371121005","002","004","JL.INSPEKSI PAM","LORONG 1","-5.151864","119.471467"
"7371121005003001","7371121005","003","001","JL.ABDULLAH DAENG SIRUA","LORONG 2","-5.150822","119.469942"
"7371121005003002","7371121005","003","002","JL.ABDULLAH DAENG SIRUA & JL.MAWAR","LORONG 2A","-5.153845","119.470398"
"7371121005003003","7371121005","003","003","JL.SWADAYA & JL.SWADAYA MAS 2 & JL.TOA DAENG 3",,"-5.151272","119.468036"
"7371121005003004","7371121005","003","004","JL.MAWAR & JL.KOMP.PERUMAHAN SWADAYA MAS",,"-5.152844","119.468538"
"7371121005003005","7371121005","003","005","JL.PASARAN KEKE",,"-5.156482","119.468503"
"7371121005003006","7371121005","003","006","JL.ABDULLAH DAENG SIRUA MASUK NO.TIMUR",,"-5.152264","119.469847"
"7371121005004001","7371121005","004","001","JL.TOA DAENG III",,"51.149507","119.466174"
"7371121005004002","7371121005","004","002","JL.TOA DAENG IV 17 & 29 & JL.ABDULLAH DAENG SIRUA",,"-5.149905","119.465229"
"7371121005004003","7371121005","004","003","JL.TOA DAENG III NO.6","LORONG 4","-5.515010","119.465919"
"7371121005004004","7371121005","004","004",,,".","."
"7371121005004005","7371121005","004","005","JL.TOA DAENG III","LORONG 6 & LORONG 10","-5.151172","119.465177"
"7371121005005001","7371121005","005","001","JL.ABDULLAH DAENG SIRUA MNO.334",,"-5.150448","119.461474"
"7371121005005002","7371121005","005","002","JL.BATUA RAYA III",,"-5.151315","119.460885"
"7371121005005003","7371121005","005","003","JL.BATUA RAYA III","LORONG 2 & LORONG 2B","-5.152306","119.461623"
"7371121005005004","7371121005","005","004","JL.BATUA RAYA III","LORONG 2A","-5.152039","119.460829"
"7371121005005005","7371121005","005","005","JL.BATUA RAYA III & JL.BATUA RAYA","LORONG 1","-5.152022","119.460297"
"7371121005006001","7371121005","006","001","JL.TOA DAENG III & JL.BATUA RAYA 4",,"-5.154889","119.461396"
"7371121005006002","7371121005","006","002","JL.BATUA RAYA 4 & JL.BATUA RAYA",,"-5.153797","119.459568"
"7371121005006003","7371121005","006","003","JL.BATUA RAYA 4 & JL.BATUA RAYA 7","LORONG 2","-5.154791","119.459229"
"7371121005006004","7371121005","006","004","JL.BATUA RAYA",,"-5.155931","119.459046"
"7371121005006005","7371121005","006","005","JL.BATUA RAYA IX","LORONG 4","-5.156523","119.460160"
"7371121005007001","7371121005","007","001","JL.DELTA MAS II",,"-5.161187","119.462400"
"7371121005007002","7371121005","007","002","JL.BORONG RAYA BARU 1","LORONG 3","-5.159921","119.463289"
"7371121005007003","7371121005","007","003",,,".","."
"7371121005007004","7371121005","007","004","JL.BORONG RAYA BARU II","LORONG 2","-5.160435","119.464674"
"7371121005007005","7371121005","007","005","JL.BORONG RAYA BARU 4",,"-5.160953","119.465392"
"7371121005007006","7371121005","007","006","JL.BORONG RAYA BARU 1 & JL.BORONG RAYA BARU 2","LORONG 5","-5.158900","119.464594"
"7371121005007007","7371121005","007","007","JL.BORONG RAYA BARU",,"-5.160748","119.466208"
"7371121005007008","7371121005","007","008","JL.BORONG RAYA BARU 2","LORONG 2","-5.159270","119.465835"
"7371121005007009","7371121005","007","009","JL.BORONG RAYA N0.4",,"-5.160407","119.460051"
"7371121005007010","7371121005","007","010","JL.BATUA RAYA XIV",,"-5.158899","119.463275"
"7371121005008001","7371121005","008","001","JL.TOA DAENG II",,"-5.150294","119.467380"
"7371121005008002","7371121005","008","002","JL.TOA DAENG III",,"-5.149570","119.466742"
"7371121005008003","7371121005","008","003","JL.TOA DAENG III & JL.NUSA INDAH",,"-5.150704","119.466422"
"7371121005008004","7371121005","008","004","JL.MAWAR",,"-5.152134","119.466449"
"7371121005008005","7371121005","008","005","JL.TOA DAENG III","LORONG MELATI","-5.153533","119.465744"
"7371121005008006","7371121005","008","006","JL.PASARAN KEKE NO.3 & JL.TOA DAENG III",,"-5.154707","119.464877"
"7371121005008007","7371121005","008","007","JL.PASARAN KEKE & JL.TOA DAENG III",,"-5.156350","119.465107"
"7371121005009001","7371121005","009","001","JL.BONTOBILA 1 & JL.ABDULLAH DAENG SIRUA",,"-5.150637","119.463462"
"7371121005009002","7371121005","009","002","JL.BONTOBILA 3","LORONG 4","-5.151637","119.464066"
"7371121005009003","7371121005","009","003","JL.BONTOBILA 5",,"-5.152762","119.462540"
"7371121005009004","7371121005","009","004","JL.BONTOBILA 9 & JL.BONTOBILA 13 & JL.BONTOBILA 11",,"-5.154020","119.462222"
"7371121005009005","7371121005","009","005","JL.BONTOBILA 13 & JL.TOA DAENG III",,"-5.154554","119.463366"
"7371121005010001","7371121005","010","001","JL.BATUA RAYA IX & JL.BATUA RAYA",,"-5.157237","119.459114"
"7371121005010002","7371121005","010","002","JL.BATUA RAYA 10 A 5",,"-5.158660","119.459244"
"7371121005010003","7371121005","010","003",,,".","."
"7371121005010004","7371121005","010","004","JL.BATUA RAYA XII A",,"-5.158779","119.460796"
"7371121005011001","7371121005","011","001","JL.BORONG RAYA BARU & JL.BORONG RAYA",,"-5.162108","119.463935"
"7371121005011002","7371121005","011","002",,,".","."
"7371121005011003","7371121005","011","003","JL.BORONG RAYA 3",,"-5.162369","119.464377"
"7371121005011004","7371121005","011","004","JL.KO MITRA MAS INDAH NO.C 10",,"-5.162572","119.466146"
"7371121005011005","7371121005","011","005","JL.KO MITRA MAS INDAH & JL.BORONG RAYA","BLOK A22&D5","-5.162149","119.465755"
"7371121006001001","7371121006","001","001","JL.BORONG RAYA","LORONG PERAK","-5.162209","119.462772"
"7371121006001002","7371121006","001","002","JL.BORONG RAYA 1","LORONG 2 & LORONG 4","-5.163553","119.462168"
"7371121006001003","7371121006","001","003","JL.BORONG RAYA 1","LORONG 1","-5.162385","119.462034"
"7371121006001004","7371121006","001","004","JL.TODDOPULI RAYA TIMUR",,"-5.161425","119.459899"
"7371121006001005","7371121006","001","005","Jl. Graha Indah Family",,"-5.162622","119.460080"
"7371121006001006","7371121006","001","006","Jl. Ilma Green Residence",,"-5.162553","119.458137"
"7371121006002001","7371121006","002","001","JL.BORONG RAYA",,"-5.163542","119.464382"
"7371121006002002","7371121006","002","002","JL.BORONG RAYA DALAM NO.1","LORONG EMAS","-5.163487","119.464131"
"7371121006002003","7371121006","002","003","JL.BORONG RAYA",,"-5.163914","119.466084"
"7371121006002004","7371121006","002","004","JL.BORONG RAYA 3 NO.6","LORONG 4","-5.164852","119.463476"
"7371121006002005","7371121006","002","005","JL.TODDOPULI IV",,"-5.165818","119.465018"
"7371121006002006","7371121006","002","006","JL.TODDOPULI 10",,"-5.165534","119.466118"
"7371121006003001","7371121006","003","001","JL.TODDOPULI RAYA TIMUR",,"-5.164155","119.452598"
"7371121006003002","7371121006","003","002","JL.TODDOPULI V","SETAPAK 6","-5.164445","119.452063"
"7371121006003003","7371121006","003","003","JL.TODDOPULI V","SETAPAK 5","-5.164847","119.451843"
"7371121006003004","7371121006","003","004",,,".","."
"7371121006003005","7371121006","003","005",,,".","."
"7371121006003006","7371121006","003","006","JL.TODDOPULI RAYA UTARA","LORONG 8","-5.164718","119.454063"
"7371121006003007","7371121006","003","007","JL.TODDOPULI 7",,"-5.164482","119.454940"
"7371121006003008","7371121006","003","008","JL.TODDOPULI RAYA TIMUR & JL.VILLA SURAYA MAS",,"-5.163901","119.453371"
"7371121006004001","7371121006","004","001","JL.TODDOPULI 5",,"-5.164918","119.451358"
"7371121006004002","7371121006","004","002","JL.TODDOPULI 5",,"-5.165134","119.451461"
"7371121006004003","7371121006","004","003","JL.TODDOPULI 5","SETAPAK 13","-5.166329","119.452133"
"7371121006004004","7371121006","004","004","JL.TODDOPULI V","SETAPAK 11","-5.166907","119.453149"
"7371121006004005","7371121006","004","005","TODDOPULI VI","SETAPAK 4","-5.167245","119.452934"
"7371121006005001","7371121006","005","001",,,".","."
"7371121006005002","7371121006","005","002","JL.BORONG INDAH",,"-5.167680","119.454526"
"7371121006005003","7371121006","005","003","JL..TODDOPULI 7","SETAPAK 3","-5.166235","119.454520"
"7371121006006001","7371121006","006","001","JL.TODDOPULI 7 NO.48 & JL.TODDOPULI XI",,"-5.164451","119.455010"
"7371121006006002","7371121006","006","002",,,".","."
"7371121006006003","7371121006","006","003","JL.TODDOPULI 21",,"-5.165174","119.456618"
"7371121006006004","7371121006","006","004","Jl. Toddopuli 16 No.16",,"-5.164852","119.456546"
"7371121006006005","7371121006","006","005","JL.TODDOPULI 21",,"-5.165645","119.457769"
"7371121006007001","7371121006","007","001","JL.TODDOPULI 10 & JL.TODDOPULI 24",,"-5.164257","119.460827"
"7371121006007002","7371121006","007","002","JL.TODDOPULI XXII PERMAI",,"-5.164553","119.457961"
"7371121006007003","7371121006","007","003","JL.TODDOPULI XXII PERMAI",,"-5.164095","119.457403"
"7371121006007004","7371121006","007","004","JL.TODDOPULI XXII & JL.TODDOPULI XXII PERMAI","LORONG NO.21 A","-5.163532","119.455808"
"7371121006007005","7371121006","007","005","JL.TODDOPULI RAYA TIMUR","LORONG 1","-5.162913","119.456335"
"7371121006008001","7371121006","008","001",,,".","."
"7371121006008002","7371121006","008","002","JL.BORONG INDAH 6","SETAPAK 2","-5.168950","119.458201"
"7371121006008003","7371121006","008","003","JL.BORONG INDAH 6","SETAPAK 1","-5.169314","119.458181"
"7371121006008004","7371121006","008","004","JL..TODDOPULI 5",,"-5.168592","119.457082"
"7371121006008005","7371121006","008","005","JL.BORONG INDAH IV",,"-5.168364","119.456798"
"7371121006009001","7371121006","009","001","JL.PURI TAMAN SARI",,"-5.171075","119.462210"
"7371131009002003","7371131009","002","003",,,"-5.175665","119.447864"
"7371121006009002","7371121006","009","002","JL.TODDOPULI VI & JL.PURI RAYA",,"-5.170829","119.463328"
"7371121006009003","7371121006","009","003","JL.PURI RAYA NO.18 & JL.PURI RAYA",,"-5.170018","119.463662"
"7371121006009004","7371121006","009","004","JL.PURI VII & JL.PURI VIII & JL.PURI IX & JL.PURI X",,"-5.171076","119.463955"
"7371121006009005","7371121006","009","005","JL.PURI IV & JL.PURI V & JL.PURI IV & JL.PURI RAYA",,"-5.169212","119.464738"
"7371121006009006","7371121006","009","006","JL.PURI TAMAN SARI NO.10",,"-5.169028","119.463429"
"7371121006009007","7371121006","009","007","JL.PURI TAMAN SARI",,"-5.168158","119.464324"
"7371121006009008","7371121006","009","008","JL.TODDOPULI 10 & JL.PURI TAMAN SARI",,"-5.167565","119.465435"
"7371121006010001","7371121006","010","001","JL.TODDOPULI 18 & JL.TODDOPULI XIX & JL.BORONG INDAH III","LORONG 1 & LORONG 2","-5.165845","119.456244"
"7371121006010002","7371121006","010","002","JL.TODDOPULI 15",,"-5.166705","119.457453"
"7371121006010003","7371121006","010","003","JL.BORONG INDAH",,"-5.167464","119.455852"
"7371121006011001","7371121006","011","001","JL.TODDOPULI 10",,"-5.166173","119.462449"
"7371121006011002","7371121006","011","002","JL.TODDOPULI 10",,"-5.165812","119.461977"
"7371121006011003","7371121006","011","003","KOMP.PERUMAHAN GRIYA PUSPITA SARI",,"--.165454","119.460496"
"7371121006011004","7371121006","011","004","JL.TODDOPULI 10",,"-5.167301","119.461751"
"7371121006012001","7371121006","012","001","JL.AL IKHSAN & JL.HIDAYAH & JL.HIKMAH",,"-5.166884","119.459733"
"7371121006012002","7371121006","012","002","JL.AL IKHSAN",,"-5.167227","119.458742"
"7371121006012003","7371121006","012","003",,,".","."
"7371121006012004","7371121006","012","004","JL.AL IKHSAN 1",,"-5.168832","119.459689"
"7371121006012005","7371121006","012","005","JL.BORONG INDAH VII","LORONG 3","-5.170190","119.459963"
"7371121007001001","7371121007","001","001","JL.PERTANIAN & MESJID BAITURRAHMANA",,"-5.173403","119.483505"
"7371121007001002","7371121007","001","002","JL.MASJID BAITURRAHMAN & JL.BIRING ROMANG",,"-5.173647","119.484440"
"7371121007001003","7371121007","001","003","JL.MASJID BAITURRAHMAN",,"-5.174066","119.484914"
"7371121007001004","7371121007","001","004","JL.BAITURRAHMAN 1",,"-5.172176","119.483501"
"7371121007002001","7371121007","002","001","JL.BANGKALA RAYA",,"-5.170549","119.484025"
"7371121007002002","7371121007","002","002","JL.BANGAKALA DALAM 14 8",,"-5.170468","119.485441"
"7371121007002003","7371121007","002","003","JL.BANGKALA DALAM III 6 & 8 & JL.BANGKALA RAYA",,"-5.170656","119.484727"
"7371121007002004","7371121007","002","004","JL.BANGAKALA 2",,"-5.171120","119.484277"
"7371121007002005","7371121007","002","005","JL.BANGKALA 1",,"-5.171030","119.485482"
"7371121007002006","7371121007","002","006","JL.BANGKALA DALAM II",,"-5.171327","119.485275"
"7371121007002007","7371121007","002","007","JL.BANGKALA 2",,"-5.171846","119.484868"
"7371121007002008","7371121007","002","008","JL.BANGKALA DALAM 6",,"-5.171529","119.486854"
"7371121007002009","7371121007","002","009","JL.BANGKALA NO.170",,"-5.171805","119.485959"
"7371121007002010","7371121007","002","010","JL.BANGKALA 2",,"-5.172595","119.485554"
"7371121007002011","7371121007","002","011","JL.BIRING ROMANG",,"-5.170664","119.487158"
"7371121007003001","7371121007","003","001","JL.BANGKALA DALAM 6",,"-5.171908","119.487728"
"7371121007003002","7371121007","003","002",,,".","."
"7371121007003003","7371121007","003","003","JL.BORONG JAMBU 7",,"-5.172795","119.486836"
"7371121007003004","7371121007","003","004","JL.ABRI MASYK DESA NO.36",,"-5.170411","119.490685"
"7371121007003005","7371121007","003","005","JL.BORONG JAMBU IV",,"-5.173870","119.486391"
"7371121007003006","7371121007","003","006","JL.BORONG JAMBU 1 UTARA",,"-5.173511","119.487489"
"7371121007003007","7371121007","003","007","JL.AMD",,"-5.172251","119.489624"
"7371121007004001","7371121007","004","001","JL.TAMANGAPA RAYA",,"-5.176163","119.483971"
"7371121007004002","7371121007","004","002","JL.BORONG JAMBU 2",,"-5.175763","119.485914"
"7371121007004003","7371121007","004","003","JL.BORONG JAMBU RAYA NO.19",,"-5.174309","119.485647"
"7371131009002004","7371131009","002","004",,,".","."
"7371121007004004","7371121007","004","004","JL.MASJID NURUL HIDAYAH & JL.BIRING ROMANG X",,"-5.175437","119.487052"
"7371121007005001","7371121007","005","001","JL.PETERNAKAN IV & JL.PETERNAKAN V & JL.PETERNAKAN VI & JL.ARKHEOLOGI RAYA & JL.BILOGI",,"-5.171471","119.481203"
"7371121007005002","7371121007","005","002","JL.PERTANIAN & JL.EKONOMI 2 & JL.EKONOMI III & JL.KEDOKTERAN 1 & JL.KEDOKTERAN II & JL.GEOLOGI",,"-5.172002","119.480693"
"7371121007005003","7371121007","005","003","JL.PERTANIAN & JL.ARSITEKTUR & JL.PERTANIAN",,"-5.173164","119.482328"
"7371121007005004","7371121007","005","004","JL.SIPIL RAYA & JL.SIPIL 1 & JL.TEKNIK & JL.ARSITEKTUR 4",,"-5.173413","119.480626"
"7371121007005005","7371121007","005","005","JL.PERTANIAN & JL.PERDATA III & JL.PERDATA 4 & JL.RADIOLOGI & JL.PERDATA VI & JL.PERDATA 7 & JL.PERDATA",,"-5.175001","119.482011"
"7371121007005006","7371121007","005","006","JL.PERDATA & JL.PERDATA 2",,"-5.174749","119.480997"
"7371121007006001","7371121007","006","001","JL.BUDIDAYA I & JL.BUDIDAYA II & JL.VISIPOL I & JL.BUDIDAYA RAYA",,"-5.167986","119.479970"
"7371121007006002","7371121007","006","002","JL.BUDIDAYA III & JL.BUDIDAYA IV & JL.BUDIDAYA V & JL.BUDIDAYA RAYA",,"-5.168069","119.481283"
"7371121007006003","7371121007","006","003","JL.KOMUNIKASI I & JL.KOMUNIKASI II",,"-5.168129","119.482696"
"7371121007006004","7371121007","006","004","JL.FARMASI & JL.SASTRA RAYA & JL.SASTRA I & JL.SASTRA II & JL.SASTRA III",,"-5.168913","119.480525"
"7371121007006005","7371121007","006","005","JL.BUDIDAYA RAYA & JL.KOMUNIKASI IV & JL.KOMUNIKASI RAYA",,"-5.168586","119.482755"
"7371121007006006","7371121007","006","006","JL.KOMUNIKASI V & JL.KOMUNIKASI VI & JL.SASTRA RAYA",,"-5.169409","119.482586"
"7371121007006007","7371121007","006","007","JL.PETERNAKAN I & JL.SASTRA RAYA",,"-5.169733","119.482429"
"7371121007006008","7371121007","006","008","JL.PETERNAKAN II & JL.PETERNAKAN III & JL.ANTROPOLOGI",,"-5.170337","119.482589"
"7371121007007001","7371121007","007","001","JL.AL & FALAH NO.2 & JL.BIRING ROMANG DALAM 1",,"-5.169072","119.483900"
"7371121007007002","7371121007","007","002","JL.PERUNAS RAYA",,"-5.167265","119.483298"
"7371121007007003","7371121007","007","003","JL.PERUMNAS RAYA 112 & 2",,"-5.167257","119.480669"
"7371121008001001","7371121008","001","001","JL. DAENG HAYO",,"-5.156628","119.477555"
"7371121008001002","7371121008","001","002","JL.KOM.BTN ANTANG RAYA",,"-5.156341","119.477011"
"7371121008001003","7371121008","001","003","JL.ANTANG JAYA",,"-5.157168","119.475710"
"7371121008001004","7371121008","001","004","JL.GRIYA BUKIT ANTANG",,"-5.158308","119.474957"
"7371121008002001","7371121008","002","001","JL.DAENG HAYO",,"-5.155662","119.472472"
"7371121008002002","7371121008","002","002","JL.DAENG HAYO","LORONG 6","-5.157409","119.471898"
"7371121008002003","7371121008","002","003","JL.DAENG HAYO","LORONG 8","-5.158320","119.471748"
"7371121008002004","7371121008","002","004","JL.DAENG HAYO","LORONG 2","-5.154142","119.476575"
"7371121008002005","7371121008","002","005","JL.DAENG HAYO","LORONG 4","-5.154099","119.473914"
"7371121008003001","7371121008","003","001","JL.WADUK TUNGGU PAMPANG","LORONG 4C","-5.165941","119.473782"
"7371121008003002","7371121008","003","002","JL.UJUNG BORI",,"-5.163165","119.473915"
"7371121008003003","7371121008","003","003","JL.WADUK TUNGGU PAMPANG","LORONG 4B","-5.165218","119.472852"
"7371121008003004","7371121008","003","004","JL.BORONG RAYA & JL.WADUK TUNGGU PAMPANG","LORONG 4B","-5.164867","119.472532"
"7371121008003005","7371121008","003","005","JL.WADUK TUNGGU PAMPANG",,"-5.166129","119.474836"
"7371121008003006","7371121008","003","006","JL.MOH PALEO RAYA",,"-5.161318","119.476193"
"7371121008004001","7371121008","004","001","JL.WADUK TUNGGU PAMPANG",,"-5.167339","119.469371"
"7371121008004002","7371121008","004","002","JL.BITOA LAMA 3",,"-5.166065","119.469544"
"7371121008004003","7371121008","004","003","JL.BITOA LAMA 3 & JL.BITOA LAMA 2",,"-5.165331","119.469590"
"7371121008004004","7371121008","004","004","JL.BITOA LAMA & JL.WADUK TUNGGU PAMPANG",,"-5.165497","119.470541"
"7371121008004005","7371121008","004","005","JL.BITOA BARU & JL.INSPEKSI KANAL BORONG","LORONG 3","-5.166203","119.467475"
"7371121008004006","7371121008","004","006","JL.BITOA BARU 1",,"-5.164508","119.946815"
"7371121008005001","7371121008","005","001","JL.ANTANG RAYA",,"-5.166676","119.478025"
"7371121008005002","7371121008","005","002","JL.PERUMAHAN MEDITERANIA",,"-5.166793","119.477149"
"7371121008005003","7371121008","005","003","JL.PERUMAHAN MAHKOTA MAS",,"-5.167100","119.476385"
"7371121008005004","7371121008","005","004","JL.PERUMAHAN MAHKOTA MAS ANTANG",,"-5.168009","119.476823"
"7371121008006001","7371121008","006","001","JL.BORONG RAYA NO.121 B","BLOK C & D","-5.163593","119.471420"
"7371121008006002","7371121008","006","002","JL.BORONG RAYA NO.111",,"-5.163224","119.469922"
"7371121008006003","7371121008","006","003","JL.BORONG RAYA",,"-5.163357","119.468222"
"7371121008006004","7371121008","006","004","JL.BORONG RAYA",,"-5.162505","119.468793"
"7371121008006005","7371121008","006","005","JL.DAENG HAYO & JL.BORONG RAYA & JL.UJUNG BORI","LORONG 8","-5.161613","119.472520"
"7371131001001001","7371131001","001","001","JL. TIDUNG MARIOLO","LORONG 6","-5.144489","119.442334"
"7371131001001002","7371131001","001","002","JL. LETJEN HERTASNING I & JL. TIDUNG MARIOLO & JL. HERTASNING",,"-5.515276","119.441.56"
"7371131001001003","7371131001","001","003",,,".","."
"7371131001001004","7371131001","001","004","JL. TIDUNG MARIOLO V & JL. HERTASNING IX",,"-5.165023","119.443298"
"7371131001002001","7371131001","002","001",,"LORONG 7","-5.169128","119.443656"
"7371131001002002","7371131001","002","002","MONUMEN EMY SAELAN","LORONG 5 & LORONG 7","-5.170330","119.443531"
"7371131001002003","7371131001","002","003","JL. MONUMEN EMY SAELAN & JL. TIDUNG V","LORONG 5","-5.171858","119.443610"
"7371131001002004","7371131001","002","004","JLMONUMEN EMY SAELAN & JL. MONUMEN EMY SAELAN III & JL. MONUMEN EMY SAELAN III C",,"-5.173890","119.442729"
"7371131001002005","7371131001","002","005","JL. MONUMEN EMY SAELAN III & JL. MONUMEN EMY SAELAN",,"-5.174346","119.442157"
"7371131001002006","7371131001","002","006","JL. MONUMEN EMY SAELAN III C",,"-5.173649","119.444443"
"7371131001003001","7371131001","003","001","JL. MONUMEN EMY SAELAN & JL. MAPPALA II",,"-5.169737","119.442842"
"7371131001003002","7371131001","003","002","JL. MONUMEN EMY SAELAN & JL. RAYA PENDIDIKAN & JL. MAPALA II",,"-5.170731","119.442366"
"7371131001003003","7371131001","003","003","JL. MONUMEN EMY SAELAN","LORONG 1 & LORONG 2","-5.172210","119.442231"
"7371131001003004","7371131001","003","004","JL.MONUMEN EMY SAELAN & JL. COKONURI DALAM",,"-5.517465","119.944221"
"7371131001004001","7371131001","004","001","JL. PENDIDIKAN RAYA & JL. RAYA PENDIDIKAN NO. 3",,"-5.170809","119.438650"
"7371131001004002","7371131001","004","002","JL. PENDIDIKAN II & JL. MAPPALA & JL. PENDIDIKAN",,"-5.516843","119.943681"
"7371131001004003","7371131001","004","003","JL. PENDIDIKAN RAYA",,"-5.171415","119.439782"
"7371131001004004","7371131001","004","004","JL. PENDIDIKAN II & JL. MAPPALA & JL. RAYA PENDIDIKAN & JL. MAPPALA IV",,"-5.169760","119.441191"
"7371131001004005","7371131001","004","005","JL. PENDIDIKAN",,"-5.169743","119.435151"
"7371131001004006","7371131001","004","006","JL. COKONURI DALAM",,"-5.172540","119.198857"
"7371131001005001","7371131001","005","001","JL. YUSU DG NGAWING & JL. AP PETTARANI & JL. KOMP PEMDA","LORONG 1","-5.166338","119.436876"
"7371131001005002","7371131001","005","002","JL. AP PETTARANI & JL. KOMP PEMDA","LORONG 2","-5.166710","119.435085"
"7371131001005003","7371131001","005","003","JL. AP PETTARANI",,"-5.167067","119.435273"
"7371131001005004","7371131001","005","004","JL. AP PETTARANI & JL. MAPPALA",,"-5.167533","119.435063"
"7371131001005005","7371131001","005","005","JL. YUSUF DG NGAWING & JL. AP PETTARANI & JL. MAPPALA
 JL. MAPPALA IV",,"-5.167639","119.440100"
"7371131001006001","7371131001","006","001","JL. HERTASNING X & JL. HERTASNING",,"-5.162305","119.437009"
"7371131001006002","7371131001","006","002","JL. HERTASNING II & JL. LETJEN HERTASNING VIII",,"-5.163500","119.437058"
"7371131001006003","7371131001","006","003","JL. HERTASNING V & JL. LETJEN HERTASNING VIII",,"-5.164144","119.436844"
"7371131001006004","7371131001","006","004","JL. HERTASNING VI & JL. LETJEN HERTASNING VIII",,"-5.164144","119.436844"
"7371131001006005","7371131001","006","005","JL. HERTASNING & JL. HERTASNING I",,"-5.163708","119.439257"
"7371131001006006","7371131001","006","006","JL.HERTASNING & JL. YUSUF DG NGAWING",,"-5.165558","119.437829"
"7371131001007001","7371131001","007","001","JL. HERTASNING & JL. LETJEN HERTASNING I & JL. LETJEN HERTASNING",,"-5.163342","119.440189"
"7371131001007002","7371131001","007","002","JL.HERTASNING & JL. LETJEN HERTASNING","BLOK E 17","-5.163804","119.441194"
"7371131001007003","7371131001","007","003","JL. LETJEN HERTASNING VII & JL. YUSUF DG NGAWING",,"-5.165157","119.440576"
"7371131001008001","7371131001","008","001","JL. TIDUNG MARIOLO & JL. YUSUF DG NGAWING",,"-5.166163","119.443144"
"7371131001008002","7371131001","008","002","JL. TIDUNG MARIOLO & JL. BONTO DG NGIRATE",,"-5.166032","119.443473"
"7371131001008003","7371131001","008","003","JL. BONTO DG NGIRATE & JL. MONUMEN EMY SAELAN",,"-5.167485","119.443911"
"7371131001008004","7371131001","008","004",,"LORONG 1","-5.167802","119.444245"
"7371131001008005","7371131001","008","005","JL. MAPPALA IV & JL. YUSUF DG NGAWING & JL. MONUMEN EMY SAELAN",,"-5.167730","119.442714"
"7371131002001001","7371131002","001","001","JL.TAMALATE I & JL.LETJEN HERTASNING & JL.TAMALATE IV & JL.TAMALATE V & JL.SETAPAK 22 & JL.SETAPAK 15",,"-5.167906","119.448445"
"7371131002001002","7371131002","001","002","JL.SETAPAK 22 & JL.TAMALATE I & JL.TAMALATE IV & JL.SETAPAK 16 & JL.SETAPAK 15 & JL.SETAPAK 17",,"-5.168397","119.447934"
"7371131002001003","7371131002","001","003","JL.SETAPAK 23 & JL.TAMALATE I & JL.TAMALATE IV & JL.SETAPAK 18 & JL.SETAPAK 19 & JL.SETAPAK 20",,"-5.168897","119.447425"
"7371131002001004","7371131002","001","004","JL.SETAPAK 21 & JL.TAMALATE I & JL.TAMALATE IV & JL.TAMALAE III & JL.SETAPAK 23 & JL.SETAPAK 20 & JL.SETAPAK 24",,"-5.169273","119.446830"
"7371131002001006","7371131002","001","006","JL.TAMALATE I & JL.SETAPAK 23",,"-5.168338","119.447358"
"7371131002002001","7371131002","002","001","JL.TAMALATE III & JL.TAMALATE IV & JL.SETAPAK 6",,"-5.169678","119.447671"
"7371131002002004","7371131002","002","004","JL.LETJEN HERTASNING & JL.TAMALATE V",,"-5.168943","119.449166"
"7371131002002005","7371131002","002","005","JL.SETAPAK 9 & JL.SETAPAK 3",,"-5.169517","119.448570"
"7371131002003001","7371131002","003","001","JL.LETJEN HERTASNING & JL.TAMALATE V & JL.TAMALATE VI",,"-5.169478","119.449956"
"7371131002003002","7371131002","003","002","JL.SETAPAK 12 & JL.SETAPAK 13 & JL.SETAPAK 4",,"-5.170182","119.449152"
"7371131002003003","7371131002","003","003","JL.SETAPAK 12 & JL.SETAPAK 11 & JL.SETAPAK 4 & JL.SETAPAK 5",,"-5.169920","119.448878"
"7371131002003005","7371131002","003","005","JL.SETAPAK 5 & JL.SETAPAK 4 & JL.TAMALATE VI",,"-5.170448","119.448611"
"7371131002003006","7371131002","003","006","JL.SETAPAK 14 & JL.SETAPAK 5 & JL.TAMALATE VI & JL.TAMALATE III",,"-5.170713","119.448420"
"7371131002004002","7371131002","004","002","JL.SETAPAK 51 & JL.SETAPAK 52 & JL.TAMALATE III & JL.TAMALATE IX",,"-5.171932","119.449321"
"7371131002004003","7371131002","004","003","JL.TAMALATE III & JL.TAMALATE IX & JL.SETAPAK 52 & JL.SETAPAK 53",,"-5.172142","119.449078"
"7371131002005001","7371131002","005","001","JL.TIDUNG IX & JL.TAMALATE VIII",,"-5.171930","119.451185"
"7371131002005002","7371131002","005","002","JL.TIDUNG IX & JL.TAMALATE II & JL.SETAPAK 1",,"-5.172493","119.449655"
"7371131002005004","7371131002","005","004","JL.TAMALATE VI & JL.HERTASNING TIMUR & JL.TAMALATE VIII & JL.LETJEN HERTASNING & JL.PALM MERAH",,"-5.170695","119.449614"
"7371131002005005","7371131002","005","005","JL.TIDUNG IX & JL.TAMALATE VIII & JL.LETJEN HERTASNING",,"-5.171123","119.451245"
"7371131002005006","7371131002","005","006","JL.TAMALATE VIII & JL.HERTASNING BARU & JL.LETJEN HERTASNING",,"-5.172978","119.452990"
"7371131002006001","7371131002","006","001","JL.TODDOPULI I & JL.TODDOPULI RAYA","SETAPAK 3 & SETAPAK 1","-5.166917","119.449090"
"7371131002006002","7371131002","006","002","JL.TODDOPULI I","SETAPAK 4 & SETAPAK 1","-5.167083","119.449414"
"7371131002006005","7371131002","006","005","JL.TODDOPULI I & JL.LETJEN HERTASNING","SETAPAK 1","-5.168274","119.449919"
"7371131002006006","7371131002","006","006","JL.LETJEN HERTASNING & JL.TODDOPULI I & JL.TODDOPULI RAYA",,"-5.167377","119.448950"
"7371131002007001","7371131002","007","001","JL.TODDOPULI RAYA & JL.TODDOPULI I",,"-5.165905","119.449991"
"7371131002007002","7371131002","007","002","JL.TODDOPULI I","SETAPAK 11","-5.166144","119.450253"
"7371131002008001","7371131002","008","001","JL.TODDOPULI V","SETAPAK 2","-5.165975","119.451144"
"7371131002008002","7371131002","008","002","JL.MAHONI",,"-5.166833","119.451542"
"7371131002008004","7371131002","008","004","JL.ASPOL TODDOPULI",,"-5.166925","119.452097"
"7371131002008005","7371131002","008","005",,,"-5.167298","119.452069"
"7371131002009001","7371131002","009","001","JL.PINANG & JL.ASOKA & JL.ANGSANA",,"-5.168613","119.452931"
"7371131002009002","7371131002","009","002","JL.ASAM KERANJI & JL.PANDAN",,"-5.169673","119.453158"
"7371131002009003","7371131002","009","003","JL.PALM MERAH & JL.PALM RAJA & JL.PINANG",,"-5.169501","119.452054"
"7371131002009005","7371131002","009","005","JL.MAHONI",,"-5.168250","119.452717"
"7371131002010002","7371131002","010","002","JL.BERINGIN II & JL.BERINGIN I & JL.BERINGIN VI",,"-5.169957","119.454136"
"7371131002010005","7371131002","010","005","JL.BERINGIN TIMUR","SETAPAK 1","-5.170442","119.455433"
"7371131002010006","7371131002","010","006","JL.BERINGIN XI & JL.BERINGIN X & JL.BORONG INDAH & JLBERINGIN III",,"-5.168740","119.455485"
"7371131002010007","7371131002","010","007","JL.BORONG INDAH X",,"-5.170250","119.457307"
"7371131002010008","7371131002","010","008","JL.BORONG INDAH",,"-5.171592","119.459351"
"7371131002010009","7371131002","010","009","JL.BORONG INDAH & JL.BERINGIN TIMUR",,"-5.169612","119.456445"
"7371131002010010","7371131002","010","010","JL.BERINGIN TIMUR",,"-5.171242","119.455830"
"7371131002011002","7371131002","011","002","JL.PERMATA HIJAU PERMAI & JL.LETJEN HERTASNING",,"-5.170916","119.453601"
"7371131002011003","7371131002","011","003","JL.PERMATA HIJAU PERMAI & JL.LETJEN HERTASNING","BLOK I","-5.171511","119.453985"
"7371131002011004","7371131002","011","004","JL.PERMATA HIJAU PERMAI & JL.LETJEN HERTASNING","BLOK J","-5.171706","119.454331"
"7371131002011005","7371131002","011","005","JL.PERMATA HIJAU PERMAI","BLOK K","-5.171602","119.454873"
"7371131002011006","7371131002","011","006","JL.LETJEN HERTASNING & JL.TAMALATE II","BLOK N4","-5.173841","119.453744"
"7371131002012001","7371131002","012","001","JL.BORONG INDAH & JL.TODDOPULI IV",,"-5.171309","119.461922"
"7371131002012003","7371131002","012","003","JL.BORONG INDAH",,"-5.171709","119.462020"
"7371131002012004","7371131002","012","004","JL.BORONG INDAH","BLOK B6 & C8","-5.172217","119.462625"
"7371131002012005","7371131002","012","005","JL.PURI TAMAN SARI",,"-5.172470","119.461652"
"7371131002012006","7371131002","012","006","JL.PURI TAMAN SARI",,"-5.172390","119.460706"
"7371131002013001","7371131002","013","001","JL.TODDOPULI II",,"-5.167367","119.450797"
"7371131002013002","7371131002","013","002","JL.BADAN HUKUM",,"-5.168423","119.450749"
"7371131002014001","7371131002","014","001","JL.LETJEN HERTASNING & JL.PERMATA HIJAU LESTARI",,"-5.174038","119.456210"
"7371131002014002","7371131002","014","002","JL.PERMATA HIJAU LESTARI",,"-5.173042","119.455400"
"7371131002014003","7371131002","014","003","JLPERMATA HIJAU LESTARI & JL.HERTASNING BARU",,"-5.173204","119.456979"
"7371131002014004","7371131002","014","004","JL.BANGKIT RAYA & JL.BANGKIT I & JL.BANGKIT II & JL.BANGKIT IV & JL.TAMAN GOSYEN II",,"-5.175146","119.458278"
"7371131002014005","7371131002","014","005","JL.PERMATA HIJAU LESTARI",,"-5.172496","119.455359"
"7371131002014007","7371131002","014","007","JL.PERMATA HIJAU LESTARI",,"-5.171709","119.456910"
"7371131002014008","7371131002","014","008","JL.PERMATA HIJAU LESTARI",,"-5.172223","119.457901"
"7371131003001001","7371131003","001","001","JL.TAMALATE & JL.SETAPAK 24",,"-5.169787","119.447144"
"7371131003001002","7371131003","001","002","JL.TAMALATEI & JL.SETAPAK 32",,"-5.169801","119.446383"
"7371131003001003","7371131003","001","003","JLSETAPAK 36 & JL.SETAPAK 24 & JL.SETAPAK 38",,"-5.169867","119.447132"
"7371131003001004","7371131003","001","004","JL.SETAPAK 34 & JL.SETAPAK 36",,"-5.170322","119.446702"
"7371131003001005","7371131003","001","005","JL.SETAPAK 40 & JL.SETAPAK 24 & JL.TAMALATE III",,"-5.170317","119.447086"
"7371131003001007","7371131003","001","007","JL.SETAPAK 36 & JL.SETAPAK 38 & JL.SETAPAK 24",,"-5.170675","119.447519"
"7371131003002001","7371131003","002","001","JL.SETAPAK 33 & JL.SETAPAK 31 & JL.TAMALATE I",,"-5.171062","119.446076"
"7371131003002003","7371131003","002","003","JL.SETAPAK 35",,"-5.171060","119.446469"
"7371131003002005","7371131003","002","005","JL.SETAPAK 28 & JL.TAMALATE VII",,"-5.171197","119.447144"
"7371131003002007","7371131003","002","007","JL.TAMALATE I & JL.SETAPAK 30 & JL.SETAPAK 35 & JL.TAMALATE VII",,"-5.171738","119.446752"
"7371131003003001","7371131003","003","001","JL.SETAPAK 41 & JL.TAMALATE III",,"-5.170858","119.448131"
"7371131003003002","7371131003","003","002","JL.SETAPAK 45 & JL.SETAPAK 50 & JL.TAMALATE III",,"-5.171591","119.448540"
"7371131003003003","7371131003","003","003","JL.SETAPAK 47 & JL.SETAPAK 41 & JL.SETAPAK 44 & JL.TAMALATE VII",,"-5.171074","119.447886"
"7371131003003004","7371131003","003","004","JL.SETAPAK 45 & JL.SETAPAK 44 & JL.TAMALATE VII",,"-5.171544","119.447804"
"7371131003003005","7371131003","003","005","JL.SETAPAK 46 & JL.TAMALATE VII & JL.TAMALATE II",,"-5.172040","119.447796"
"7371131003004001","7371131003","004","001","JL.TIDUNG VI & JL.TAMALATE I & JL.TAMALATE II",,"-5.171939","119.446216"
"7371131003004002","7371131003","004","002","JL.TIDUNG VI & JL.SETAPAK 4 & JL.SETAPAK 5 & JL.TAMALATE I",,"-5.172276","119.445946"
"7371131003004003","7371131003","004","003","JL.SETAPAK 5 & JL.SETAPAK 7 & JL.TAMALATE I",,"-5.173023","119.445584"
"7371131003004004","7371131003","004","004","JL.TIDUNG VI & JL.SETAPAK 5 & JLSETAPAK 8",,"-5.173236","119.446087"
"7371131003005001","7371131003","005","001","JL.TAMALATE II & JL.TIDUNG VI & JL.TIDUNG VII",,"-5.172199","119.447118"
"7371131003005002","7371131003","005","002","JL.SETAPAK VI & JL.SETAPAK 10 & JL.SETAPAK 11",,"-5.172999","119.446651"
"7371131003005004","7371131003","005","004","JL.TIDUNG VII & JLSETAPAK 15",,"-5.173732","119.446993"
"7371131003006001","7371131003","006","001","JL.TAMALATE II & JL.TIDUNG VII & JL.SETAPAK 1",,"-5.172379","119.447864"
"7371131003006002","7371131003","006","002","JL.TIDUNG VII & JL.SETAPAK 1 & JL.SETAPAK 2",,"-5.172801","119.448273"
"7371131003006003","7371131003","006","003","JL.TIDUNG VII & JL.SETAPAK 2 & JL.SETAPAK 3",,"-5.172986","119.448134"
"7371131003007001","7371131003","007","001","JL.TIDUNG VII & JL.SETAPAK 10",,"-5.173570","119.447558"
"7371131003007004","7371131003","007","004","JL.TIDUNG VII & JL.SETAPAK 5 & JL.SETAPAK 7",,"-5.173792","119.448386"
"7371131003007005","7371131003","007","005","JL.TIDUNG X",,"-5.174673","119.447936"
"7371131003008001","7371131003","008","001","JL.TAMALATE II & JL.TIDUNG VIII & JL.TIDUNG IX",,"-5.172875","119.449471"
"7371131003008002","7371131003","008","002","JL.SETAPAK 1 & JL.TIDUNG VIII & JL.SETAPAK 2 & JL.SETAPAK 3",,"-5.173262","119.449449"
"7371131003008004","7371131003","008","004","JL.SETAPAK 4 & JL.TIDUNG VIII & JL.SETAPAK 5 & JL.SETAPAK 6",,"-5.173428","119.450024"
"7371131003009001","7371131003","009","001","JL.SETAPAK 7 & JL.TIDUNG VIII & JL.SETAPAK 8 & JL.SETAPAK 9",,"-5.173697","119.449054"
"7371131003009002","7371131003","009","002","JL.SETAPAK 7 & JL.TIDUNG VIII & JL.TIDUNG IX & JL.SETAPAK 12",,"-5.173846","119.449507"
"7371131003009003","7371131003","009","003","JL.SETAPAK 10 & JL.TIDUNG VIII & JL.SETAPAK 11",,"-5.174249","119.448893"
"7371131003009004","7371131003","009","004","JL.SETAPAK 10 & JL.TIDUNG VIII & JL.SETAPAK 11",,"-5.174526","119.449654"
"7371131003010001","7371131003","010","001","JL.TIDUNG X",,"-5.175013","119.449159"
"7371131003010002","7371131003","010","002","JL TIDUNG X & JL.SETAPAK 3 & JL.SETAPAK 5 & JL.SETAPAK 6",,"-5.175390","119.449068"
"7371131003010003","7371131003","010","003","JL TIDUNG X & JL.TIDUNG IX & JL.SETAPAK 11",,"-5.174783","119.449595"
"7371131003010005","7371131003","010","005","JL MONUMEN EMMY SAELAN III & JL.KARUNRUNG RAYA I & JL.SETAPAK 8",,"-5.175708","119.451111"
"7371131003011001","7371131003","011","001","JL.TAMALATE II & JL.TIDUNG IX & JL.SETAPAK 3",,"-5.173375","119.450982"
"7371131003011002","7371131003","011","002","JL.TIDUNG IX & JL.SETAPAK 5 & JL.SETAPAK 3 & JL.SETAPAK 13",,"-5.173912","119.451511"
"7371141002003002","7371141002","003","002","JL.GRIYA ALAM PERMAI","BLOK H","-5.123355","119.501041"
"7371131003011003","7371131003","011","003","JL.TIDUNG IX & JL.SETAPAK 14",,"-5.173949","119.452573"
"7371131003011004","7371131003","011","004","JL.TIDUNG IX & JL.SETAPAK 14",,"-5.174767","119.453856"
"7371131003012001","7371131003","012","001","JL.TIDUNG IX & JL.SETAPAK 17",,"-5.174184","119.450415"
"7371131003012002","7371131003","012","002","JL.TIDUNG IX & JL.SETAPAK 18",,"-5.174349","119.450748"
"7371131003012003","7371131003","012","003","JL.TIDUNG IX & JL.SETAPAK 11",,"-5.174884","119.450451"
"7371131003012004","7371131003","012","004","JL.TIDUNG IX & JL.SETAPAK 11",,"-5.175116","119.451232"
"7371131003012005","7371131003","012","005","JL.TIDUNG IX & JL.SETAPAK 11 & JL.SETAPAK 5",,"-5.174654","119.451644"
"7371131003013001","7371131003","013","001","JL.PERUMAHAN HALMIN RESIDENCE",,"-5.175622","119.454064"
"7371131003013002","7371131003","013","002","JL.TAMAN YASMIN INDAH",,"-5.175045","119.452604"
"7371131003013003","7371131003","013","003","JL.TAMAN YASMIN INDAH",,"-5.175266","119.453298"
"7371131004001001","7371131004","001","001",,"LORONG GALAU & LORONG 8 & LORONG GOTONG YUDI","-5.157475","119.430331"
"7371131004001002","7371131004","001","002",,"LORONG GOTONG YUDI & LORONG 6","-5.157517","119.429513"
"7371131004001003","7371131004","001","003","JL. RAPPOCINI RAYA","LORONG 6 & LORONG GOTONG YUDI","-5.156923","119.429303"
"7371131004001004","7371131004","001","004","JL. RAPPOCINI RAYA","LORONG 8","-5.156125","119.430008"
"7371131004002001","7371131004","002","001","JL. RAPPOCINI RAYA & JL. CILALLANG",,"-5.158864","119.423448"
"7371131004002002","7371131004","002","002","JL. RAPPOCINI RAYA","LORONG 8","-5.157537","119.431462"
"7371131004002003","7371131004","002","003","JL. CILALLANG","LORONG 6","-5.159121","119.432467"
"7371131004002004","7371131004","002","004","JL. CILALLANG & JL. CILALLANG JAYA 7","LORONG 6","-5.159931","119.433690"
"7371131004002005","7371131004","002","005","JL. CILALLANG & JL. RAPPOCINI RAYA & JL. AP PETTARANI",,"-5.159895","119.435326"
"7371131004003001","7371131004","003","001","JL. AP PETTARANI",,"-5.160712","119.436744"
"7371131004003002","7371131004","003","002",,,"-5.160519","119.438798"
"7371131004003003","7371131004","003","003","JL. AP PETTARANI & JL. PENGAYOMAN",,"-5.156743","119.437327"
"7371131004003004","7371131004","003","004",,,"-5.161479","119.438667"
"7371131004003005","7371131004","003","005",,,"-5.161477","119.439370"
"7371131004003006","7371131004","003","006","JL. AP PETTARANI & JL. PENGAYOMAN",,"-5.159136","119.436805"
"7371131004004001","7371131004","004","001","JL. RAPPOCINI RAYA",,"-5.157698","119.433455"
"7371131004004002","7371131004","004","002","JL. BUAKANA",,"-5.157374","119.433554"
"7371131004004003","7371131004","004","003","JL. BUAKANA",,"-5.156903","119.434761"
"7371131004004004","7371131004","004","004","JL. BUAKAN VIII",,"-5.157011","119.434345"
"7371131004004005","7371131004","004","005","JL. BUAKAN VIII & JL. BUAKANA","LORONG 11 D","-5.155987","119.433011"
"7371131004004006","7371131004","004","006","JL. BUAKANA NO. D 10 & JL. BUAKANA & JL. AP PETTARANI",,"-5.156976","119.436059"
"7371131004004007","7371131004","004","007","JL. RAPPOCINI RAYA & JL. AP PETTARANI & JL. RAPPOCINI RAYA NO.219 L & JL. BUAKANA",,"-5.158195","119.435808"
"7371131004005001","7371131004","005","001","JL. RAPPOCINI RAYA & JL. BUAKANA","LORONG 11 D & LORONG 9 E","-5.155872","119.432555"
"7371131004005002","7371131004","005","002","JL. BUAKANA & JL. RAPPOCINI RAYA","LORONG 9 E","-5.156539","119.432028"
"7371131004005003","7371131004","005","003","JL. RAPPOCINI RAYA","LORONG 9 B & LORONG 9","-5.155847","119.430758"
"7371131004005004","7371131004","005","004","JL. RAPPOCINI RAYA","LORONG 9 B & LORONG 9","-5.159616","119.431320"
"7371131004005005","7371131004","005","005","JL. PELITA II
 ' & JL. RAPPOCINI RAYA","LORONG 9 & LORONG 5 & LORONG 9","-5.154731","119.431609"
"7371131004005006","7371131004","005","006",,"LORONG 9 & LORONG 9 G & LORONG 9 A","-5.154218","119.430828"
"7371131004005007","7371131004","005","007","JL. PELITA RAYA & JL. RAPPOCINI RAYA","LORONG 1 & LORONG 9 E","-5.154943","119.432198"
"7371131004006001","7371131004","006","001",,,".","."
"7371131004006002","7371131004","006","002","JL. PELITA V & JL. PELITA RAYA V A & JL. PELITA II",,"-5.155081","119.433752"
"7371131004006003","7371131004","006","003","JL. PELITA II","LORONG 3 & LORONG 5","-5.153870","119.432530"
"7371131004006004","7371131004","006","004","JL. AP PETTARANI & JL. PELITA RAYA VIII & JL. PELITA RAYA",,"-5.154937","119.436251"
"7371131004006005","7371131004","006","005","JL. BUAKANA VIII & JL. PELITA RAYA V",,"-5.155999","119.433571"
"7371131004007001","7371131004","007","001",,"LORONG 9 G & LORONG 9 H","-5.153245","119.431004"
"7371131004007002","7371131004","007","002","JL. PELITA II","LORONG 3 & LORONG 9 F & LORONG 9","-5.153939","119.431414"
"7371131004007003","7371131004","007","003","JL. PELITA III","LORONG 3","-5.153985","119.432698"
"7371131004007004","7371131004","007","004","JL. PELITA II & JL. PELITA II","LORONG 9 & LORONG 9 H & GANG II","-5.153597","119.433727"
"7371131004007005","7371131004","007","005",,"LORONG 9 H & LORONG 3","-5.152437","119.431420"
"7371131004007006","7371131004","007","006","JL. PELITA II & JL. PELITA RAYA III","GANG II","-5.152724","119.433291"
"7371131005001001","7371131005","001","001","JL. HERTASNING BARAT IV & JL.HERTASNING BARAT II",,"-5.165233","119.445603"
"7371131005001002","7371131005","001","002","JL. HERTASNING BARAT IV & JL. TIDUNG MARIOLO 05",,"-5.164396","119.443953"
"7371131005001003","7371131005","001","003","JL. HERTASNING BARAT II",,"-5.165864","119.444662"
"7371131005002001","7371131005","002","001","JL. TIDUNG II & JL. BONTO DG NGIRATE & JL. HERTASNING BARU",,"-5.168285","119.446869"
"7371131005002002","7371131005","002","002","JL. TIDUNG II & JL. BONTO DG NGIRATE & JL. HERTASNING BARU",,"-5.167815","119.446139"
"7371131005002003","7371131005","002","003","JL. HERTASNING BARU",,"-5.167271","119.447451"
"7371131005003001","7371131005","003","001","JL. BONTO DG NGIRATE & JL. TIDUNG III STP. 3 & JL. TIDUNG IV",,"-5.170122","119.445945"
"7371131005003002","7371131005","003","002","JL. BONTO DG NGIRATE & JL. TIDUNG III & JL. TIDUNG RAYA BLOK 18",,"-5.168887","119.446033"
"7371131005003003","7371131005","003","003","JL. BONTO DG NGIRATE 
 JL. TIDUNG III",,"-5.168524","119.545725"
"7371131005003004","7371131005","003","004","TIDUNG III",,"-5.169153","119.445401"
"7371131005003005","7371131005","003","005","JL. TIDUNG III & JL. TIDUNG IV",,"-5.169924","119.445738"
"7371131005003006","7371131005","003","006","JL. TIDUNG III & JL. MONUMEN EMY SAELAN II",,"-5.169875","119.445535"
"7371131005003007","7371131005","003","007","JL. TIDUNG IV STP 7",,"-5.170340","119.444826"
"7371131005003008","7371131005","003","008","JL. TIDUNG III & JL. MONUMEN EMY SAELAN II","LORONG 2","-5.169474","119.944953"
"7371131005004001","7371131005","004","001","JL. TIDUNG V & JL. TIDUNG IV STP 5",,"-5.171868","119.445181"
"7371131005004002","7371131005","004","002","JL. TIDUNG IV STP 5 & JL. TIDUNG IV STP 2 & JL. TIDUNG IV STP 4",,"-5.171493","119.445550"
"7371131005004003","7371131005","004","003","JL. TIDUNG V & JL. TIDUNG IV STP 6 & JL. TIDUNG IV STP 7",,"-5.171590","119.444297"
"7371131005004004","7371131005","004","004","JL. TIDUNG V STP 9",,"51.170765","119.944176"
"7371131005004005","7371131005","004","005","JL. TIDUNG IV STP 4 & JL. TIDUNG IV STP 3 & JL. TIDUNG IV STP 7",,"-5.170757","119.445064"
"7371131005005001","7371131005","005","001","JL. TIDUNG V STP 5 & JL. TIDUNG V STP 2 & JL. TIDUNG V STP I & JL. TIDUNG V",,"-5.172911","119.445053"
"7371131005005002","7371131005","005","002","JL. TIDUNG V STP 2 & JL. TIDUNG V STP 5 & JL. TIDUNG V STP 7",,"-5.172224","119.444085"
"7371131005005003","7371131005","005","003","JL TIDUNG V STP 2 & JL. TIDUNG V STP 7",,"-5.172167","119.443772"
"7371131005006001","7371131005","006","001","JL. BONTO DG NGIRATE",,"-5.167028","119.445999"
"7371131005006002","7371131005","006","002","JL. BONTO DG NGIRATE",,"-5.167105","119.444974"
"7371131005006003","7371131005","006","003","JL. BONTO DG NGIRATE K78",,"-5.166931","119.444372"
"7371131006001001","7371131006","001","001","JL. INSPEKSI KANAL & JL. RAPPOCINI RAYA & JL. MUTIARA V","LORONG KANAL","-5.151926","119.427231"
"7371131006001002","7371131006","001","002","JL. RAPPOCINI RAYA","LORONG 3 & LORONG 3 F","-5.152602","119.427612"
"7371131006001003","7371131006","001","003","JL. RAPPOCINI RAYA","LORONG 3 B","-5.153084","119.427597"
"7371141002003003","7371141002","003","003",,,".","."
"7371131006001004","7371131006","001","004","JL. RAPPOCINI RAYA","LORONG 5 D & LORONG 5 C","-5.153269","119.428690"
"7371131006001005","7371131006","001","005","JL. RAPPOCINI RAYA","LORONG 3 B & LORONG 5","-5.154282","119.428560"
"7371131006001006","7371131006","001","006","JL. RAPPOCINI RAYA","LORONG 5 & LORNG 3 D & LORONG 3 F & LORONG 3 G","-5.152271","119.428784"
"7371131006001007","7371131006","001","007","JL.RAPPOCINI RAYA & JL. MUTIARA V","LORONG 5 & LORONG 3","-5.151247","119.429084"
"7371131006002001","7371131006","002","001","JL RAPPOCINI RAYA",,"-5.152855","119.425993"
"7371131006002002","7371131006","002","002","JL. RAPPOCINI RAYA","LORONG 1 & LORONG 4","-5.153897","119.427008"
"7371131006002003","7371131006","002","003",,"LORONG 1","-5.153954","119.426426"
"7371131006002004","7371131006","002","004",,"LORONG 1","-5.155080","119.426145"
"7371131006003001","7371131006","003","001","JL. RAPPOCINI RAYA","LORONG 4","-5.154684","119.427604"
"7371131006003002","7371131006","003","002","JL. RAPPOCINI RAYA",,"-5.155000","119.428352"
"7371131006003003","7371131006","003","003","JL. RAPPOCINI RAYA","LORONG 6 A","-5.155119","119.429114"
"7371131006003004","7371131006","003","004",,"LORONG 4","-5.155540","119.427355"
"7371131006003005","7371131006","003","005",,"LORONG 4","-5.155776","119.427979"
"7371131006004001","7371131006","004","001","JL. RAPPOCINI RAYA","LORONG 5 & LORONG 5 B","-5.154634","119.429744"
"7371131006004002","7371131006","004","002","JL RAPPOCINI RAYA","LORONG 5 & LORONG 5 D","-5.153577","119.429709"
"7371131006004003","7371131006","004","003","JL. RAPPOCINI","LORONG 5 & LORONG 5 F","-5.152841","119.429893"
"7371131006004004","7371131006","004","004","JL. RAPPOCINI RAYA","LORONG 5 & LORONG 5 F","-5.151932","119.429768"
"7371131006004005","7371131006","004","005","JL. RAPPOCINI RAYA","LORONG 5","-5.151628","119.430378"
"7371131006005001","7371131006","005","001","JL. INSPEKSI KANAL & JL. VETRAN SELATAN","LORONG 3","-5.151464","119.426327"
"7371131006005002","7371131006","005","002","JL. INPEKSI KANAL & JL. VETRAN SELATAN","LORONG 3","-5.149771","119.426749"
"7371131006005003","7371131006","005","003","JL. MONGINSIDI BARU",,"-5.148656","119.428552"
"7371131006006001","7371131006","006","001","JL. MONGINSIDI BARU & JL. INPEKSI KANAL & JL. MUTIARA II",,"-5.150169","119.428120"
"7371131006006002","7371131006","006","002","JL. INPEKSI KANAL & JL. MUTIARA III & JL. MUTIARA II",,"-5.150577","119.427744"
"7371131006006003","7371131006","006","003","JL. INPEKSI KANAL & JL. RAPPOCINI RAYA & JL. MUTIARA V","LORONG 3 G","-5.151407","119.428318"
"7371131007001001","7371131007","001","001","PELITA RAYA","LORONG 4","-1.151244","119.434270"
"7371131007001002","7371131007","001","002","JL. PELITA TENGAH III & JL. BALLA PARANG I",,"-5.150217","119.433213"
"7371131007001003","7371131007","001","003","BALLA PARANG I",,"-5.150242","119.433483"
"7371131007001004","7371131007","001","004","JL. BALLA PARANG I & JL. PELITA RAYA","LORONG 1 & LORONG 2","-5.149668","119.433089"
"7371131007001005","7371131007","001","005","JL. BALLA PARANG II","LORONG BERKAH","-5.148968","119.433389"
"7371131007002001","7371131007","002","001","JL. IKHLAS","LORONG MUKMIN & LORONG BERKAH & LORONG HIKMAH","-5.148258","119.432979"
"7371131007002002","7371131007","002","002","JL. KELAPA III & JL.SUNGAI SADDANG BARU & JL.CILALANG JAWA",,"-5.147656","119.431329"
"7371131007002003","7371131007","002","003","JL.SUNGAI SADDANG BARU","LORONG 7","-5.148518","119.430969"
"7371131007002004","7371131007","002","004","JL. MONGINSIDI BARU","LORONG MUKMIN 2","-5.149515","119.431950"
"7371131007003001","7371131007","003","001","JL. NIKEL RAYA & JL. NIKEL I & JL. NIKEL II & JL NIKEL III & JL. TIMAH RAYA",,"-5.151095","119.435873"
"7371131007003002","7371131007","003","002","JL. NIKEL I & JL. PELITA RAYA & JL.TIMAH RAYA' & JL. NIKEL RAYA & JL. NIKEL III",,"-5.150798","119.434885"
"7371131007003003","7371131007","003","003","JL. TIMAH RAYA & JL. TIMAH I & JL .PELITA RAYA",,"-5.153210","119.434330"
"7371131007003004","7371131007","003","004","JL. TIMAH RAYA & JL. TIMAH V & JL.TIMAH II & JL. TIMAH I & JL. TIMAH IV & JL.NIKEL RAYA",,"-5.152837","119.436297"
"7371131007003005","7371131007","003","005","JL.TIMAH I & JL. TIMAH IV & JL. TIMAH III & JL. TIMAH V & JL. NIKEL RAYA & JL. PELITA RAYA",,"-5.153797","119.435349"
"7371131007004001","7371131007","004","001","JL. PELITA RAYA",,"-5.152174","119.432760"
"7371131007004002","7371131007","004","002","JL. PELITA RAYA IV & JL.RAPPOCINI RAYA","LORONG 9 & LORONG 5","-5.151452","119.430796"
"7371131007004003","7371131007","004","003","JL. PELITA RAYA TENGAH & JL. PELITA RAYA IV",,"-5.150939","119.431642"
"7371131007004004","7371131007","004","004","JL. PELITA RAYA TENGAH & PELITA RAYA",,"-5.151996","119.433509"
"7371131007005001","7371131007","005","001","JL. MONGINSIDI BARU","LORONG 3","-5.149327","119.431285"
"7371131007005002","7371131007","005","002","JL.SUNGAI SADDANG BARU & JL. CILALLANG JAYA & JL. MONGINSIDI BARU","LORONG 7","-5.148951","119.430767"
"7371131007005003","7371131007","005","003","JL. MONGINSIDI BARU",,"-5.149895","119.430565"
"7371131007005004","7371131007","005","004","JL. SUNGAI SADDANG BARU & JL. MONGINSIDI BARU","LORONG 7 & LORONG 1 A & LORONG 6","-5.148496","119.429931"
"7371131007005005","7371131007","005","005","JL. MONGINSIDI BARU & JL. PELITA RAYA TENGAH",,"-5.150201","119.430464"
"7371131007005006","7371131007","005","006","JL. MONGINSIDI BARU",,"-5.150338","119.429433"
"7371131007005007","7371131007","005","007","JL. SUNGAI SADDANG BARU & JL. MONGINSIDI BARU","LORONG 6 & LORONG 1 A","-5.149333","119.429878"
"7371131007006001","7371131007","006","001","JL. KELAPA III & BALLA PARANG & PELITA UTARA",,"-5.147216","119.435136"
"7371131007006002","7371131007","006","002","JL. KELAPA III","LORONG BERKAH","-5.514584","119.943136"
"7371131007006003","7371131007","006","003","JL. BALLA PARANG II","LORONG BERKAH","-5.147681","119.933844"
"7371131007006004","7371131007","006","004","JL. KELAPA III","LORONG 8 & LORONG MUKMIN I","-5.147340","119.432367"
"7371131007006005","7371131007","006","005","JL.ABUBAKAR LAMBOGO & JL. KELAPA III NO.9 & JL. KELAPA III",,"-5.147029","119.431748"
"7371131007006006","7371131007","006","006","JL. KELAPA 3",,"-5.146281","119.432532"
"7371131007006007","7371131007","006","007","JL. KELAPA III","LORONG MUKMIN I & LORONG BERKAH","-5.147346","119.433046"
"7371131007007001","7371131007","007","001","JL. KELAPA III","GANG V & GANG VI","-5.145630","119.432669"
"7371131007007002","7371131007","007","002","JL. KELAPA II","GANG V","-5.145710","119.432907"
"7371131007007003","7371131007","007","003","JL. KELAPA III",,"-5.145425","119.433251"
"7371131007007004","7371131007","007","004","JL. KELAPA III","GANG II & GANG III","-5.146473","119.434395"
"7371131007007005","7371131007","007","005",,"GANG II","-5.145702","119.434496"
"7371131007007006","7371131007","007","006","JL. KELAPA III","GANG II","-5.145776","119.434963"
"7371131007007007","7371131007","007","007",,,"-5.145368","119.434940"
"7371131007008001","7371131007","008","001","JL. PELITA RAYA & JL. PELITA III UTARA",,"-5.514817","119.943556"
"7371131007008002","7371131007","008","002","JL. SUNGAI SADDANG BARU",,"-5.148895","119.434924"
"7371131007008003","7371131007","008","003","JL. PARANG BALLA II & JL. SUNGAI SADDANG BARU",,"-5.148076","119.434467"
"7371131007009001","7371131007","009","001","JL. SUNGAI SADDANG BARU","LORONG MUKMIN II & LORONG IKHLAS","-5.149296","119.432691"
"7371131007009002","7371131007","009","002","JL. PELITA RAYA TENGAH III","LORONG IKHLAS","-5.149668","119.943120"
"7371131007009003","7371131007","009","003","JL. PELITA RAYA TENGAH & JL. PELITA RAYA TENGAH I & JL. PELITA RAYA","LORONG 4 & LORONG 1","-5.151429","119.432780"
"7371131007009004","7371131007","009","004","JL. PELITA RAYA TENGAH",,"-5.151982","119.432940"
"7371131008001001","7371131008","001","001","JL.WIJAYA KUSUSMA I",,"-5.155982","119.426547"
"7371131008001002","7371131008","001","002","JL.WIJAYA KUSUSMA I",,"-5.156806","119.426470"
"7371131008001003","7371131008","001","003","JL.WIJAYA KUSUSMA I",,"-5.157047","119.428004"
"7371131008001004","7371131008","001","004","JL.WIJAYA KUSUMA & JL.WIJAYA KUSUMA III & JL.WIJAYA KUSUMA V",,"-5.158952","119.428659"
"7371131008001005","7371131008","001","005","JL.WIJAYA KUSUSMA",,"-5.159383","119.430074"
"7371131008001006","7371131008","001","006","JL.RSI FAISAL XIV & JL.WIJAYA KUSUMA IV","LORONG 7","-5.160858","119.429719"
"7371131008001007","7371131008","001","007","JL.RSI FAISAL XIV & JL.WIJAYA KUSUMA IV","LORONG 7","-5.161475","119.428934"
"7371131008001008","7371131008","001","008","JL.RSI FAISAL XIV & JL.WIJAYA KUSUMA IV",,"-5.161991","119.428739"
"7371131008001009","7371131008","001","009","JL.RSI FAISAL XVII & JL.RSI FAISAL XIV","LORONG 2 & LORONG 7","-5.161930","119.430559"
"7371131008001010","7371131008","001","010","JL.LANDAK BARU & JL.WIJAYA KUSUMA & JL.RSI FAISALXIV","LORONG 8","-5.160694","119.427872"
"7371131008001011","7371131008","001","011","JL.INSPEKSI KANAL & JL.BANTA BANTAENG & JL.WIJAYA KUSUMA",,"-5.158917","119.424518"
"7371131008001012","7371131008","001","012","JL.WIJAYA KUSUMA II & JL.WIJAYA KUSUMA",,"-5.159509","119.425600"
"7371131008001013","7371131008","001","013","JL.LANDAK BARU & JL.FAISAL & JL.RSI FAISAL XIV",,"-5.161856","119.428341"
"7371131008001014","7371131008","001","014","JL.WIJAYA KUSUMA I & JL.INSPEKSI KANAL",,"-5.157084","119.425048"
"7371131008001015","7371131008","001","015","JL.WIJAYA KUSUMA I",,"-5.157788","119.425513"
"7371131008001016","7371131008","001","016","JL.WIJAYA KUSUMA I",,"-5.157966","119.426131"
"7371131008001017","7371131008","001","017","JL.WIJAYA KUSUMA I & JL.WIJAYA KUSUMA",,"-5.158167","119.427033"
"7371131008001018","7371131008","001","018","JL.WIJAYA KUSUMA IV & JL.WIJAYA KUSUMA",,"-5.158332","119.427479"
"7371131008001019","7371131008","001","019","JL.FAISAL & JL.RSI FAISAL XIV",,"-5.162652","119.429086"
"7371131008002001","7371131008","002","001","JL.A.P.PETTARANI & JL.RSI FAISAL X & JL.RSI FAISAL XXIV & JL.RS ISLAM FAISAL XI & JL.RSI FAISAL II",,"-5.165542","119.433174"
"7371131008002002","7371131008","002","002","JL.A.P.PETTARANI & JL.RSI FAISAL X & JL.RSI FAISAL XXIV & JL.RS ISLAM FAISAL XI & JL.RSI FAISAL II",,"-5.165224","119.433228"
"7371131008002003","7371131008","002","003","JL.A.P.PETTARANI & JL.RSI FAISAL X & JL.RSI FAISAL XXIV & JL.RSI FAISAL IX & JL.RSI FAISAL II",,"-5.164887","119.433200"
"7371131008002004","7371131008","002","004","JL.A.P.PETTARANI & JL.RSI FAISAL XXIV & JL.RS I SLAM FAISAL VII & JL.RSI FAISAL II",,"-5.164398","119.433236"
"7371131008002005","7371131008","002","005","JL.A.P.PETTARANI & JL.RSI FAISAL XXIV & JL.RS ISLAM FAISAL VII & JL.RSI FAISAL II",,"-5.164079","119.433453"
"7371131008002006","7371131008","002","006","JL.A.P.PETTARANI & JL.RSI FAISAL & JL.RS ISLAM FAISAL VII & JL.RSI FAISAL II & JL.RS ISLAM FAISAL VI",,"-5.163845","119.433606"
"7371131008002007","7371131008","002","007","JL.A.P.PETTARANI & JL.RSI FAISAL & JL.RSI FAISAL V & JL.RSI FAISAL II & JL.RS FAISAL VI",,"-5.163438","119.433529"
"7371131008002008","7371131008","002","008","JL.A.P.PETTARANI & JL.RSI FAISAL & JL.RSI FAISAL IV & JL.RSI FAISAL II",,"-5.163226","119.434632"
"7371131008002009","7371131008","002","009","JL.A.P.PETTARANI & JL.RSI FAISAL RAYA",,"-5.160590","119.434408"
"7371131008003001","7371131008","003","001","JL.ALAUDDIN I & JL.BONTO LANRA","LORONG 1","-5.166417","119.422930"
"7371131008003002","7371131008","003","002","JL.INSPEKSI KANAL","LORONG 1","-5.164755","119.422745"
"7371131008003003","7371131008","003","003","JL.INSPEKSI KANAL & JL.ANDI DJEMMA","LORONG 1","-5.163782","119.422627"
"7371131008003004","7371131008","003","004","JL.BONTOLANRA & JL.ANDI DJEMMA","LORONG 1","-5.163759","119.423234"
"7371131008003005","7371131008","003","005","JL.BONTO LANRA & JL.BONTOLANRA III & JL.ANDI DJEMMA & JL.SULTAN","LORONG 2 & LORONG 4 & LORONG 5 C","-5.165936","119.424317"
"7371131008003006","7371131008","003","006","JL.ANDI DJEMMA & JL.KOMP.METROPOLITAN","LORONG 9 B & LORONG 5 C","-5.166677","119.427103"
"7371131008004001","7371131008","004","001","JL.BANTA BANTAENG","LORONG 6 A","-5.160922","119.426476"
"7371131008004002","7371131008","004","002","JL.BANTA BANTAENG","LORONG 6","-5.160646","119.426132"
"7371131008004003","7371131008","004","003","JL.KOMP.P.D. AYU & JL.LANDAK BARU","LORONG 3","-5.161664","119.425668"
"7371131008004004","7371131008","004","004",,,".","."
"7371131008004005","7371131008","004","005",,"LORONG 9","-5.162046","119.426564"
"7371131008004006","7371131008","004","006",,,".","."
"7371131009002005","7371131009","002","005",,,"-5.175541","119.448395"
"7371131008004007","7371131008","004","007","JL.WIJAYA KUSUMA & JL.WIJAYA KUSUMA IV & JL.LANDAK BARU","LORONG 8","-5.160725","119.427996"
"7371131008004008","7371131008","004","008",,,".","."
"7371131008004009","7371131008","004","009","JL.BANTA BANTAENG","LORONG 10","-5.161708","119.427631"
"7371131008004010","7371131008","004","010","JL.WIJAYA KUSUMA I",,"-5.159736","119.427764"
"7371131008005001","7371131008","005","001","JL.BANTA BANTAENG","LORONG 1 & LORONG 2","-5.159872","119.423835"
"7371131008005002","7371131008","005","002","JL.BANTA BANTAENG","LORONG 2","-5.160289","119.424237"
"7371131008005003","7371131008","005","003",,,".","."
"7371131008005004","7371131008","005","004","JL.BANTA BANTAENG V","GANG 4","-5.161300","119.423983"
"7371131008005005","7371131008","005","005","JL.WIJAYA KUSUMA & JL.BANTA BANTAENG",,"-5.159717","119.424802"
"7371131008005006","7371131008","005","006","JL.WIJAYA KUSUMA III & JL.BANTA BANTAENG","LORONG 4","-5.160208","119.425604"
"7371131008005007","7371131008","005","007","JL.BANTA BANTAENG","LORONG 3","-5.161529","119.424636"
"7371131008005008","7371131008","005","008","JL.INSPEKSI KANAL II & JL.ANDI DJEMMA","LORONG 2","-5.162753","119.423727"
"7371131008006001","7371131008","006","001","JL.LANDAK BARU","LORONG 3 & LORONG 9","-5.162549","119.425530"
"7371131008006002","7371131008","006","002","JL.LANDAK BARU & JL.ANDI DJEMMA","LORONG 2 & LORONG 3 & LORONG 4","-5.163506","119.424929"
"7371131008006003","7371131008","006","003","JL.LANDAK BARU & JL.ANDI DJEMMA","LORONG 6 & LORONG 7 A & LORONG 8","-5.162963","119.426897"
"7371131008006004","7371131008","006","004",,,".","."
"7371131008006005","7371131008","006","005","JL.LANDAK BARU & JL.ANDI DJEMMA","LORONG 8 & LORONG 7 & LORONG 9","-5.164798","119.427068"
"7371131008006006","7371131008","006","006","JL.BONTO MENE I & JL.ANDI DJEMMA","LORONG 10 & LORONG 9","-5.165603","119.428721"
"7371131008006007","7371131008","006","007","JL.LANDAK BARU & JL.ANDI DJEMMA","LORONG 8 & LORONG 9","-5.165035","119.427430"
"7371131008006008","7371131008","006","008","JL.RSIFAISAL XV & JL.RSI FAISAL XVI & JL.RSI FAISAL XIV",,"-5.163608","119.430186"
"7371131008007001","7371131008","007","001","JL.BONTO MENE & JL.BONTO LANGKASA & JL.BUNTU & JL.RSI FAISAL XII & JL.A.P.PETTARANI",,"-5.166689","119.431965"
"7371131008007002","7371131008","007","002","JL.BONTO MENE & JL.ANDI THYLAR & JL.BONTO MENE I & JL.RSI FAISAL XII",,"-5.164752","119.431035"
"7371131008007003","7371131008","007","003","JL.ANDI DJEMMA & JL.LANDAK BARU XI & JL.BONTO MENE",,"-5.167040","119.429261"
"7371131008007004","7371131008","007","004","JL.BONTO MENE I & JL.BONTO MENE","LORONG 10","-5.165235","119.430111"
"7371131008008001","7371131008","008","001","JL.RSI FAISAL XIV & JL.RSI FAISAL XVII",,"-5.162173","119.431372"
"7371131008008002","7371131008","008","002","JL.RSI FAISAL XVII","LORONG 1 A","-5.162193","119.432019"
"7371131008008003","7371131008","008","003","JL.RSI FAISAL XVII",,"-5.161023","119.431393"
"7371131008008004","7371131008","008","004","JL.RSI FAISAL XVII","LORONG 1 A","-5.161486","119.432360"
"7371131009001001","7371131009","001","001","JL.LETJEN HERTASNING",,"-5.177794","119.454429"
"7371131009001002","7371131009","001","002","JL.KARUNRUNG RAYA 2 & JL.KARUNRUNG",,"-5.177470","119.451871"
"7371131009001003","7371131009","001","003","JL.KARUNRUNG RAYA",,"-5.179312","119.452257"
"7371131009001004","7371131009","001","004","JL.KARUNRUNG RAYA & JL.KARUNRUNG RAYA IV",,"-5.179978","119.450929"
"7371131009001005","7371131009","001","005","JL.KARUNRUNG RAYA & JL.KARUNRUNG RAYA I",,"-5.177430","119.450833"
"7371131009001006","7371131009","001","006","JL.KARUNRUNG RAYA & JL.JIPANG RAYA & JL.BONTO TANGNGA",,"-5.178479","119.450188"
"7371131009001007","7371131009","001","007","JL.JIPANG RAYA & JL.KARUNRUNG RAYA",,"-5.179454","119.450485"
"7371131009002001","7371131009","002","001","JL.TAMALATE & JL.MONUMEN EMMY SAELAN III & JL.TIDUNG IV",,"-5.174766","119.446260"
"7371131009002002","7371131009","002","002","JL.MONUMEN EMMY SAELAN III",,"-5.176173","119.448131"
"7371131009002006","7371131009","002","006","JL.MONUMEN EMMY SAELAN III",,"-5.176603","119.449254"
"7371131009003001","7371131009","003","001","JL.MINASA UPA",,"-5.185332","119.451430"
"7371131009003002","7371131009","003","002","JL.TALASALAPANG",,"-5.184532","119.451777"
"7371131009003003","7371131009","003","003","JL.TALASALAPANG",,"-5.184877","119.451644"
"7371131009003004","7371131009","003","004","JL.TALASALAPANG",,"-5.184203","119.451921"
"7371131009003005","7371131009","003","005","JL.MINASA UPA",,"-5.184085","119.452892"
"7371131009003006","7371131009","003","006","JL.MINASA UPA",,"-5.185404","119.452424"
"7371131009004001","7371131009","004","001","JL.JIPANG RAYA & JL.TALASALAPANG & JL.TALASALAPANG IV",,"-5.183368","119.450656"
"7371131009004002","7371131009","004","002","JL.JIPANG RAYA & JL.TALASALAPANG",,"-5.183002","119.449448"
"7371131009004003","7371131009","004","003","JL.KARAENG BONTO TANGNGA & JL.JIPANG RAYA",,"-5.181349","119.449886"
"7371131009004004","7371131009","004","004","JL.KARUNRUNG RAYA",,"-5.181944","119.451599"
"7371131009005001","7371131009","005","001","JL.BENDUNGAN BILI BILI & JL.BENDUNGAN BILI BILI II & JL.KARAENG BONTO TANGNGA I & JL.KARAENG BONTO TANGNGA VI","LORONG 2","-5.178770","119.446851"
"7371131009005002","7371131009","005","002","JL.EMMY SAELAN III","LORONG 4 A & LORONG 41","-5.177844","119.448205"
"7371131009005003","7371131009","005","003","JL.SKARDA N 4 & JL.SKARDA N 1 & JL.MONUMEN EMMY SAELAN & JL.SKARDA N 3 & JL.MONUMEN EMMY SAELAN III",,"-5.176217","119.445233"
"7371131009006001","7371131009","006","001","JL.SETAPAK VIII & JL.KARUNRUNG RAYA I & JL.TIDUNG X",,"-5.175949","119.452211"
"7371131009006003","7371131009","006","003","JL.TIDUNG X",,"-5.176530","119.453308"
"7371131009006004","7371131009","006","004","JL.KARUNRUNG RAYA I",,"-5.176655","119.450988"
"7371131009007001","7371131009","007","001","JL.KARAENG BONTO TANGNGA & JL.KARAENG BONTO TANGNGA VI & JL.KARAENG BONTO TANGNGA VII",,"-5.180778","119.449101"
"7371131009007002","7371131009","007","002","JL.BENDUNGAN BILI BILI II & JL.BENDUNGAN BILI BILI & JL.KARAENG BONTO TANGNGA II","LORONG 2","-5.180355","119.448141"
"7371131009007003","7371131009","007","003","JL.BENDUNGAN BILI BILI II & JL.BENDUNGAN BILI BILI & JL.KARAENG BONTO TANGNGA II",,"-5.179083","119.448934"
"7371131009007004","7371131009","007","004","JL.TALASALAPANG",,"-5.183481","119.447559"
"7371131009008001","7371131009","008","001","JL.JIPANG RAYA",,"-5.184898","119.449455"
"7371131009008003","7371131009","008","003","JL.TALASALAPANG & JL.JIPANG RAYA",,"-5.184322","119.450026"
"7371131009009001","7371131009","009","001","JL.KARUNRUNG RAYA & JL.KARUNRUNG RAYA V & ",,"-5.180625","119.452864"
"7371131009009002","7371131009","009","002","JL.KARUNRUNG ASRI UTAMA & JL.KARUNRUNG ASRI DALAM & JL.KARUNRUNG ASRI I",,"-5.181503","119.453320"
"7371131009009003","7371131009","009","003","JL.MINASA KARYA",,"-5.183060","119.452290"
"7371131009010001","7371131009","010","001",,,"-5.177676","119.456772"
"7371131009010002","7371131009","010","002",,,"-5.179709","119.455108"
"7371131009010003","7371131009","010","003","JL.HERTASNING BARU",,"-5.180757","119.455503"
"7371131009010004","7371131009","010","004","JL.AROEPALA & JL.HERTASSNING BARU",,"-5.182157","119.454752"
"7371131010001001","7371131010","001","001","JL.JIPANG RAYA",,"-5.187667","119.447434"
"7371131010001002","7371131010","001","002","JL.SULTAN ALAUDDIN & JL.SYECH YUSUF & JL.TEDUH BERSINAR",,"-5.187794","119.441785"
"7371131010001003","7371131010","001","003",,,".","."
"7371131010001004","7371131010","001","004","JL.JIPANG RAYA & JL.TEDUH BERSINAR",,"-5.187275","119.446531"
"7371131010001005","7371131010","001","005","JL.MINASA UPA & JL.SYECH YUSUF",,"-5.189397","119.450131"
"7371131010001006","7371131010","001","006","JL.SYECH YUSUF",,"-5.189116","119.449485"
"7371131010001007","7371131010","001","007","JL.SYECH YUSUF",,"-5.188153","119.444063"
"7371131010001008","7371131010","001","008","JL.JIPANG RAYA",,"-5.187319","119.448628"
"7371131010002001","7371131010","002","001","JL.SYECH YUSUF & JL.TEDUH BERSINAR",,"-5.186012","119.442751"
"7371131010002002","7371131010","002","002",,,".","."
"7371131010002003","7371131010","002","003","JL.BUMI 23",,"-5.185844","119.446167"
"7371131010002004","7371131010","002","004","JL.SYECH YUSUF & JL.TEDUH BERSINAR",,"-5.186586","119.441672"
"7371131010002005","7371131010","002","005","JL.TEDUH BERSINAR",,"-5.187630","119.445610"
"7371131010002006","7371131010","002","006",,,".","."
"7371131010002007","7371131010","002","007","JL.TEDUH BERSINAR",,"-5.185455","119.444705"
"7371131010003001","7371131010","003","001","JL.SULTAN ALAUDDIN & JL.BUMI RAYA & JL.BUMI 3",,"-5.184824","119.441569"
"7371131010003002","7371131010","003","002","JL.BUMI 4 & JL.BUMI 8 & JL.BUMI 6",,"-5.184366","119.442368"
"7371131010003003","7371131010","003","003","JL.BUMI 8 & JL.BUMI 9 & JL.BUMI 10",,"-5.183807","119.442907"
"7371131010003004","7371131010","003","004","JL.BUMI 11 & JL.BUMI 12 & JL.BUMI 17",,"-5.184362","119.443818"
"7371131010003005","7371131010","003","005","JL.BUMI 18 & JL.BUMI 19 & JL.BUMI 22",,"-5.184740","119.445178"
"7371131010003006","7371131010","003","006",,,".","."
"7371131010003007","7371131010","003","007","JL.CHAERUL & JL.RIFKY & JL.SAIFUL",,"-5.184422","119.446735"
"7371131010004001","7371131010","004","001","JL.TALASALAPANG I & JL.SULTAN ALAUDDIN","LORONG 2","-5.179399","119.441103"
"7371131010004002","7371131010","004","002","JL.TALASALAPANG & JL.SULTAN ALAUDDIN",,"-5.181773","119.441303"
"7371131010004003","7371131010","004","003","JL.TALASALAPANG & JL.TALASALAPANG II",,"-5.181323","119.444133"
"7371131010004004","7371131010","004","004","JL.TALASALAPANG",,"-5.181032","119.442295"
"7371131010005001","7371131010","005","001",,,"-5.178457","119.445003"
"7371131010005002","7371131010","005","002",,,"-5.178891","119.445485"
"7371131010005003","7371131010","005","003","JL.TALASALAPANG II",,"-5.180351","119.444873"
"7371131010005004","7371131010","005","004",,,".","."
"7371131010005005","7371131010","005","005","JL.TALASALAPANG II",,"-5.180750","119.444736"
"7371131010005006","7371131010","005","006","JL.TALASALAPANG II",,"-5.180889","119.444636"
"7371131010005007","7371131010","005","007","JL.TALASALAPANG III",,"-5.181232","119.445674"
"7371131010005008","7371131010","005","008",,,".","."
"7371131010005009","7371131010","005","009","JL.TALASALAPANG III",,"-5.180669","119.445869"
"7371131010005010","7371131010","005","010","JL.TALASALAPANG II",,"-5.180824","119.443582"
"7371131010006001","7371131010","006","001","JL.TALASALAPANG II",,"-5.180071","119.442909"
"7371131010006002","7371131010","006","002","JL.TALASALAPANG II",,"-5.179344","119.442106"
"7371131010006003","7371131010","006","003","JL.TALASALAPANG I & JL.MANGASA KOMPLEKS PERMAI",,"-5.178645","119.443176"
"7371131010006004","7371131010","006","004","JL.TALASALAPANG I & JL.MANGASA KOMPLEKS PERMAI",,"-5.178276","119.442654"
"7371131010006005","7371131010","006","005","JL.MANGASA KOMPLEKS PERMAI",,"-5.177731","119.443155"
"7371131010006006","7371131010","006","006",,,".","."
"7371131010006007","7371131010","006","007","JL.TALASALAPANG I & JL.MANGASA KOMPLEKS PERMAI",,"-5.178763","119.442204"
"7371131010007001","7371131010","007","001","JL.AL & AZHAR I & JL.AL & AZHAR II & JL.SULTAN ALAUDDIN","LORONG 3","-5.178456","119.440343"
"7371131010007002","7371131010","007","002","JL.SKARDA N & JL.SULTAN ALAUDDIN","LORONG 3","-5.176965","119.441355"
"7371131010007003","7371131010","007","003","JL.SKARDA N & JL.MONUMEN EMMY SAELAN",,"-5.176023","119.440785"
"7371131010007004","7371131010","007","004",,,".","."
"7371131010007005","7371131010","007","005","JL.SKARDA N & JL.KOMPLEKS SKARDA NORTH",,"-5.176379","119.442968"
"7371131010007006","7371131010","007","006","JL.SKARDA N 2 & JL.SKARDA N 3",,"-5.177415","119.444336"
"7371131010008001","7371131010","008","001","JL.COKONURI RAYA",,"-5.174949","119.439220"
"7371131010008002","7371131010","008","002","JL.COKONURI TENGAH",,"-5.174224","119.439473"
"7371131010008003","7371131010","008","003","JL.MAKKIO BAJI & JL.MAKKIO BAJI I & JL.MAKKIO BAJI V & JL.MAKKIO BAJI VI & JL.MAKKIO BAJI III & JL.COKONURI TENGAH I",,"-5.173499","119.440213"
"7371131010008004","7371131010","008","004","JL.RUTAN & JL.COKONURI RAYA & JL.COKONURI DALAM I & JL.SULTAN ALAUDDIN",,"-5.173684","119.437983"
"7371131010008005","7371131010","008","005","JL.SALEMBA & JL.MONUMEN EMMY SAELAN",,"-5.176260","119.438853"
"7371131010008006","7371131010","008","006","JL.TELKOM & JL.UMUM & JL.RUTAN & JL.A.P.PETTARANI",,"-5.173059","119.435286"
"7371131010009001","7371131010","009","001","JL.UMUM & JL.RUTAN",,"-5.174934","119.435323"
"7371131010009002","7371131010","009","002","JL.UMUM & JL.KOMPLEKS PERMATA SARI",,"-5.174346","119.434061"
"7371131010009003","7371131010","009","003","JL.RUKO & JL.SULTAN ALAUDDIN & JL.RUTAN",,"-5.175241","119.434280"
"7371131011001001","7371131011","001","001","JL.MINASA UPA & JL.SYECH YUSUF",,"-5.189795","119.451066"
"7371131011001002","7371131011","001","002","JL.SYECH YUSUF",,"-5.191141","119.453861"
"7371131011001003","7371131011","001","003","JL.KACONG DAENG LALANG","LORONG 1","-5.190317","119.456351"
"7371131011001004","7371131011","001","004","JL.SALEKOWA RAYA & JL.SALEKOWA RAYA I",,"-5.188434","119.452427"
"7371131011002001","7371131011","002","001","JL.KODAM KATANGKA",,"-5.190268","119.453793"
"7371131011002002","7371131011","002","002","JL.KODAM KATANGKA",,"-5.189754","119.452857"
"7371131011002003","7371131011","002","003","JL.KODAM KATANGKA",,"-5.188829","119.453444"
"7371131011002004","7371131011","002","004","JL.KODAM KATANGKA",,"-5.189711","-51.189711"
"7371131011003001","7371131011","003","001",,,".","."
"7371131011003002","7371131011","003","002","JL.MINASA UPA",,"-5.187976","119.450632"
"7371131011003003","7371131011","003","003","JL.MINASA UPA",,"-5.187188","119.450268"
"7371131011003004","7371131011","003","004","JL.GRIYA MINASA SARI",,"-5.188090","119.449736"
"7371131011004001","7371131011","004","001","JL.MINASA UPA SATU & JL.MINASA UPA",,"-5.186863","119.452124"
"7371131011004002","7371131011","004","002",,,".","."
"7371131011004003","7371131011","004","003",,,".","."
"7371131011004004","7371131011","004","004","JL.MINASA UPA RAYA",,"-5.186735","119.450992"
"7371131011005001","7371131011","005","001","JL.MINASA UPA SATU & JL.MINASA UPA",,"-5.186115","119.452515"
"7371131011005002","7371131011","005","002","JL.MINASA UPA",,"-5.185852","119.453855"
"7371131011005003","7371131011","005","003","JL.MINASA UPA",,"-5.184990","119.453658"
"7371131011005004","7371131011","005","004","JL.MINASA UPA",,"-5.183697","119.454567"
"7371131011005005","7371131011","005","005","JL.MINASA UPA",,"-5.183895","119.455264"
"7371131011005006","7371131011","005","006","JL.MINASA UPA",,"-5.187118","119.454184"
"7371131011006001","7371131011","006","001","JL.MINASA UPA",,"-5.187144","119.455715"
"7371131011006002","7371131011","006","002","JL.MINASA UPA",,"-5.187682","119.455680"
"7371131011006003","7371131011","006","003",,,".","."
"7371131011006004","7371131011","006","004","JL.MINASA UPA",,"-5.188267","119.457353"
"7371131011006005","7371131011","006","005","JL.MINASA UPA",,"-5.189339","119.457262"
"7371131011006006","7371131011","006","006","JL.MINASA UPA M1",,"-5.188694","119.458514"
"7371131011007001","7371131011","007","001",,,".","."
"7371131011007002","7371131011","007","002","JL.MINASA UPA",,"-5.184776","119.456898"
"7371131011007003","7371131011","007","003","JL.MINASA UPA",,"-5.185500","119.456958"
"7371131011007004","7371131011","007","004","JL.MINASA UPA",,"-5.186565","119.456019"
"7371131011008001","7371131011","008","001","JL.MINASA UPA",,"-5.187070","119.457288"
"7371131011008002","7371131011","008","002",,,".","."
"7371131011008003","7371131011","008","003","JL.MINASA UPA",,"-5.186887","119.456874"
"7371131011009001","7371131011","009","001",,,".","."
"7371131011009002","7371131011","009","002","JLMINASA UPA","LORORNG 1","-5.185790","119.458794"
"7371131011009003","7371131011","009","003","JL.MINASA UPA & JL.MINASA UPA M6 & JL.MINASA M9",,"-5.187251","119.458966"
"7371131011009004","7371131011","009","004","JL.MINASA UPA",,"-5.187890","119.458760"
"7371131011009005","7371131011","009","005","JL.MINASA UPA",,"-5.189038","119.459180"
"7371131011010001","7371131011","010","001",,,".","."
"7371131011010002","7371131011","010","002",,,".","."
"7371131011010003","7371131011","010","003","JL.MINASA UPA",,"-5.185489","119.457994"
"7371131011010004","7371131011","010","004",,,".","."
"7371131011010005","7371131011","010","005",,,".","."
"7371131011010006","7371131011","010","006","JL.MINASA UPA","LORONG 2","-5.186311","119.459733"
"7371131011011001","7371131011","011","001","JL.MINASA UPA J1",,"-5.185372","119.459093"
"7371131011011002","7371131011","011","002",,,".","."
"7371131011011003","7371131011","011","003","JL.MINASA UPA J2",,"-5.185029","119.458999"
"7371131011011004","7371131011","011","004","JL.MINASA UPA & JL.MINASA UPA J4",,"-5.184377","119.459353"
"7371131011012001","7371131011","012","001",,,".","."
"7371131011012002","7371131011","012","002","JL.MINASA UPA",,"-5.184272","119.457510"
"7371131011012003","7371131011","012","003",,,".","."
"7371131011012004","7371131011","012","004","JL.MINASA UPA","BLOK E","-5.183502","119.457911"
"7371131011013001","7371131011","013","001","JL.MINASA UPA K2 & JL.MINASA UPA",,"-5.183651","119.460013"
"7371131011013002","7371131011","013","002","JL.MINASA UPA",,"-5.182758","119.460752"
"7371131011013003","7371131011","013","003","JL.MINASA UPA",,"-5.182179","119.460686"
"7371131011013004","7371131011","013","004","JL.MINASA UPA K15 & JL.MINASA UPA K14 & JL.MINASA UPA K13 & JL.MINASA UPA K16",,"-5.181349","119.461769"
"7371141002007002","7371141002","007","002","JL.BIRING ROMANG","LORONG 1 & LORONG 2","-5.120614","119.506464"
"7371131011013005","7371131011","013","005","JL.MINASA UPA & JL.MINASA UPA K17 & JL.AROEPALA",,"-5.179705","119.461869"
"7371131011013006","7371131011","013","006","JL.JINGGA & JL.KUNING & JL.MERAH",,"-5.184168","119.461086"
"7371131011014001","7371131011","014","001","JL.MINASA UPA",,"-5.182079","-51.182079"
"7371131011014002","7371131011","014","002","JL.MINASA UPA","BLOK L5 & L6","-5.181704","119.459007"
"7371131011014003","7371131011","014","003","JL.MINASA UPA L8 & JL.MINASA UPA L7",,"-5.182499","119.458471"
"7371131011014004","7371131011","014","004",,,".","."
"7371131011014005","7371131011","014","005","JL.MINASA UPA & JL.MINASA UPA L19","BLOK F","-5.179973","119.458287"
"7371131011015001","7371131011","015","001","JL.MINASA UPA",,"-5.181618","119.457415"
"7371131011015002","7371131011","015","002","JL.MINASA UPA",,"-5.181146","119.456941"
"7371131011015003","7371131011","015","003","JL.MINASA UPA",,"-5.181323","119.456109"
"7371131011015004","7371131011","015","004","JL.MINASA UPA",,"-5.180701","119.456092"
"7371131011016001","7371131011","016","001","JL.MINASA UPA N1 & JL.MINASA UPA N2 & JL.MINASA UPA N3",,"-5.180958","119.460207"
"7371131011016002","7371131011","016","002","JL.MINASA UPA N14 & JL.MINASA UPA N15",,"-5.180554","119.459303"
"7371131011016003","7371131011","016","003","JLMINASA UPA","BLOK F","-5.179526","119.457900"
"7371131011016004","7371131011","016","004","JL.MINASA UPA N8 & JL.MINASA UPA N9",,"-5.178711","119.459589"
"7371131011016005","7371131011","016","005","JL.MINASA UPA & JL.AROEPALA",,"-5.179682","119.462159"
"7371131011017001","7371131011","017","001","JL.AROEPALA","BLOK AB6","-5.175575","119.462623"
"7371131011017002","7371131011","017","002","JL.AROEPALA",,"-5.175263","119.462773"
"7371141001006002","7371141001","006","002","JL.FALMBOYAN",,"-5.124394","119.495717"
"7371131011017003","7371131011","017","003","JL.MINASA UPA",,"-5.173975","119.462500"
"7371131011017004","7371131011","017","004","JL.MINASA UPA",,"-5.175696","119.461370"
"7371131011017005","7371131011","017","005","JL.MINASA UPA",,"-5.173527","119.463217"
"7371131011017006","7371131011","017","006","JL.AROEPALA","BLOK AB9","-5.176948","119.462291"
"7371131011017007","7371131011","017","007","JL.MINASA UPA",,"-5.174557","119.463102"
"7371131011017008","7371131011","017","008","JL.AROEPALA",,"-5.177380","119.462711"
"7371131011017009","7371131011","017","009","JL.AROEPALA",,"-5.175505","119.460658"
"7371141001001001","7371141001","001","001","JL.PERINTIS KEMERDEKAAN & JL.BONTORAMBA MAKASSAR","LORONG 1 & LORONG 3","-5.127913","119.503063"
"7371141001001002","7371141001","001","002","JL.BONTORAMBA MAKASSAR","LORONG 7","-5.129776","119.504602"
"7371141001001003","7371141001","001","003","JL.PERINTIS KEMERDEKAAN & JL.BONTORAMBA MAKASSAR","LORONG 4 & LORONG 6 & LORONG 8 & LORONG 10 & LORONG 12","-5.128290","119.502025"
"7371141001001004","7371141001","001","004","JL.PERINTIS KEMERDEKAAN & JL.PERINTIS KEMERDEKAAN 18 & JL.BUDI DAYA VIII","LORONG 2 & LORONG 4 & LORONG 6","-5.128958","119.500762"
"7371141001001005","7371141001","001","005","JL.BUDI DAYA VIII & JL.BONTORAMBA MAKASSAR","LORONG 12 & LORONG 14 & LORONG 18","-5.130401","119.503276"
"7371141001001006","7371141001","001","006","JL.BUDI DAYA III & JL.BUDI DAYA VII & JL.BUDI DAYA VIII & JL.BUDI DAYA I",,"-5.130512","119.500843"
"7371141001002001","7371141001","002","001","JL.PERINTIS KEMERDEKAAN",,"-5.127170","119.504290"
"7371141001002002","7371141001","002","002","JL.TELKOMAS",,"-5.127401","119.508723"
"7371141001002003","7371141001","002","003","JL.TELKOMAS",,"-5.125848","119.508075"
"7371141001002004","7371141001","002","004",,,"-5.128462","119.506848"
"7371141001002005","7371141001","002","005","JL.PERINTIS KEMERDEKAAN & JL.TELKOMAS",,"-5.126576","119.506479"
"7371141001008008","7371141001","008","008","JL.TAMALANREA UTARA IV","LORONG 19","-5.131971","119.505018"
"7371141001003001","7371141001","003","001","JL.JALUR LINGKARAN BARAT & JL.PERINTIS KEMERDEKAAN",,"-5.131059","119.497065"
"7371141001003002","7371141001","003","002","JL.JALUR LINGKARAN BARAT",,"-5.127636","119.494426"
"7371141001003003","7371141001","003","003","JL.PERINTIS KEMERDEKAAN & JL.NUSA TAMALANREA INDAH & JL.KARMILA RAYA",,"-5.127320","119.499880"
"7371141001003004","7371141001","003","004","JL.KARMILA RAYA & JL.KARMILA II & JL.KARMILA II A",,"-5.127448","119.497624"
"7371141001003005","7371141001","003","005","JL.AKASIA I & JL.NUSA TAMALANREA INDAH",,"-5.126123","119.497842"
"7371141001004001","7371141001","004","001","JL.PERINTIS KEMERDEKAAN & JL.POROS WESABBE",,"-5.133336","119.496733"
"7371141001004002","7371141001","004","002","JL.PERINTIS KEMERDEKAAN",,"-5.133907","119.498505"
"7371141001004003","7371141001","004","003","JL.POROS WESABBE",,"-5.136731","119.498384"
"7371141001004004","7371141001","004","004",,,"-5.135775","119.498753"
"7371141001004005","7371141001","004","005","JL.TAMALANREA SELATAN 6",,"-5.135151","119.499982"
"7371141001004006","7371141001","004","006","JL.TAMALANREA RAYA & JL.PERINTIS KEMERDEKAAN",,"-5.132490","119.499418"
"7371141001005001","7371141001","005","001","JL.PERINTIS KEMERDEKAAN X",,"-5.139383","119.498027"
"7371141001005002","7371141001","005","002","JL.TAMBASA UTARA II",,"-5.139107","119.499819"
"7371141001005003","7371141001","005","003","JL.POROS WESABBE",,"-5.138254","119.497635"
"7371141001005004","7371141001","005","004","JL.POROS WESABBE",,"-5.137704","119.498619"
"7371141001006001","7371141001","006","001","JL.NUSA TAMALANREA INDAH & JL.FLAMBOYAN",,"-5.125143","119.498255"
"7371141001006003","7371141001","006","003","JL.ANGGREK & JL.ANGGREK 1 & JL.ANGGREK II & JL.MAWAR",,"-5.125596","119.496731"
"7371141001006004","7371141001","006","004","JL.FLAMBOYAN & JL.MAWAR",,"-5.124863","119.494094"
"7371141001006005","7371141001","006","005","JL.MELATI & JL.MAWAR",,"-5.125373","119.495057"
"7371141001007001","7371141001","007","001","JL.TAMALANREA RAYA & JL.KEBAHAGIAAN UTARA",,"-5.134235","119.505961"
"7371141001007002","7371141001","007","002","JL.TAMALANREA UTARA II & JL.TAMALANREA UTARA IV & JL.KEBAHAGIAAN UTARA VII","BLOK A","-5.133578","119.506036"
"7371141001007003","7371141001","007","003","JL.TAMALANREA UTARA IV & JL.KEBAHAGIAAN UTARA VII & JL.KEBAHAGIAAN UTARA IX & JL.KEBAHAGIAAN UTARA XI","BLOK A","-5.132676","119.506584"
"7371141001007004","7371141001","007","004","JL.G.HILLS II & JL.G.HILLS III & JL.G.HILLS IV & JL.TAMALANREA UTARA IV",,"-5.130929","119.507199"
"7371141001007005","7371141001","007","005","JL.KEBAHAGIAAN UTARA XII & JL.KEBAHAGIAAN UTARA XI",,"-5.133360","119.506913"
"7371141001007006","7371141001","007","006","JL.KEBAHAGIAAN UTARA & JL.TAMALANREA RAYA",,"-5.134657","119.506726"
"7371141001007007","7371141001","007","007","JL.KEBAHAGIAAN UTARA 18 & JL.KEBAHAGIAAN TIMUR",,"-5.134411","119.508186"
"7371141001008001","7371141001","008","001","JL.BUDI DAYA I & JL.TAMALANREA RAYA",,"-5.131486","119.500904"
"7371141001008002","7371141001","008","002","JL.TAMALANREA SELATAN VI",,"-5.133870","119.501151"
"7371141001008003","7371141001","008","003","JL.TAMALANREA SELATAN & JL.TAMALANREA RAYA",,"-5.134027","119.502039"
"7371141001008004","7371141001","008","004","JL.TAMALANREA SELATAN & JL.TAMALANREA RAYA",,"-5.133886","119.503888"
"7371141001008005","7371141001","008","005","JL.TAMALANREA SELATAN",,"-5.135268","119.503249"
"7371141001008006","7371141001","008","006","JL.TAMALANREA SELATAN II",,"-5.136026","119.502767"
"7371141001008007","7371141001","008","007","JL.TAMALANREA RAYA",,"-5.131978","119.503042"
"7371141001009001","7371141001","009","001","JL.KEJAYAAN UTARA IV & JL.KEJAYAAN UTARA V",,"-5.136001","119.505763"
"7371141001009002","7371141001","009","002",,,".","."
"7371141001009003","7371141001","009","003","JL.KEJAYAAN UTARA V & JL.TAMALANREA RAYA & JL.KEJAYAAN UTARA RAYA",,"-5.135685","119.506196"
"7371141001009004","7371141001","009","004","JL.KEJAYAAN UTARA V & JL.KEJAYAAN UTARA II & JL.TAMALANREA RAYA",,"-5.134736","119.505323"
"7371141001009005","7371141001","009","005",,,".","."
"7371141001009006","7371141001","009","006","JL.KEJAYAAN UTARA IV",,"-5.135696","119.504712"
"7371141001009007","7371141001","009","007","JL.KEJAYAAN UTARA JAYA & JL.KEJAYAAN SELATAN X",,"-5.137500","119.505564"
"7371141001009008","7371141001","009","008","JL.KEJAYAAN UTARA JAYA & JL.KEJAYAAN SELATAN X",,"-5.136851","119.504468"
"7371141002001001","7371141002","001","001","JL.MANGGA III & JL.DURIAN",,"-5.123599","119.496254"
"7371141002001002","7371141002","001","002","JL.MANGGA",,"-5.120814","119.497273"
"7371141002001003","7371141002","001","003","JL.JALUR LINGKAR BARAT & JL.MANGGA III & JL.DURIAN",,"-5.122878","119.493680"
"7371141002001004","7371141002","001","004","JL.MANGGA I",,"-5.122095","119.496089"
"7371141002001005","7371141002","001","005",,,".","."
"7371141002001006","7371141002","001","006","JL.MANGGA & JL.MANGGA VI",,"-5.121673","119.497615"
"7371141002002001","7371141002","002","001","JL.CEMARA III & JL.CEMARA II & JL.CENDANA","BLOK GE & GF","-5.122064","119.499281"
"7371141002002002","7371141002","002","002",,,".","."
"7371141002002003","7371141002","002","003",,,".","."
"7371141002002004","7371141002","002","004","JL.DURIAN & JL.MANGGIS I & JL.RAMBUTAN",,"-5.124576","119.497644"
"7371141002002005","7371141002","002","005","JL.BAKAU",,"-5.124375","119.498766"
"7371141002002006","7371141002","002","006","JL.BHAYANGKARA & JL.TJ.",,"-5.120864","119.499053"
"7371141002002007","7371141002","002","007",,,".","."
"7371141002002008","7371141002","002","008","JL.BAKAU",,"-5.124713","119.498761"
"7371141002003001","7371141002","003","001","JL.PERINTIS KEMERDEKAAN & JL.NUSA TAMALANREA INDAH & JL.GRIYA ALAM PERMAI",,"-5.126256","119.501849"
"7371141002003004","7371141002","003","004","JL.GRIYA ALAM PERMAI","BLOK H","-5.123070","119.501551"
"7371141002004001","7371141002","004","001","JL.BTN TNI ANGKATAN LAUT",,"-5.116949","119.502627"
"7371141002004002","7371141002","004","002","JL.BTN TNI ANGKATAN LAUT",,"-5.118319","119.502827"
"7371141002004003","7371141002","004","003","JL.BTN TNI ANGKATAN LAUT",,"-5.117604","119.503031"
"7371141002004004","7371141002","004","004","JL.BTN TNI ANGKATAN LAUT",,"-5.116569","119.503469"
"7371141002005001","7371141002","005","001","JL.PERINTIS KEMERDEKAAN & JL.BIRING ROMANG","LORONG 1 & LORONG 2","-5.121518","119.506022"
"7371141002005002","7371141002","005","002","JL.BIRING ROMANG","LORONG 3 & LORONG 4 & LORONG 6","-5.120710","119.504125"
"7371141002005003","7371141002","005","003","JL.BIRING ROMANG","LORONG 6 & LORONG 7 & LORONG 8","-5.120114","119.502583"
"7371141002005004","7371141002","005","004","JL.BIRING ROMANG","LORONG 8 & LORONG 9","-5.119680","119.500991"
"7371141002005005","7371141002","005","005","JL.BIRING ROMANG","LORONG 8","-5.121001","119.501278"
"7371141002005006","7371141002","005","006","JL.AKASIA","LORONG 1","-5.122583","119.500681"
"7371141002005007","7371141002","005","007","JL.BIRING ROMANG",,"-5.118968","119.499273"
"7371141002006001","7371141002","006","001","JL.PERINTIS KEMERDEKAAN & JL.BIRING ROMANG","LORONG 3","-5.121887","119.504381"
"7371141002006002","7371141002","006","002","JL.PERINTIS KEMERDEKAAN","LORONG 3","-5.124002","119.504686"
"7371141002006003","7371141002","006","003",,"LORONG 3","-5.123141","119.503220"
"7371141002007001","7371141002","007","001","JL.PERINTIS KEMERDEKAAN & JL.BIRING ROMANG","LORONG 1","-5.120242","119.508081"
"7371141002007003","7371141002","007","003","JL.BIRING ROMANG",,"-5.119617","119.506832"
"7371141002007004","7371141002","007","004","JL.BIRING ROMANG","LORONG 5","-5.119474","119.504337"
"7371141002007005","7371141002","007","005","JL.BIRING ROMANG","LORONG 11","-5.116943","119.500493"
"7371141003001001","7371141003","001","001","JL.PERINTIS KEMERDEKAAN I",,"-5.140170","119.473756"
"7371141003001002","7371141003","001","002","JL.PERINTIS KEMERDEKAAN & JL.PERINTIS KEMERDEKAAN I",,"-5.141856","119.476442"
"7371141003001003","7371141003","001","003","JL.PERINTIS KEMERDEKAAN & JL.PERINTIS KEMERDEKAAN III",,"-5.141295","119.477781"
"7371141003001004","7371141003","001","004","JL.PERINTIS KEMERDEKAAN & JL.PD.MADINAH",,"-5.140328","119.482304"
"7371141003002001","7371141003","002","001","JL.PERINTIS KEMERDEKAAN III",,"-5.139575","119.476732"
"7371141003002002","7371141003","002","002","JL.PERINTIS KEMERDEKAAN III",,"-5.140220","119.476813"
"7371141003002003","7371141003","002","003","JL.PERINTIS KEMERDEKAAN",,"-5.139762","119.479648"
"7371141003002004","7371141003","002","004","JL.PERINTIS KEMERDEKAAN",,"-5.138609","119.476033"
"7371141003002005","7371141003","002","005","JL.PERINTIS KEMERDEKAAN",,"-5.136992","119.473370"
"7371141003003001","7371141003","003","001","JL.PERINTIS KEMERDEKAAN III",,"-5.138766","119.478668"
"7371141003003002","7371141003","003","002",,,".","."
"7371141003003003","7371141003","003","003","JL.PERINTIS KEMERDEKAAN III",,"-5.137410","119.477389"
"7371141003004001","7371141003","004","001","JL.PERINTIS KEMERDEKAAN III",,"-5.137367","119.478791"
"7371141003004002","7371141003","004","002",,,".","."
"7371141003004003","7371141003","004","003",,,".","."
"7371141003004004","7371141003","004","004","JL.ANTARA RAYA & JL.ANTARA IV & JL.ANTARA I & JL.ANTARA II & JL.ANTARA III",,"-5.136130","119.475157"
"7371141003004005","7371141003","004","005","JL.PERINTIS KEMERDEKAAN",,"-5.135053","119.476934"
"7371141003004006","7371141003","004","006","JL.PERINTIS KEMERDEKAAN",,"-5.137906","119.480421"
"7371141003005001","7371141003","005","001","JL.PERINTIS KEMERDEKAAN VII",,"-5.134920","119.480373"
"7371141003005002","7371141003","005","002","JL.PERINTIS KEMERDEKAAN III",,"-5.134910","119.478777"
"7371141003005003","7371141003","005","003","JL.PERINTIS KEMERDEKAAN VII",,"-5.133852","119.479555"
"7371141003005004","7371141003","005","004",,,"-5.132560","119.478805"
"7371141003005005","7371141003","005","005","JL.POLITEKNIK & JL.STATISTIK",,"-5.131368","119.479556"
"7371141003006001","7371141003","006","001","JL.PENDIDIKAN UNHAS & JL.SAHABAT & JL.H.BADO ELLA",,"-5.124522","119.485877"
"7371141003006002","7371141003","006","002","JL.PENDIDIKAN UNHAS & JL.H.BADO ELLA",,"-5.124152","119.483918"
"7371141003006003","7371141003","006","003","JL.SEJATI KERAKERA & JL.PERJUANGAN",,"-5.123533","119.481328"
"7371141003006004","7371141003","006","004","JL.PERJUANGAN & JL.PENDIDIKAN UNHAS & JL.STATISTIK",,"-5.126924","119.480180"
"7371141003007001","7371141003","007","001","JL.SAHABAT II & JL.PENDIDIKAN UNHAS & JL.SAHABAT RAYA",,"-5.125879","119.488405"
"7371141003007002","7371141003","007","002","JL.SAHABAT RAYA & JL.SAHABAT I & JL.SAHABAT III & JL.SAHABAT V & JL.PENDIDIKAN UNHAS & JL.PINTU II","LORONG 3","-5.126446","119.489615"
"7371141003007003","7371141003","007","003","JL.DAMAI IV & JL.SEJATI & JL.SETUJU & JL.DAMAI","LORONG 3","-5.128156","119.492459"
"7371141003007004","7371141003","007","004","JL.DAMAI IV & JL.DAMAI KAMPUS UNHAS & JL.PINTU II","LORONG 1 A & LORONG 1 B","-5.130842","119.494845"
"7371141003008001","7371141003","008","001","JLPERINTIS KEMERDEKAAN & JL.PERINTIS KEMERDEKAAN IX",,"-5.136847","119.493810"
"7371141003008002","7371141003","008","002","JLPERINTIS KEMERDEKAAN & JL.PERINTIS KEMERDEKAAN IX",,"-5.135107","119.492979"
"7371141003008003","7371141003","008","003","JL.UTAMA UNHAS & JL.PINTU II",,"-5.131662","119.487456"
"7371141003008004","7371141003","008","004","JL.PINTU II & JL.STATISTIK & JL.PINTU I & JL.PERINTIS KEMERDEKAAN",,"-5.138867","119.490596"
"7371141003009001","7371141003","009","001","JL.STATISTIK & JL.PERINTIS KEMERDEKAAN","LORONG 3","-5.139701","119.486763"
"7371141003009002","7371141003","009","002","JL.PERINTIS KEMERDEKAAN & JL.PERINTIS KEMERDEKAAN VII",,"-5.139926","119.484667"
"7371141003009003","7371141003","009","003","JL.PERINTIS KEMERDEKAAN VII",,"-5.137692","119.482008"
"7371141003009004","7371141003","009","004","JL.STATISTIK & JL.TOWERKANJOVANK","LORONG KANJOVANK","-5.135268","119.484061"
"7371141004001001","7371141004","001","001",,,".","."
"7371141004001002","7371141004","001","002","JL.BONTOA INDAH & JL.BARUGA SEJAHTERA & JL.DAMPANG",,"-5.095482","119.470701"
"7371141004001003","7371141004","001","003",,,".","."
"7371141004001004","7371141004","001","004","JL.BONTOA INDAH",,"-5.095829","119.471867"
"7371141004002001","7371141004","002","001",,,"-5.097946","119.471843"
"7371141004002002","7371141004","002","002",,,".","."
"7371141004002003","7371141004","002","003","JL.DAMPANG & JL.BARUGA SEJAHTERA",,"-5.096749","119.470322"
"7371141004002004","7371141004","002","004","JL.DAMPANG",,"-5.097880","119.469671"
"7371141004002005","7371141004","002","005","JL.SUNU",,"-5.099829","119.471195"
"7371141004003001","7371141004","003","001","JL.DAMPANG & JL.IR.SUTAMI",,"-5.095606","119.469639"
"7371141004003002","7371141004","003","002",,,".","."
"7371141004003003","7371141004","003","003","JL.IR.SUTAMI",,"-5.098358","119.465967"
"7371141004004001","7371141004","004","001","JL.DAMPANG & JL.IR.SUTAMI",,"-5.092422","119.470222"
"7371141004004002","7371141004","004","002","JL.PU & JL.IR.SUTAMI",,"-5.087594","119.470110"
"7371141004004003","7371141004","004","003","JL.DAMPANG & JL.IR.SUTAMI",,"-5.094255","119.469162"
"7371141004004004","7371141004","004","004","JL.DAMPANG",,"-5.094469","119.471277"
"7371141004005001","7371141004","005","001","JL.IR.SUTAMI",,"-5.089413","119.476927"
"7371141004005002","7371141004","005","002","JL.IR.SUTAMI",,"-5.090662","119.477656"
"7371141004005003","7371141004","005","003","JL.JALUR LINGKARAN BARAT",,"-5.098333","119.476671"
"7371141004006001","7371141004","006","001","JL.IR.SUTAMI",,"-5.098420","119.456494"
"7371141004006002","7371141004","006","002","JL.IR.SUTAMI & JL.TOL LAMA",,"-5.109595","119.458779"
"7371141005001001","7371141005","001","001","JL.DAENG QALILA & JL.IR.SUTAMI",,"-5.083256","119.486040"
"7371141005001002","7371141005","001","002","JL.DAENG QALILA & JL.IR.SUTAMI & JL.H.HALIDE DG.TINRI",,"-5.082978","119.482788"
"7371141005001003","7371141005","001","003","JL.H.HALIDE DG.TINRI",,"-5.086290","119.482840"
"7371141005001004","7371141005","001","004","JL.LANTEBUNG",,"-5.085162","119.479445"
"7371141005001005","7371141005","001","005","JL.IR.SUTAMI & JL.KIMA XVII",,"-5.088773","119.491136"
"7371141005002001","7371141005","002","001","JL.IR.SUTAMI",,"-5.086201","119.492172"
"7371141005002002","7371141005","002","002","JL.IR.SUTAMI",,"-5.083868","119.492479"
"7371141005002003","7371141005","002","003","JL.IR.SUTAMI",,"-5.084371","119.489750"
"7371141005002004","7371141005","002","004","JL.KIMA XIX & JL.BORONG JATIA & JL.IR.SUTAMI","LORONG KARAMAT","-5.087255","119.498073"
"7371141005002005","7371141005","002","005","JL.DAENG QALIA",,"-5.077988","119.484578"
"7371141005003001","7371141005","003","001","JL.KIMA XVI & JL.KIMA XVII",,"-5.093414","119.495980"
"7371141005003002","7371141005","003","002","JL.KAPASA RAYA & JL.KW.PERGUDANGAN DAN INDUSTRI PARANG LOE","BLOK A1 & BLOK A3 & BLOK A4 & BLOK B1 & BLOK B2 & BLOK B3 & BLOK B4 & BLOK B6 & BLOK C1 & BLOK C2 & BLOK C3 & BLOK F1 & BLOK F2 & BLOK F3 & BLOK F4 & BLOK F5 & BLOK E1 & BLOK E2 & BLOK D1 & BLOK D2 & BLOK D3","-5.095847","119.491621"
"7371141005003003","7371141005","003","003","JL.KAPASA RAYA",,"-5.093720","119.489394"
"7371141005003004","7371141005","003","004",,,"-5.096763","119.486899"
"7371141005003005","7371141005","003","005",,,"-5.095742","119.486994"
"7371141005003006","7371141005","003","006","JL.KAPASA RAYA","BLOK A & BLOK D & BLOK E & BLOK C & D & BLOK C & G","-5.094534","119.485615"
"7371141005004001","7371141005","004","001","JL.IR.SUTAMI & JL.PU & JL.LANTEBUNG & JL.TABAKKA",,"-5.088247","119.478029"
"7371141005004002","7371141005","004","002","JL.IR.SUTAMI & JL.LANTEBUNG & JL.KOMP.BIRA",,"-5.087736","119.481106"
"7371141005004003","7371141005","004","003","JL.LORONG MATTOANGIN 3",,"-5.084283","119.480180"
"7371141005004004","7371141005","004","004","JL.LANTEBUNG & JL.LORONG MATTOANGIN 4",,"-5.082484","119.478539"
"7371141005005001","7371141005","005","001","JL.IR.SUTAMI",,"-5.092135","119.476576"
"7371141005005002","7371141005","005","002","JL.IR.SUTAMI",,"-5.091432","119.479300"
"7371141005005003","7371141005","005","003","JL.IR.SUTAMI & JL.MULA BARU & JL.KAPASA RAYA",,"-5.090206","119.482525"
"7371141005005004","7371141005","005","004","JL.MULA BARU",,"-5.091767","119.481958"
"7371141005006001","7371141005","006","001","JL.LANTEBUNG","LORONG 1","-5.082215","119.471837"
"7371141005006002","7371141005","006","002","JL.LANTEBUNG","LORONG 2 & LORONG 3","-5.080624","119.466263"
"7371141005006003","7371141005","006","003",,,"-5.077003","119.471704"
"7371141006001001","7371141006","001","001",,,".","."
"7371141006001002","7371141006","001","002",,,".","."
"7371141006001003","7371141006","001","003","JL.BUNG","LORONG 8","-5.144827","119.487582"
"7371141006001004","7371141006","001","004","JL.PERINTIS KEMERDEKAAN & JL.MASJID H. SULAIMAN",,"-5.144346","119.484089"
"7371141006001005","7371141006","001","005","JL.PERINTIS KEMERDEKAAN","BLOK A & BLOK B & BLOK C & BLOK D & BLOK E & BLOK F & BLOK G & BLOK H & BLOK J & BLOK K & BLOK M","-5.142579","119.481272"
"7371141006001006","7371141006","001","006","JL.PERINTIS KEMERDEKAAN",,"-5.143948","119.476450"
"7371141006002001","7371141006","002","001","JL.PERINTIS KEMERDEKAAN IV","LORONG DG RAHANA & LORONG 8 & LORONG 10 & LORONG KECIL & LORONG 6","-5.144201","119.489489"
"7371141006002002","7371141006","002","002","JL.PERINTIS KEMERDEKAAN IV & JL.PERINTIS KEMERDEKAAN VI","LORONG 1","-5.141898","119.491926"
"7371141006002003","7371141006","002","003","JL.BUNG","LORONG 9 & LORONG 10","-5.143550","119.488070"
"7371141006002004","7371141006","002","004",,,".","."
"7371141006002005","7371141006","002","005","JL.PERINTIS KEMERDEKAAN IV",,"-5.141794","119.489874"
"7371141006002006","7371141006","002","006","JL.KOWIHAN III & JL.PERINTIS KEMERDEKAAN IV & JL.BUNG","LORONG B1 & LORONG B2 & LORONG B3 & LORONG B4 & LORONG B5 & LORONGB6","-5.146459","119.490574"
"7371141006003001","7371141006","003","001","JL.PERINTIS KEMERDEKAAN & JL.PERINTIS KEMERDEKAAN VIII","LORONG 2 & LORONG 3","-5.140013","119.493351"
"7371141006003002","7371141006","003","002","JL.PERUMAHAN DOSEN UNHAS",,"-5.139967","119.495936"
"7371141006004001","7371141006","004","001","JL.ADAM SMITH & JL.MESJID AL IKHLAS & JL.JAMES WATT",,"-5.144462","119.495516"
"7371141006004002","7371141006","004","002",,,".","."
"7371141006004003","7371141006","004","003","JL.ALEXANDRE MENDELL & JL.LOUIS PASTEOUR",,"-5.144982","119.497508"
"7371141006005001","7371141006","005","001","JL.PERINTIS KEMERDEKAAN",,"-5.136775","119.495686"
"7371141006005002","7371141006","005","002","JL.PERINTIS KEMERDEKAAN",,"-5.137661","119.496121"
"7371141006005003","7371141006","005","003","JL.PERINTIS KEMERDEKAAN",,"-5.138788","119.494704"
"7371141006006001","7371141006","006","001","JL.TAMBASA I & JL.TAMBASA II & JL.ALEXANDRE MENDELL & JL.LOUIS PASTEUR",,"-5.146693","119.499761"
"7371141006006002","7371141006","006","002","JL.NURULHAQ & JL.MOH.ILYAS",,"-5.137811","119.502081"
"7371141006006003","7371141006","006","003","JL.SABILIL HAQ",,"-5.140412","119.503406"
"7371141006006004","7371141006","006","004","JL.WILBUR WRIGHT & JL.GRAHAM BELL & JL.KARL KENZ & JL.HENRY FORD",,"-5.147956","119.497166"
"7371141006006005","7371141006","006","005","JL.TAMBASA & JL.TAMBASA V & JL.THOMAS A.EDISON",,"-5.145414","119.504505"
"7371141006006006","7371141006","006","006","JL.ACHMAD EFFENDY",,"-5.148153","119.492846"
"7371141006007001","7371141006","007","001",,,".","."
"7371141006007002","7371141006","007","002","JL.BUNG V",,"-5.146984","119.488645"
"7371141006007003","7371141006","007","003",,,"-5.146710","119.487621"
"7371141006007004","7371141006","007","004","JL.BUNG",,"-5.148112","119.487317"
"7371141006007005","7371141006","007","005","JL.BUNG",,"-5.148549","119.488598"
"7371141006007006","7371141006","007","006","JL.BUNG",,"-5.148774","119.486550"
"7371141006008001","7371141006","008","001",,,".","."
"7371141006008002","7371141006","008","002",,,".","."
"7371141006008003","7371141006","008","003","JL.PERINTIS KEMERDEKAAN & JL.ARCHIMEDES",,"-5.142686","119.496129"
"7371141006009001","7371141006","009","001","JL.AL BIRUNI & JL.MOH.ILYAS",,"-5.140794","119.499423"
"7371141006009002","7371141006","009","002",,,".","."
"7371141006009003","7371141006","009","003","JL.PROF.S.R.NUR & JL.PROF.DR.MATTULADA",,"-5.143566","119.497034"
"7371141006009004","7371141006","009","004","JL.IBNU KHALDUN & JL.TAMBASA VII",,"-5.143490","119.501233"
"7371141006010001","7371141006","010","001",,,".","."
"7371141006010002","7371141006","010","002",,,".","."
"7371141006010003","7371141006","010","003","JL.RONALD ROSE & JL.TAMBASA SELATAN",,"-5.145974","119.498100"
"7371141007001001","7371141007","001","001","JL.JAYA BUNTUSU & JL.NUSA HARAPAN PERMAI & JL.KEDAMAIAN SELATAN",,"-5.142793","119.515586"
"7371141007001002","7371141007","001","002",,,"-5.139999","119.516543"
"7371141007002001","7371141007","002","001","JL.KEINDAHAN II & JL.KEINDAHAN I & JL.LANIANG & JL.TAMALANREA RAYA",,"-5.137178","119.516773"
"7371141007002002","7371141007","002","002","JL.KEINDAHAN III & JL.KEINDAHAN V & JL.KEINDAHAN XII",,"-5.137445","119.517916"
"7371141007002003","7371141007","002","003","JL.KEINDAHAN I & JL.KEINDAHAN II & JL.LANIANG & JL.KEINDAHAN XIII",,"-5.135760","119.517799"
"7371141007002004","7371141007","002","004","JL.KEINDAHAN VII & JL.KEINDAHAN IX & JL.KEINDAHAN X & JL.KEINDAHAN XI & JL.KEINDAHAN XIII",,"-5.137322","119.518956"
"7371141007002005","7371141007","002","005","JL.KEINDAHAN VII & JL.KEINDAHAN VIII & JL.KEINDAHAN IX & JL.TAMALANREA RAYA",,"-5.138186","119.518789"
"7371141007002006","7371141007","002","006","JL.TAMALANREA RAYA",,"-5.138337","119.517192"
"7371141007002007","7371141007","002","007","JL.TAMALANREA RAYA",,"-5.138829","119.516530"
"7371141007003001","7371141007","003","001","JL.BANGKALA RAYA & JL.TAMALANREA RAYA",,"-5.135824","119.512701"
"7371141007003002","7371141007","003","002","JL.BANGKALA RAYA & JL.KEMULIAAN",,"-5.134672","119.513934"
"7371141007003003","7371141007","003","003","JL.KEMULIAAN & JL.TAMALANREA RAYA & JL.LAINANG","LORONG 7 BANGKALA & LORONG KB","-5.136709","119.515318"
"7371141007004001","7371141007","004","001","JL.KESENANGAN VI & JL.KESENANGAN VII",,"-5.138463","119.512805"
"7371141007004002","7371141007","004","002","JL.KESENANGAN II",,"-5.138282","119.514101"
"7371141007004003","7371141007","004","003","JL.KESENANGAN II & JL.TAMALANREA RAYA & JL.KESENANGAN RAYA & JL.KESENANGAN V",,"-5.137675","119.513490"
"7371141007004004","7371141007","004","004","JL.KESENANGAN RAYA & JL.KESENANGAN V",,"-5.139058","119.514165"
"7371141007005001","7371141007","005","001",,,".","."
"7371141007005002","7371141007","005","002","JL.KESENANGAN RAYA","BLOK F","-5.140173","119.512654"
"7371141007005003","7371141007","005","003","JL.KESENANGAN RAYA","BLOK F","-5.139773","119.513973"
"7371141007005004","7371141007","005","004",,,".","."
"7371141007005005","7371141007","005","005",,,".","."
"7371141007005006","7371141007","005","006","JL.KEDAMAIAN SELATAN VIII & JL.KEDAMAIAN RAYA","BLOK A & E","-5.141210","119.512905"
"7371141007005007","7371141007","005","007","JL.KEDAMAIAN SELTAN IX","BLOK F","-5.140490","119.514426"
"7371141007005008","7371141007","005","008","JL.KEDAMAIAN RAYA","BLOK G","-5.141468","119.512973"
"7371141007006001","7371141007","006","001","JL.KERUKUNAN SELATAN XII","BLOK H","-5.143738","119.511563"
"7371141007006002","7371141007","006","002","JL.KERUKUNAN TIMUR",,"-5.141168","119.511191"
"7371141007006003","7371141007","006","003",,,".","."
"7371141007006004","7371141007","006","004","JL.KERUKUNAN SELATAN XII",,"-5.142544","119.512034"
"7371141007007001","7371141007","007","001","JL.KERUKUNAN SELATAN I & JL.KERUKUNAN SELATAN V",,"-5.142945","119.509192"
"7371141007007002","7371141007","007","002","JL.KERUKUNAN SELATAN",,"-5.144168","119.508766"
"7371141007007003","7371141007","007","003","JL.KERUKUNAN SELATAN & JL.KERUKUNAN SELATAN V",,"-5.143617","119.509399"
"7371141007007004","7371141007","007","004","JL.KERUKUNAN SELATAN & JL.KERUKUNAN SELATAN XII","BLOK H","-5.143249","119.510335"
"7371141007007005","7371141007","007","005","JL.KERUKUNAN SELATAN","BLOK H","-5.144163","195.510280"
"7371141007008001","7371141007","008","001","JL.TAMALANREA SELATAN VI & JL.KESEJAHTERAAN TIMUR I",,"-5.134635","119.511144"
"7371141007008002","7371141007","008","002","JL.TAMALANREA SELATAN VI",,"-5.133156","119.511451"
"7371141007008003","7371141007","008","003","JL.KESEJAHTERAAN TIMUR II",,"-5.134704","119.509452"
"7371141007008004","7371141007","008","004","JL.KESEJAHTERAAN TIMUR & JL.KESEJAHTERAAN TIMUR II",,"-5.135357","119.509155"
"7371141007008005","7371141007","008","005","JL.KEBAHAGIAAN TIMUR",,"-5.134373","119.509310"
"7371141007008006","7371141007","008","006","JL.KEBAHAGIAAN TIMUR",,"-5.133910","119.509029"
"7371141007008007","7371141007","008","007","JL.TAMALANREA SELATAN VI",,"-5.133578","119.511111"
"7371141007008008","7371141007","008","008",,,".","."
"7371141007008009","7371141007","008","009","JL.TAMALANREA SELATAN VI",,"-5.134035","119.510321"
"7371141007009001","7371141007","009","001","JL.KESEJAHTERAAN SELATAN & JL.KESEJAHTERAAN SELATAN II & JL.KESEJAHTERAAN SELATAN VIII",,"-5.136138","119.509262"
"7371141007009002","7371141007","009","002","JL.KESEJAHTERAAN SELATAN & JL.KESEJAHTERAAN SELATAN II & JL.KESEJAHTERAAN SELATAN VIII & JL.BANGKALA RAYA",,"-5.136466","119.511030"
"7371141007009003","7371141007","009","003","JL.BANGKALA RAYA & JL.KESEJAHTERAAN SELATAN II",,"-5.135766","119.510986"
"7371141007009004","7371141007","009","004","JL.KESEJAHTERAAN SELATAN II",,"-5.135775","119.509341"
"7371141007009005","7371141007","009","005","JL.TAMALANREA RAYA",,"-5.137295","119.509746"
"7371141007010001","7371141007","010","001","JLKEDAMAIAN SELATAN RAYA & JL.KERUKUNAN TIMUR",,"-5.140193","119.511331"
"7371141007010002","7371141007","010","002","JLKERUKUNAN RAYA & JL.KERUKUNAN TIMUR & JL.KESENANGAN RAYA",,"-5.139473","119.511432"
"7371141007010003","7371141007","010","003","JL.KERUKUNAN RAYA","BLOK G","-5.138503","119.510004"
"7371141007010004","7371141007","010","004","JL.KERUKUNAN RAYA & JL.KESENANGAN RAYA & JL.KEJAYAAN TIMUR RAYA & JL.TAMALANREA RAYA","BLOK G","-5.138272","119.511855"
"7371141007010005","7371141007","010","005","JL.KERUKUNAN TIMUR XXIX & JL.KERUKUNAN TIMUR XXX",,"-5.140714","119.511436"
"7371141007010006","7371141007","010","006","JL.KERUKUNAN XVI",,"-5.141146","119.509856"
"7371141007011001","7371141007","011","001",,,".","."
"7371141007011002","7371141007","011","002",,,".","."
"7371141007011003","7371141007","011","003",,,".","."
"7371141007011004","7371141007","011","004",,,".","."
"7371141007011005","7371141007","011","005",,,".","."
"7371141007011006","7371141007","011","006",,,".","."
"7371141007011007","7371141007","011","007",,,".","."
"7371141007011008","7371141007","011","008","JL.KERUKUNAN TIMUR III & JL.KERUKUNAN TIMUR XVI",,"-5.140976","119.509151"
"7371141007011009","7371141007","011","009","JL.KERUKUNAN TIMUR II",,"-5.141373","119.508508"
"7371141007011010","7371141007","011","010","JL.KERUKUNAN TIMUR XVI",,"-5.142032","119.509360"
"7371141007011011","7371141007","011","011","JL.KERUKUNAN SELATAN I",,"-5.142338","119.509594"
"7371141007012001","7371141007","012","001","JL.KEJAYAAN RAYA & JL.KEJAYAAN TIMUR RAYA & JL.KERUKUNAN I & JL.KEJAYAAN TIMUR X & JL.KEDAMAIAN SELATAN",,"-5.137236","119.507038"
"7371141007012002","7371141007","012","002","JL.KEJAYAAN TIMUR RAYA & JL.KEJAYAAN TIMUR RAYA VI",,"-5.137937","119.508297"
"7371141007012003","7371141007","012","003","JL.KEJAYAAN TIMUR & JL.KEJAYAAN TIMUR III & JL.KEJAYAAN TIMUR IV",,"-5.137899","119.507526"
"7371141007012004","7371141007","012","004","JL.KEJAYAAN TIMUR V & JL.KEJAYAAN TIMUR X & JL.KEJAYAAN TIMUR IV",,"-5.138471","119.507867"
"7371141007012005","7371141007","012","005",,,".","."
"7371141007012006","7371141007","012","006","JL.KEJAYAAN TIMUR VII & JL.KEJAYAAN TIMUR RAYA",,"-5.138555","119.509292"
"7371141007012007","7371141007","012","007","JL.TAMALANREA RAYA",,"-5.136849","119.507999"
"7371141007013001","7371141007","013","001","JL.KEDAMAIAN SELATAN II & JL.KEJAYAAN TIMUR V",,"-5.138921","119.507838"
"7371141007013002","7371141007","013","002","JL.KERUKUNAN BARAT IV & JL.KERUKUNAN TIMUR V",,"-5.140042","119.508157"
"7371141007013003","7371141007","013","003","JL.KERUKUNAN BARAT IV & JL.KERUKUKAN BARAT III & JL.KEJAYAAN SELATAN I & JL.KERUKUNAN BARAT RAYA & JL.KEJAYAAN SELATAN RAYA",,"-5.139791","119.507234"
"7371141007013004","7371141007","013","004","JL.KERUKUNAN BARAT XI",,"-5.140190","119.505707"
"7371141007013005","7371141007","013","005","JL.KERUKUNAN BARAT XI",,"-5.140067","119.506268"
"7371141007013006","7371141007","013","006","JL.KERUKUNAN BARAT XIX & JL.KERUKUNAN TIMUR V",,"-5.141597","119.508181"
"7371141007013007","7371141007","013","007",,,".","."
"7371141007013008","7371141007","013","008","JL.KEJAYAAN SELATAN RAYA & JL.KERUKUNAN BARA T XV",,"-5.140858","119.506948"
"7371141007013009","7371141007","013","009","JL.KERUKUNAN BARAT & JL.KERUKUNAN BARAT XXVIII & JL.KERUKUNAN BARAT XXVI",,"-5.141332","119.506053"
"7371141007013010","7371141007","013","010","JL.KERUKUNAN BARAT XIX",,"-5.142218","119.507829"
"7371141007014001","7371141007","014","001",,,".","."
"7371141007014002","7371141007","014","002","JL.KESEJAHTERAAN & JL.KEJAYAAN SELATAN II",,"-5.138299","119.504662"
"7371141007014003","7371141007","014","003","JL.KEJAYAAN SELATAN III & JL.KEJAYAAN SELATAN II",,"-5.138620","119.505135"
"7371141007014004","7371141007","014","004",,,".","."
"7371141007014005","7371141007","014","005",,,".","."
"7371141007014006","7371141007","014","006","JL.KEJAYAAN SELATAN III & JL.KEJAYAAN SELATAN VIII & JL.KEJAYAAN SELATAN IX",,"-5.139565","119.505698"
"7371141007014007","7371141007","014","007","JL.KEJAYAAN SELATAN XVII & JL.KEJAYAAN SELATAN XVIII & JL.KEJAYAAN SELATAN XIX",,"-5.140186","119.505096"
"7371141008001001","7371141008","001","001","JL.KAPASA RAYA & JL.KW.PERGUDANGAN DAN INDUSTRI PARANGLOE",,"-5.097591","119.494664"
"7371141008001002","7371141008","001","002","JL.KAPASA BARU & JL.KAPASA RAYA","LORONG 2","-5.101213","119.494881"
"7371141008001003","7371141008","001","003","JL.KAPASA BARU",,"-5.101984","119.493054"
"7371141008001004","7371141008","001","004","JL.KAPASA BARU & JL.KAPASA RAYA",,"-5.102584","119.497128"
"7371141008001005","7371141008","001","005","JL.KAPASA BARU",,"-5.100744","119.489621"
"7371141008002001","7371141008","002","001",,,".","."
"7371141008002002","7371141008","002","002",,,".","."
"7371141008002003","7371141008","002","003","JL.KAPASA BARU",,"-5.103309","119.494042"
"7371141008002004","7371141008","002","004","JL.KAPASA BARU",,"-5.104523","119.494009"
"7371141008002005","7371141008","002","005","JL.KAPASA BARU",,"-5.105429","119.493073"
"7371141008003001","7371141008","003","001","JL.BATUDOANG RAYA & JL.BATUDDANG I",,"-5.107103","119.490803"
"7371141008003002","7371141008","003","002",,,".","."
"7371141008003003","7371141008","003","003","JL.BATUDOANG RAYA",,"-5.107784","119.487881"
"7371141008003004","7371141008","003","004","JL.BATUDOANG RAYA","LORONG 1","-5.106444","119.489565"
"7371141008003005","7371141008","003","005","JL.BATUDOANG RAYA & JL.BATUDDANG I & JL.BATUDDANG II","LORONG 2 & LORONG 4 & LORONG 5","-5.106287","119.490546"
"7371141008003006","7371141008","003","006","JL.JALUR LINGKARAN BARAT",,"-5.115283","119.494221"
"7371141008004001","7371141008","004","001",,,".","."
"7371141008004002","7371141008","004","002",,,".","."
"7371141008004003","7371141008","004","003","JL.KAPASA RAYA",,"-5.105557","119.494396"
"7371141008004004","7371141008","004","004","JL.KIMA X",,".","."
"7371141008005001","7371141008","005","001","JL.BONTOLOE",,"-5.112656","119.498917"
"7371141008005002","7371141008","005","002",,,".","."
"7371141008005003","7371141008","005","003",,,".","."
"7371141008005004","7371141008","005","004","JL.BONTOLOE",,"-5.113112","119.498304"
"7371141008005005","7371141008","005","005","JL.BONTOLOE","LORONG 10","-5.112232","119.497777"
"7371141008006001","7371141008","006","001","JL.KAPASA BARU","LORONG 2","-5.105087","119.490807"
"7371141008006002","7371141008","006","002","JL.KAPASA BARU",,"-5.103378","119.491789"
"7371141008006003","7371141008","006","003","JL.KAPASA BARU",,"-5.102802","119.490488"
"7371141008006004","7371141008","006","004",,,".","."
"7371141008006005","7371141008","006","005","JL.KAPASA BARU","LORONG 4 & LORONG 5","-5.105196","119.490280"
"7371141008006006","7371141008","006","006","JL.KAPASA BARU",,"-5.103983","119.489985"
"7371141008007001","7371141008","007","001","JL.BONTOLOE & JL.BONTOLOE BARU & JL.PENDIDIKAN","LORONG 4 & LORONG BUGIS","-5.113614","119.500933"
"7371141008007002","7371141008","007","002","JL.BONTOLOE & JL.KIMA","LORONG 3 & LORONG 5 & LORONG 7","-5.114219","119.499809"
"7371151001001001","7371151001","001","001",,,"…….…………..","……….………….."
"7371151001002003","7371151001","002","003",,,"…….…………..","……….………….."
"7371151001003001","7371151001","003","001",,,"…….…………..","……….………….."
"7371151001003002","7371151001","003","002",,,"…….…………..","……….………….."
"7371151001003003","7371151001","003","003",,,"…….…………..","……….………….."
"7371151001004001","7371151001","004","001",,,"…….…………..","……….………….."
"7371151001004002","7371151001","004","002",,,"…….…………..","……….………….."
"7371151001004003","7371151001","004","003",,,"…….…………..","……….………….."
"7371151001004004","7371151001","004","004",,,"…….…………..","……….………….."
"7371151001005001","7371151001","005","001",,,"…….…………..","……….………….."
"7371151001005002","7371151001","005","002",,,"…….…………..","……….………….."
"7371151001005003","7371151001","005","003",,,"…….…………..","……….………….."
"7371151001005004","7371151001","005","004",,,"…….…………..","……….………….."
"7371151001005005","7371151001","005","005",,,"…….…………..","……….………….."
"7371151002001001","7371151002","001","001",,,"-5.049218","119.327716"
"7371151002001002","7371151002","001","002",,,"-5.050153","119.327695"
"7371151002001003","7371151002","001","003",,,"-5.051206","119.328248"
"7371151002001004","7371151002","001","004",,,"-5.050819","119.328411"
"7371151002001005","7371151002","001","005",,,"-5.049840","119.328475"
"7371151002002001","7371151002","002","001",,,"-5.051288","119.329583"
"7371151002002002","7371151002","002","002",,,"-5.050812","119.329583"
"7371151002002003","7371151002","002","003",,,"-5.050197","119.330157"
"7371151002002004","7371151002","002","004",,,"-5.049759","119.329277"
"7371151002002005","7371151002","002","005",,,"-5.048589","119.329910"
"7371151002003001","7371151002","003","001",,,"-5.047125","119.330978"
"7371151002003002","7371151002","003","002",,,"-5.047729","119.330307"
"7371151002003003","7371151002","003","003",,,"-5.046922","119.330404"
"7371151002003004","7371151002","003","004",,,"-5.047082","119.329610"
"7371151002003005","7371151002","003","005",,,"-5.046211","119.330125"
"7371151002003006","7371151002","003","006",,,"-5.045832","119.329637"
"7371151002004001","7371151002","004","001",,,"-5.047040","119.328859"
"7371151002004002","7371151002","004","002",,,"-5.046667","119.328350"
"7371151002004003","7371151002","004","003",,,"-5.047758","119.328047"
"7371151002004004","7371151002","004","004",,,"-5.048108","119.327594"
"7371151002004005","7371151002","004","005",,,"-5.048768","119.327937"
"7371151003001001","7371151003","001","001",,,"-5.150026","119.265139"
"7371151003001002","7371151003","001","002",,,"-5.150598","119.264330"
"7371151003001003","7371151003","001","003",,,"-5.150010","119.264463"
"7371151003002001","7371151003","002","001",,,"-5.149358","119.265396"
"7371151003002002","7371151003","002","002",,,"-5.148187","119.265709"
"7371151003002003","7371151003","002","003",,,"-5.147025","119.266329"
"7371151003003001","7371151003","003","001",,,"-5.145820","119.265620"
"7371151003003002","7371151003","003","002",,,"-5.146198","119.265534"
"7371151003003003","7371151003","003","003",,,"-5.146666","119.265182"
"7371151003004001","7371151003","004","001",,,"-5.145758","119.264239"
"7371151003004002","7371151003","004","002",,,"-5.146137","119.263386"
"7371151003005001","7371151003","005","001",,,"-5.146816","119.263091"
"7371151003005002","7371151003","005","002",,,"-5.147099","119.264593"
"7371151003006001","7371151003","006","001",,,"-5.149436","119.264130"
"7371151003006002","7371151003","006","002",,,"-5.148421","119.263705"
"7371151003006003","7371151003","006","003",,,"-5.148207","119.264279"
"7371051005001002","7371051005","001","002","JL.KYAI H AGUS SALIM",,"-5.128677","119.415352"
"7371071006001002","7371071006","001","002",,,"-5.121908","119.465314"
